feedback_id,order_id,customer_id,rating,feedback_date,satisfaction_category,comments
1,1,1250,5,2024-03-18,Very Positive,Vehicle delivered in showroom condition. Very impressed with the quick turnaround!
2,2,73,5,2024-01-19,Very Positive,Vehicle delivered in showroom condition. Very impressed with the quick turnaround!
3,3,1585,2,2024-01-18,Negative,Delivery took over a week past the promised date. Very stressful experience.
4,4,1261,2,2024-01-20,Negative,Delayed transit by several days with vague tracking updates.
5,6,1250,4,2024-03-31,Positive,Seamless delivery experience and fantastic performance so far.
6,7,654,4,2024-03-16,Positive,"Delivery on schedule, vehicle is spotless and driving like a dream."
7,8,1133,3,2024-02-07,Neutral,"Delivery arrived as scheduled, minor paperwork delay at hand-off."
8,9,554,4,2024-03-09,Positive,"Excellent vehicle, smooth delivery process. Highly recommend New Wheels."
9,10,1352,4,2024-03-03,Positive,Arrived earlier than promised! Driver was courteous and professional.
10,11,876,5,2024-03-29,Very Positive,"Excellent vehicle, smooth delivery process. Highly recommend New Wheels."
11,12,488,5,2024-03-08,Very Positive,Arrived earlier than promised! Driver was courteous and professional.
12,13,1581,5,2024-02-23,Very Positive,Arrived earlier than promised! Driver was courteous and professional.
13,14,1140,5,2024-03-09,Very Positive,"Excellent vehicle, smooth delivery process. Highly recommend New Wheels."
14,16,531,5,2024-01-15,Very Positive,Vehicle delivered in showroom condition. Very impressed with the quick turnaround!
15,17,157,1,2024-03-18,Very Negative,Terrible logistics breakdown. Had to rent a car due to unannounced delivery delays.
16,18,603,1,2024-03-12,Very Negative,Horrible experience! Promised delivery date missed repeatedly. Will not purchase again.
17,20,1244,5,2024-03-15,Very Positive,Arrived earlier than promised! Driver was courteous and professional.
18,21,1533,5,2024-02-07,Very Positive,"Delivery on schedule, vehicle is spotless and driving like a dream."
19,22,858,5,2024-02-05,Very Positive,Vehicle delivered in showroom condition. Very impressed with the quick turnaround!
20,23,304,4,2024-02-29,Positive,Seamless delivery experience and fantastic performance so far.
21,24,50,4,2024-01-10,Positive,Vehicle delivered in showroom condition. Very impressed with the quick turnaround!
22,25,690,4,2024-02-21,Positive,"Excellent vehicle, smooth delivery process. Highly recommend New Wheels."
23,26,1434,5,2024-02-14,Very Positive,"Excellent vehicle, smooth delivery process. Highly recommend New Wheels."
24,27,1205,3,2024-02-03,Neutral,Vehicle is solid. Transit took the full promised duration.
25,28,570,1,2024-01-29,Very Negative,Terrible logistics breakdown. Had to rent a car due to unannounced delivery delays.
26,29,1544,5,2024-02-09,Very Positive,Vehicle delivered in showroom condition. Very impressed with the quick turnaround!
27,30,400,5,2024-03-17,Very Positive,"Excellent vehicle, smooth delivery process. Highly recommend New Wheels."
28,31,1467,3,2024-02-12,Neutral,"Delivery arrived as scheduled, minor paperwork delay at hand-off."
29,32,670,5,2024-02-06,Very Positive,"Delivery on schedule, vehicle is spotless and driving like a dream."
30,33,1283,4,2024-03-30,Positive,Arrived earlier than promised! Driver was courteous and professional.
31,34,1482,5,2024-01-24,Very Positive,Seamless delivery experience and fantastic performance so far.
32,35,1087,5,2024-03-30,Very Positive,Arrived earlier than promised! Driver was courteous and professional.
33,36,50,4,2024-01-19,Positive,Seamless delivery experience and fantastic performance so far.
34,37,1002,5,2024-03-09,Very Positive,Arrived earlier than promised! Driver was courteous and professional.
35,38,843,5,2024-02-08,Very Positive,"Excellent vehicle, smooth delivery process. Highly recommend New Wheels."
36,40,723,4,2024-04-09,Positive,Seamless delivery experience and fantastic performance so far.
37,41,766,5,2024-02-12,Very Positive,Arrived earlier than promised! Driver was courteous and professional.
38,42,472,5,2024-01-08,Very Positive,"Delivery on schedule, vehicle is spotless and driving like a dream."
39,43,851,4,2024-04-07,Positive,"Excellent vehicle, smooth delivery process. Highly recommend New Wheels."
40,44,619,5,2024-03-13,Very Positive,"Excellent vehicle, smooth delivery process. Highly recommend New Wheels."
41,45,1093,5,2024-02-13,Very Positive,Vehicle delivered in showroom condition. Very impressed with the quick turnaround!
42,46,916,5,2024-02-28,Very Positive,Vehicle delivered in showroom condition. Very impressed with the quick turnaround!
43,47,970,5,2024-01-24,Very Positive,"Delivery on schedule, vehicle is spotless and driving like a dream."
44,48,12,4,2024-03-23,Positive,"Excellent vehicle, smooth delivery process. Highly recommend New Wheels."
45,49,332,5,2024-04-07,Very Positive,"Delivery on schedule, vehicle is spotless and driving like a dream."
46,50,608,5,2024-03-02,Very Positive,"Delivery on schedule, vehicle is spotless and driving like a dream."
47,51,761,5,2024-04-01,Very Positive,Seamless delivery experience and fantastic performance so far.
48,52,12,3,2024-01-30,Neutral,Vehicle is solid. Transit took the full promised duration.
49,53,395,5,2024-02-21,Very Positive,Seamless delivery experience and fantastic performance so far.
50,54,574,5,2024-01-23,Very Positive,Vehicle delivered in showroom condition. Very impressed with the quick turnaround!
51,56,967,5,2024-03-07,Very Positive,"Delivery on schedule, vehicle is spotless and driving like a dream."
52,57,1240,4,2024-02-16,Positive,"Delivery on schedule, vehicle is spotless and driving like a dream."
53,58,365,5,2024-03-01,Very Positive,Seamless delivery experience and fantastic performance so far.
54,59,402,5,2024-01-08,Very Positive,Vehicle delivered in showroom condition. Very impressed with the quick turnaround!
55,60,843,5,2024-03-27,Very Positive,Vehicle delivered in showroom condition. Very impressed with the quick turnaround!
56,61,314,5,2024-03-26,Very Positive,"Delivery on schedule, vehicle is spotless and driving like a dream."
57,62,398,5,2024-02-12,Very Positive,Vehicle delivered in showroom condition. Very impressed with the quick turnaround!
58,63,402,5,2024-01-16,Very Positive,"Delivery on schedule, vehicle is spotless and driving like a dream."
59,64,1427,4,2024-02-18,Positive,Vehicle delivered in showroom condition. Very impressed with the quick turnaround!
60,65,943,5,2024-02-03,Very Positive,Seamless delivery experience and fantastic performance so far.
61,66,463,5,2024-03-21,Very Positive,"Delivery on schedule, vehicle is spotless and driving like a dream."
62,67,1408,5,2024-03-04,Very Positive,"Delivery on schedule, vehicle is spotless and driving like a dream."
63,68,551,5,2024-03-17,Very Positive,"Excellent vehicle, smooth delivery process. Highly recommend New Wheels."
64,69,1155,5,2024-03-24,Very Positive,Vehicle delivered in showroom condition. Very impressed with the quick turnaround!
65,70,628,5,2024-01-31,Very Positive,Seamless delivery experience and fantastic performance so far.
66,71,1231,5,2024-02-12,Very Positive,Seamless delivery experience and fantastic performance so far.
67,72,1429,4,2024-03-13,Positive,"Excellent vehicle, smooth delivery process. Highly recommend New Wheels."
68,74,965,5,2024-02-21,Very Positive,Arrived earlier than promised! Driver was courteous and professional.
69,75,670,5,2024-01-23,Very Positive,Arrived earlier than promised! Driver was courteous and professional.
70,76,1251,5,2024-03-12,Very Positive,"Excellent vehicle, smooth delivery process. Highly recommend New Wheels."
71,77,488,5,2024-03-28,Very Positive,Vehicle delivered in showroom condition. Very impressed with the quick turnaround!
72,78,208,5,2024-02-23,Very Positive,"Excellent vehicle, smooth delivery process. Highly recommend New Wheels."
73,79,621,5,2024-03-04,Very Positive,Seamless delivery experience and fantastic performance so far.
74,80,786,5,2024-02-28,Very Positive,"Excellent vehicle, smooth delivery process. Highly recommend New Wheels."
75,81,1228,5,2024-03-06,Very Positive,Arrived earlier than promised! Driver was courteous and professional.
76,84,208,2,2024-03-29,Negative,Expected faster fulfillment given the premium price point.
77,85,1170,5,2024-01-23,Very Positive,Seamless delivery experience and fantastic performance so far.
78,87,1301,5,2024-01-27,Very Positive,"Delivery on schedule, vehicle is spotless and driving like a dream."
79,88,975,5,2024-02-17,Very Positive,Seamless delivery experience and fantastic performance so far.
80,90,958,5,2024-02-19,Very Positive,"Excellent vehicle, smooth delivery process. Highly recommend New Wheels."
81,91,1101,5,2024-02-07,Very Positive,Seamless delivery experience and fantastic performance so far.
82,92,721,5,2024-02-29,Very Positive,"Delivery on schedule, vehicle is spotless and driving like a dream."
83,93,951,2,2024-02-28,Negative,Delayed transit by several days with vague tracking updates.
84,94,857,5,2024-02-23,Very Positive,Seamless delivery experience and fantastic performance so far.
85,95,967,4,2024-01-31,Positive,Seamless delivery experience and fantastic performance so far.
86,96,1460,3,2024-01-30,Neutral,Vehicle is solid. Transit took the full promised duration.
87,97,228,3,2024-03-08,Neutral,Average delivery experience. Vehicle meets expectations.
88,99,1468,4,2024-01-11,Positive,Arrived earlier than promised! Driver was courteous and professional.
89,100,291,4,2024-02-29,Positive,Arrived earlier than promised! Driver was courteous and professional.
90,103,527,5,2024-01-24,Very Positive,Seamless delivery experience and fantastic performance so far.
91,104,1203,5,2024-02-18,Very Positive,Vehicle delivered in showroom condition. Very impressed with the quick turnaround!
92,105,342,4,2024-02-19,Positive,"Delivery on schedule, vehicle is spotless and driving like a dream."
93,106,745,3,2024-02-06,Neutral,"Delivery arrived as scheduled, minor paperwork delay at hand-off."
94,107,508,5,2024-03-04,Very Positive,Vehicle delivered in showroom condition. Very impressed with the quick turnaround!
95,108,131,5,2024-02-01,Very Positive,Vehicle delivered in showroom condition. Very impressed with the quick turnaround!
96,109,150,5,2024-02-15,Very Positive,Vehicle delivered in showroom condition. Very impressed with the quick turnaround!
97,110,399,5,2024-03-04,Very Positive,Arrived earlier than promised! Driver was courteous and professional.
98,111,510,5,2024-02-10,Very Positive,"Delivery on schedule, vehicle is spotless and driving like a dream."
99,113,656,4,2024-02-19,Positive,Seamless delivery experience and fantastic performance so far.
100,114,667,5,2024-03-25,Very Positive,Arrived earlier than promised! Driver was courteous and professional.
101,115,1527,1,2024-02-22,Very Negative,Terrible logistics breakdown. Had to rent a car due to unannounced delivery delays.
102,116,1443,5,2024-01-11,Very Positive,Seamless delivery experience and fantastic performance so far.
103,117,902,4,2024-02-04,Positive,"Excellent vehicle, smooth delivery process. Highly recommend New Wheels."
104,118,1243,5,2024-02-10,Very Positive,Vehicle delivered in showroom condition. Very impressed with the quick turnaround!
105,119,1501,5,2024-02-20,Very Positive,Arrived earlier than promised! Driver was courteous and professional.
106,120,597,5,2024-03-20,Very Positive,"Excellent vehicle, smooth delivery process. Highly recommend New Wheels."
107,121,1388,4,2024-02-23,Positive,"Delivery on schedule, vehicle is spotless and driving like a dream."
108,122,1050,5,2024-01-17,Very Positive,Vehicle delivered in showroom condition. Very impressed with the quick turnaround!
109,123,1090,4,2024-03-20,Positive,"Excellent vehicle, smooth delivery process. Highly recommend New Wheels."
110,124,1514,5,2024-02-11,Very Positive,"Excellent vehicle, smooth delivery process. Highly recommend New Wheels."
111,125,18,4,2024-01-11,Positive,"Delivery on schedule, vehicle is spotless and driving like a dream."
112,126,1465,2,2024-02-22,Negative,Poor carrier communication regarding rescheduled drop-off.
113,128,721,5,2024-03-04,Very Positive,Vehicle delivered in showroom condition. Very impressed with the quick turnaround!
114,129,1038,5,2024-01-19,Very Positive,Seamless delivery experience and fantastic performance so far.
115,130,737,5,2024-01-17,Very Positive,Arrived earlier than promised! Driver was courteous and professional.
116,131,1336,5,2024-01-14,Very Positive,Seamless delivery experience and fantastic performance so far.
117,132,263,5,2024-01-30,Very Positive,Seamless delivery experience and fantastic performance so far.
118,133,1520,4,2024-02-29,Positive,Arrived earlier than promised! Driver was courteous and professional.
119,134,53,5,2024-03-25,Very Positive,Vehicle delivered in showroom condition. Very impressed with the quick turnaround!
120,136,527,5,2024-03-27,Very Positive,"Delivery on schedule, vehicle is spotless and driving like a dream."
121,137,293,5,2024-01-25,Very Positive,"Excellent vehicle, smooth delivery process. Highly recommend New Wheels."
122,140,1172,5,2024-02-27,Very Positive,Arrived earlier than promised! Driver was courteous and professional.
123,141,691,4,2024-04-02,Positive,Arrived earlier than promised! Driver was courteous and professional.
124,142,874,4,2024-01-14,Positive,Arrived earlier than promised! Driver was courteous and professional.
125,143,170,5,2024-03-04,Very Positive,Seamless delivery experience and fantastic performance so far.
126,144,1076,2,2024-03-22,Negative,Delivery took over a week past the promised date. Very stressful experience.
127,145,1249,5,2024-03-19,Very Positive,Seamless delivery experience and fantastic performance so far.
128,146,1369,4,2024-02-14,Positive,Seamless delivery experience and fantastic performance so far.
129,147,1324,5,2024-02-28,Very Positive,"Delivery on schedule, vehicle is spotless and driving like a dream."
130,148,1155,5,2024-04-04,Very Positive,Arrived earlier than promised! Driver was courteous and professional.
131,152,1312,3,2024-02-17,Neutral,Average delivery experience. Vehicle meets expectations.
132,153,1000,5,2024-03-31,Very Positive,Vehicle delivered in showroom condition. Very impressed with the quick turnaround!
133,154,1378,3,2024-02-06,Neutral,Average delivery experience. Vehicle meets expectations.
134,155,443,5,2024-04-03,Very Positive,Arrived earlier than promised! Driver was courteous and professional.
135,156,510,4,2024-02-23,Positive,Arrived earlier than promised! Driver was courteous and professional.
136,157,183,4,2024-02-01,Positive,Seamless delivery experience and fantastic performance so far.
137,158,737,2,2024-02-29,Negative,Delivery took over a week past the promised date. Very stressful experience.
138,159,156,5,2024-02-29,Very Positive,"Excellent vehicle, smooth delivery process. Highly recommend New Wheels."
139,161,54,5,2024-03-31,Very Positive,Seamless delivery experience and fantastic performance so far.
140,162,1254,4,2024-01-10,Positive,Arrived earlier than promised! Driver was courteous and professional.
141,163,747,4,2024-02-09,Positive,"Delivery on schedule, vehicle is spotless and driving like a dream."
142,164,1097,5,2024-01-23,Very Positive,"Excellent vehicle, smooth delivery process. Highly recommend New Wheels."
143,166,566,5,2024-01-16,Very Positive,Arrived earlier than promised! Driver was courteous and professional.
144,167,293,4,2024-02-19,Positive,Vehicle delivered in showroom condition. Very impressed with the quick turnaround!
145,168,1501,5,2024-03-23,Very Positive,Vehicle delivered in showroom condition. Very impressed with the quick turnaround!
146,169,1404,1,2024-03-04,Very Negative,Horrible experience! Promised delivery date missed repeatedly. Will not purchase again.
147,170,18,4,2024-01-18,Positive,Vehicle delivered in showroom condition. Very impressed with the quick turnaround!
148,171,1443,5,2024-01-28,Very Positive,Arrived earlier than promised! Driver was courteous and professional.
149,172,317,4,2024-01-17,Positive,Vehicle delivered in showroom condition. Very impressed with the quick turnaround!
150,173,221,4,2024-02-15,Positive,"Delivery on schedule, vehicle is spotless and driving like a dream."
151,174,239,5,2024-02-25,Very Positive,"Excellent vehicle, smooth delivery process. Highly recommend New Wheels."
152,175,1211,5,2024-04-03,Very Positive,"Excellent vehicle, smooth delivery process. Highly recommend New Wheels."
153,176,1283,5,2024-02-02,Very Positive,Arrived earlier than promised! Driver was courteous and professional.
154,179,454,1,2024-03-10,Very Negative,Unacceptable delay! Over two weeks late with zero customer support response.
155,180,678,4,2024-02-06,Positive,"Excellent vehicle, smooth delivery process. Highly recommend New Wheels."
156,181,1283,5,2024-04-04,Very Positive,Vehicle delivered in showroom condition. Very impressed with the quick turnaround!
157,182,86,5,2024-03-26,Very Positive,Arrived earlier than promised! Driver was courteous and professional.
158,183,526,4,2024-01-29,Positive,"Excellent vehicle, smooth delivery process. Highly recommend New Wheels."
159,185,139,4,2024-01-19,Positive,Arrived earlier than promised! Driver was courteous and professional.
160,186,313,5,2024-01-11,Very Positive,Seamless delivery experience and fantastic performance so far.
161,188,1095,,2024-01-13,Unrated,
162,189,1575,3,2024-01-22,Neutral,Average delivery experience. Vehicle meets expectations.
163,190,487,5,2024-03-03,Very Positive,Seamless delivery experience and fantastic performance so far.
164,191,329,3,2024-02-24,Neutral,Vehicle is solid. Transit took the full promised duration.
165,192,832,5,2024-03-28,Very Positive,"Delivery on schedule, vehicle is spotless and driving like a dream."
166,193,1494,,2024-02-03,Unrated,
167,194,1587,5,2024-04-03,Very Positive,"Excellent vehicle, smooth delivery process. Highly recommend New Wheels."
168,195,791,4,2024-01-09,Positive,Seamless delivery experience and fantastic performance so far.
169,196,1564,4,2024-03-09,Positive,Vehicle delivered in showroom condition. Very impressed with the quick turnaround!
170,197,731,5,2024-02-19,Very Positive,Seamless delivery experience and fantastic performance so far.
171,198,1151,4,2024-02-17,Positive,Arrived earlier than promised! Driver was courteous and professional.
172,199,511,5,2024-04-06,Very Positive,Vehicle delivered in showroom condition. Very impressed with the quick turnaround!
173,200,743,5,2024-03-22,Very Positive,Seamless delivery experience and fantastic performance so far.
174,201,807,5,2024-03-26,Very Positive,"Excellent vehicle, smooth delivery process. Highly recommend New Wheels."
175,202,1274,5,2024-01-07,Very Positive,Seamless delivery experience and fantastic performance so far.
176,203,1435,5,2024-01-13,Very Positive,"Delivery on schedule, vehicle is spotless and driving like a dream."
177,204,1505,3,2024-01-11,Neutral,Average delivery experience. Vehicle meets expectations.
178,205,272,2,2024-03-03,Negative,Poor carrier communication regarding rescheduled drop-off.
179,206,48,5,2024-03-12,Very Positive,Vehicle delivered in showroom condition. Very impressed with the quick turnaround!
180,208,1482,5,2024-01-24,Very Positive,Seamless delivery experience and fantastic performance so far.
181,210,388,5,2024-02-11,Very Positive,"Delivery on schedule, vehicle is spotless and driving like a dream."
182,211,874,,2024-03-29,Unrated,
183,212,124,4,2024-02-21,Positive,"Delivery on schedule, vehicle is spotless and driving like a dream."
184,213,1166,5,2024-04-03,Very Positive,Seamless delivery experience and fantastic performance so far.
185,216,555,5,2024-02-06,Very Positive,Seamless delivery experience and fantastic performance so far.
186,218,853,5,2024-03-10,Very Positive,"Delivery on schedule, vehicle is spotless and driving like a dream."
187,220,641,4,2024-02-19,Positive,Arrived earlier than promised! Driver was courteous and professional.
188,221,469,5,2024-03-25,Very Positive,Seamless delivery experience and fantastic performance so far.
189,222,1084,4,2024-03-27,Positive,Arrived earlier than promised! Driver was courteous and professional.
190,223,458,4,2024-01-15,Positive,Seamless delivery experience and fantastic performance so far.
191,224,606,5,2024-03-23,Very Positive,Seamless delivery experience and fantastic performance so far.
192,225,566,4,2024-02-14,Positive,"Excellent vehicle, smooth delivery process. Highly recommend New Wheels."
193,226,1435,5,2024-02-14,Very Positive,"Excellent vehicle, smooth delivery process. Highly recommend New Wheels."
194,228,140,5,2024-01-25,Very Positive,Vehicle delivered in showroom condition. Very impressed with the quick turnaround!
195,229,128,4,2024-03-11,Positive,Arrived earlier than promised! Driver was courteous and professional.
196,230,50,3,2024-02-05,Neutral,Vehicle is solid. Transit took the full promised duration.
197,231,794,5,2024-03-09,Very Positive,"Delivery on schedule, vehicle is spotless and driving like a dream."
198,233,1140,5,2024-03-26,Very Positive,"Excellent vehicle, smooth delivery process. Highly recommend New Wheels."
199,234,1335,5,2024-01-10,Very Positive,"Delivery on schedule, vehicle is spotless and driving like a dream."
200,235,1381,,2024-02-16,Unrated,
201,236,423,4,2024-01-30,Positive,Seamless delivery experience and fantastic performance so far.
202,237,1,5,2024-01-16,Very Positive,Arrived earlier than promised! Driver was courteous and professional.
203,238,867,5,2024-02-05,Very Positive,Seamless delivery experience and fantastic performance so far.
204,239,1525,4,2024-01-24,Positive,"Delivery on schedule, vehicle is spotless and driving like a dream."
205,241,1473,4,2024-03-29,Positive,"Excellent vehicle, smooth delivery process. Highly recommend New Wheels."
206,242,1001,5,2024-03-21,Very Positive,Arrived earlier than promised! Driver was courteous and professional.
207,243,1488,4,2024-03-31,Positive,Seamless delivery experience and fantastic performance so far.
208,244,1013,4,2024-04-03,Positive,Seamless delivery experience and fantastic performance so far.
209,245,1281,5,2024-01-16,Very Positive,"Excellent vehicle, smooth delivery process. Highly recommend New Wheels."
210,246,1115,5,2024-01-21,Very Positive,"Excellent vehicle, smooth delivery process. Highly recommend New Wheels."
211,247,805,4,2024-03-12,Positive,"Delivery on schedule, vehicle is spotless and driving like a dream."
212,248,148,5,2024-01-18,Very Positive,Vehicle delivered in showroom condition. Very impressed with the quick turnaround!
213,249,138,5,2024-02-03,Very Positive,Arrived earlier than promised! Driver was courteous and professional.
214,250,980,4,2024-03-02,Positive,"Excellent vehicle, smooth delivery process. Highly recommend New Wheels."
215,251,866,2,2024-03-18,Negative,Delayed transit by several days with vague tracking updates.
216,252,1535,4,2024-01-17,Positive,"Delivery on schedule, vehicle is spotless and driving like a dream."
217,255,90,5,2024-02-05,Very Positive,Seamless delivery experience and fantastic performance so far.
218,257,1438,5,2024-02-10,Very Positive,Seamless delivery experience and fantastic performance so far.
219,258,1362,5,2024-01-20,Very Positive,Vehicle delivered in showroom condition. Very impressed with the quick turnaround!
220,260,500,5,2024-01-22,Very Positive,Seamless delivery experience and fantastic performance so far.
221,261,149,4,2024-03-10,Positive,"Excellent vehicle, smooth delivery process. Highly recommend New Wheels."
222,262,801,5,2024-01-09,Very Positive,"Delivery on schedule, vehicle is spotless and driving like a dream."
223,263,154,5,2024-02-13,Very Positive,"Delivery on schedule, vehicle is spotless and driving like a dream."
224,264,632,3,2024-03-26,Neutral,"Decent service overall, communication could be slightly clearer."
225,265,1218,5,2024-02-13,Very Positive,"Excellent vehicle, smooth delivery process. Highly recommend New Wheels."
226,266,386,4,2024-02-10,Positive,"Delivery on schedule, vehicle is spotless and driving like a dream."
227,267,422,4,2024-03-13,Positive,"Excellent vehicle, smooth delivery process. Highly recommend New Wheels."
228,269,1128,2,2024-03-15,Negative,Expected faster fulfillment given the premium price point.
229,270,245,,2024-03-05,Unrated,
230,271,82,4,2024-04-05,Positive,Arrived earlier than promised! Driver was courteous and professional.
231,272,1562,4,2024-02-06,Positive,Vehicle delivered in showroom condition. Very impressed with the quick turnaround!
232,273,942,5,2024-01-21,Very Positive,Seamless delivery experience and fantastic performance so far.
233,274,837,3,2024-01-26,Neutral,"Decent service overall, communication could be slightly clearer."
234,275,906,5,2024-02-19,Very Positive,"Excellent vehicle, smooth delivery process. Highly recommend New Wheels."
235,277,1006,5,2024-02-24,Very Positive,Seamless delivery experience and fantastic performance so far.
236,279,1133,4,2024-01-18,Positive,Seamless delivery experience and fantastic performance so far.
237,280,342,4,2024-02-09,Positive,Seamless delivery experience and fantastic performance so far.
238,281,401,4,2024-01-09,Positive,Seamless delivery experience and fantastic performance so far.
239,282,504,5,2024-03-19,Very Positive,Vehicle delivered in showroom condition. Very impressed with the quick turnaround!
240,284,87,4,2024-03-29,Positive,"Excellent vehicle, smooth delivery process. Highly recommend New Wheels."
241,285,725,4,2024-03-30,Positive,Seamless delivery experience and fantastic performance so far.
242,286,753,4,2024-01-15,Positive,Seamless delivery experience and fantastic performance so far.
243,288,953,5,2024-03-03,Very Positive,Arrived earlier than promised! Driver was courteous and professional.
244,289,1339,4,2024-03-09,Positive,Vehicle delivered in showroom condition. Very impressed with the quick turnaround!
245,290,1151,5,2024-01-27,Very Positive,Arrived earlier than promised! Driver was courteous and professional.
246,291,1059,3,2024-02-10,Neutral,Vehicle is solid. Transit took the full promised duration.
247,292,1463,5,2024-02-23,Very Positive,Arrived earlier than promised! Driver was courteous and professional.
248,293,273,5,2024-01-06,Very Positive,Vehicle delivered in showroom condition. Very impressed with the quick turnaround!
249,295,763,4,2024-02-21,Positive,Seamless delivery experience and fantastic performance so far.
250,296,889,3,2024-02-07,Neutral,Vehicle is solid. Transit took the full promised duration.
251,297,510,5,2024-03-16,Very Positive,"Delivery on schedule, vehicle is spotless and driving like a dream."
252,298,1358,5,2024-03-06,Very Positive,Arrived earlier than promised! Driver was courteous and professional.
253,301,1429,5,2024-01-20,Very Positive,Vehicle delivered in showroom condition. Very impressed with the quick turnaround!
254,302,791,4,2024-01-14,Positive,"Excellent vehicle, smooth delivery process. Highly recommend New Wheels."
255,303,1078,5,2024-01-18,Very Positive,Seamless delivery experience and fantastic performance so far.
256,304,806,5,2024-04-07,Very Positive,Seamless delivery experience and fantastic performance so far.
257,305,432,,2024-02-15,Unrated,
258,306,342,4,2024-03-04,Positive,Seamless delivery experience and fantastic performance so far.
259,307,746,4,2024-03-10,Positive,Arrived earlier than promised! Driver was courteous and professional.
260,309,686,5,2024-03-09,Very Positive,Arrived earlier than promised! Driver was courteous and professional.
261,311,1210,5,2024-03-09,Very Positive,Vehicle delivered in showroom condition. Very impressed with the quick turnaround!
262,312,129,5,2024-03-01,Very Positive,Arrived earlier than promised! Driver was courteous and professional.
263,313,470,5,2024-04-01,Very Positive,Vehicle delivered in showroom condition. Very impressed with the quick turnaround!
264,314,561,3,2024-01-20,Neutral,Vehicle is solid. Transit took the full promised duration.
265,315,589,4,2024-03-16,Positive,Vehicle delivered in showroom condition. Very impressed with the quick turnaround!
266,316,983,5,2024-02-19,Very Positive,Seamless delivery experience and fantastic performance so far.
267,318,233,5,2024-02-11,Very Positive,Vehicle delivered in showroom condition. Very impressed with the quick turnaround!
268,319,513,5,2024-02-21,Very Positive,Arrived earlier than promised! Driver was courteous and professional.
269,320,798,3,2024-01-08,Neutral,Vehicle is solid. Transit took the full promised duration.
270,322,1329,5,2024-03-30,Very Positive,"Excellent vehicle, smooth delivery process. Highly recommend New Wheels."
271,323,1130,4,2024-03-08,Positive,Vehicle delivered in showroom condition. Very impressed with the quick turnaround!
272,324,281,5,2024-02-16,Very Positive,Arrived earlier than promised! Driver was courteous and professional.
273,326,254,4,2024-02-17,Positive,"Delivery on schedule, vehicle is spotless and driving like a dream."
274,327,1119,5,2024-03-21,Very Positive,Vehicle delivered in showroom condition. Very impressed with the quick turnaround!
275,328,1281,5,2024-01-26,Very Positive,Seamless delivery experience and fantastic performance so far.
276,329,1166,3,2024-01-29,Neutral,"Delivery arrived as scheduled, minor paperwork delay at hand-off."
277,330,560,5,2024-04-06,Very Positive,"Delivery on schedule, vehicle is spotless and driving like a dream."
278,331,829,5,2024-02-14,Very Positive,Vehicle delivered in showroom condition. Very impressed with the quick turnaround!
279,332,1530,4,2024-02-26,Positive,Vehicle delivered in showroom condition. Very impressed with the quick turnaround!
280,333,447,5,2024-04-05,Very Positive,Vehicle delivered in showroom condition. Very impressed with the quick turnaround!
281,334,842,5,2024-02-22,Very Positive,Arrived earlier than promised! Driver was courteous and professional.
282,336,970,4,2024-02-14,Positive,"Excellent vehicle, smooth delivery process. Highly recommend New Wheels."
283,337,274,5,2024-02-09,Very Positive,"Delivery on schedule, vehicle is spotless and driving like a dream."
284,338,42,5,2024-02-16,Very Positive,"Delivery on schedule, vehicle is spotless and driving like a dream."
285,339,306,2,2024-01-12,Negative,Expected faster fulfillment given the premium price point.
286,340,557,5,2024-02-08,Very Positive,Arrived earlier than promised! Driver was courteous and professional.
287,343,1317,4,2024-01-24,Positive,Arrived earlier than promised! Driver was courteous and professional.
288,344,14,5,2024-03-17,Very Positive,Arrived earlier than promised! Driver was courteous and professional.
289,346,1254,2,2024-02-03,Negative,Expected faster fulfillment given the premium price point.
290,347,326,4,2024-01-27,Positive,"Excellent vehicle, smooth delivery process. Highly recommend New Wheels."
291,348,341,3,2024-02-04,Neutral,Average delivery experience. Vehicle meets expectations.
292,349,912,4,2024-01-30,Positive,"Delivery on schedule, vehicle is spotless and driving like a dream."
293,350,260,5,2024-01-23,Very Positive,Seamless delivery experience and fantastic performance so far.
294,351,259,5,2024-03-15,Very Positive,"Delivery on schedule, vehicle is spotless and driving like a dream."
295,353,136,4,2024-03-15,Positive,Vehicle delivered in showroom condition. Very impressed with the quick turnaround!
296,354,1552,5,2024-01-17,Very Positive,"Delivery on schedule, vehicle is spotless and driving like a dream."
297,355,724,5,2024-01-11,Very Positive,"Delivery on schedule, vehicle is spotless and driving like a dream."
298,356,1006,5,2024-03-20,Very Positive,Vehicle delivered in showroom condition. Very impressed with the quick turnaround!
299,357,1281,5,2024-03-24,Very Positive,Seamless delivery experience and fantastic performance so far.
300,358,659,5,2024-02-11,Very Positive,Vehicle delivered in showroom condition. Very impressed with the quick turnaround!
301,360,518,5,2024-01-25,Very Positive,Seamless delivery experience and fantastic performance so far.
302,361,1083,5,2024-03-12,Very Positive,Arrived earlier than promised! Driver was courteous and professional.
303,362,43,5,2024-03-02,Very Positive,Vehicle delivered in showroom condition. Very impressed with the quick turnaround!
304,363,1294,5,2024-02-25,Very Positive,Seamless delivery experience and fantastic performance so far.
305,364,48,5,2024-02-15,Very Positive,"Delivery on schedule, vehicle is spotless and driving like a dream."
306,367,185,5,2024-01-26,Very Positive,Seamless delivery experience and fantastic performance so far.
307,368,463,5,2024-03-12,Very Positive,"Delivery on schedule, vehicle is spotless and driving like a dream."
308,369,1476,4,2024-02-28,Positive,"Delivery on schedule, vehicle is spotless and driving like a dream."
309,370,1305,5,2024-01-09,Very Positive,Arrived earlier than promised! Driver was courteous and professional.
310,371,157,5,2024-01-26,Very Positive,Vehicle delivered in showroom condition. Very impressed with the quick turnaround!
311,372,1076,5,2024-03-24,Very Positive,Arrived earlier than promised! Driver was courteous and professional.
312,373,1497,4,2024-01-14,Positive,"Excellent vehicle, smooth delivery process. Highly recommend New Wheels."
313,375,1245,3,2024-02-20,Neutral,Vehicle is solid. Transit took the full promised duration.
314,376,729,4,2024-02-12,Positive,Seamless delivery experience and fantastic performance so far.
315,377,595,5,2024-03-28,Very Positive,"Delivery on schedule, vehicle is spotless and driving like a dream."
316,379,133,4,2024-03-20,Positive,"Delivery on schedule, vehicle is spotless and driving like a dream."
317,380,1346,5,2024-02-26,Very Positive,"Delivery on schedule, vehicle is spotless and driving like a dream."
318,381,601,3,2024-02-08,Neutral,Average delivery experience. Vehicle meets expectations.
319,382,113,3,2024-02-28,Neutral,"Delivery arrived as scheduled, minor paperwork delay at hand-off."
320,383,1535,5,2024-04-01,Very Positive,"Delivery on schedule, vehicle is spotless and driving like a dream."
321,384,1150,5,2024-01-26,Very Positive,"Delivery on schedule, vehicle is spotless and driving like a dream."
322,385,1563,4,2024-01-24,Positive,Seamless delivery experience and fantastic performance so far.
323,386,873,5,2024-01-06,Very Positive,Seamless delivery experience and fantastic performance so far.
324,387,306,5,2024-02-10,Very Positive,"Delivery on schedule, vehicle is spotless and driving like a dream."
325,388,798,2,2024-03-07,Negative,Delayed transit by several days with vague tracking updates.
326,389,769,4,2024-01-14,Positive,"Excellent vehicle, smooth delivery process. Highly recommend New Wheels."
327,390,295,4,2024-03-27,Positive,"Excellent vehicle, smooth delivery process. Highly recommend New Wheels."
328,391,1563,4,2024-01-26,Positive,Vehicle delivered in showroom condition. Very impressed with the quick turnaround!
329,392,1233,4,2024-01-26,Positive,Arrived earlier than promised! Driver was courteous and professional.
330,394,161,5,2024-01-28,Very Positive,Seamless delivery experience and fantastic performance so far.
331,395,1368,1,2024-02-08,Very Negative,Unacceptable delay! Over two weeks late with zero customer support response.
332,396,420,4,2024-03-01,Positive,Vehicle delivered in showroom condition. Very impressed with the quick turnaround!
333,397,331,5,2024-01-10,Very Positive,"Delivery on schedule, vehicle is spotless and driving like a dream."
334,398,1007,5,2024-02-21,Very Positive,Arrived earlier than promised! Driver was courteous and professional.
335,399,921,4,2024-02-29,Positive,"Excellent vehicle, smooth delivery process. Highly recommend New Wheels."
336,401,458,5,2024-02-02,Very Positive,Vehicle delivered in showroom condition. Very impressed with the quick turnaround!
337,402,357,5,2024-03-13,Very Positive,"Delivery on schedule, vehicle is spotless and driving like a dream."
338,403,1120,5,2024-03-25,Very Positive,"Delivery on schedule, vehicle is spotless and driving like a dream."
339,404,1226,5,2024-03-02,Very Positive,Arrived earlier than promised! Driver was courteous and professional.
340,405,1118,5,2024-02-21,Very Positive,"Excellent vehicle, smooth delivery process. Highly recommend New Wheels."
341,406,1345,5,2024-02-03,Very Positive,"Delivery on schedule, vehicle is spotless and driving like a dream."
342,407,308,3,2024-03-11,Neutral,"Delivery arrived as scheduled, minor paperwork delay at hand-off."
343,408,1396,4,2024-03-31,Positive,"Excellent vehicle, smooth delivery process. Highly recommend New Wheels."
344,409,680,4,2024-02-24,Positive,Arrived earlier than promised! Driver was courteous and professional.
345,412,990,5,2024-02-19,Very Positive,"Delivery on schedule, vehicle is spotless and driving like a dream."
346,413,458,3,2024-04-05,Neutral,"Decent service overall, communication could be slightly clearer."
347,414,1549,4,2024-01-08,Positive,Vehicle delivered in showroom condition. Very impressed with the quick turnaround!
348,416,181,4,2024-02-01,Positive,"Excellent vehicle, smooth delivery process. Highly recommend New Wheels."
349,417,650,2,2024-03-20,Negative,Delayed transit by several days with vague tracking updates.
350,419,1571,4,2024-03-18,Positive,"Excellent vehicle, smooth delivery process. Highly recommend New Wheels."
351,420,612,4,2024-03-18,Positive,Arrived earlier than promised! Driver was courteous and professional.
352,423,650,4,2024-01-21,Positive,"Delivery on schedule, vehicle is spotless and driving like a dream."
353,424,1202,5,2024-03-25,Very Positive,Seamless delivery experience and fantastic performance so far.
354,427,851,5,2024-01-21,Very Positive,Vehicle delivered in showroom condition. Very impressed with the quick turnaround!
355,428,371,5,2024-04-02,Very Positive,"Delivery on schedule, vehicle is spotless and driving like a dream."
356,429,1589,4,2024-01-19,Positive,Seamless delivery experience and fantastic performance so far.
357,430,441,5,2024-01-18,Very Positive,Seamless delivery experience and fantastic performance so far.
358,433,1010,5,2024-03-08,Very Positive,Vehicle delivered in showroom condition. Very impressed with the quick turnaround!
359,434,1237,5,2024-02-02,Very Positive,"Delivery on schedule, vehicle is spotless and driving like a dream."
360,436,1,5,2024-01-22,Very Positive,"Delivery on schedule, vehicle is spotless and driving like a dream."
361,437,1401,4,2024-03-23,Positive,Vehicle delivered in showroom condition. Very impressed with the quick turnaround!
362,438,139,5,2024-02-02,Very Positive,Seamless delivery experience and fantastic performance so far.
363,439,1596,5,2024-03-30,Very Positive,Seamless delivery experience and fantastic performance so far.
364,440,1181,,2024-01-07,Unrated,
365,442,873,5,2024-01-22,Very Positive,"Delivery on schedule, vehicle is spotless and driving like a dream."
366,443,691,5,2024-02-02,Very Positive,Arrived earlier than promised! Driver was courteous and professional.
367,445,1435,5,2024-01-24,Very Positive,"Delivery on schedule, vehicle is spotless and driving like a dream."
368,446,1590,5,2024-03-12,Very Positive,"Excellent vehicle, smooth delivery process. Highly recommend New Wheels."
369,447,267,5,2024-02-17,Very Positive,"Delivery on schedule, vehicle is spotless and driving like a dream."
370,448,1142,5,2024-01-25,Very Positive,Seamless delivery experience and fantastic performance so far.
371,449,1088,5,2024-01-23,Very Positive,Vehicle delivered in showroom condition. Very impressed with the quick turnaround!
372,450,831,5,2024-01-22,Very Positive,"Delivery on schedule, vehicle is spotless and driving like a dream."
373,452,227,3,2024-03-09,Neutral,"Decent service overall, communication could be slightly clearer."
374,454,950,3,2024-02-17,Neutral,"Decent service overall, communication could be slightly clearer."
375,455,565,5,2024-02-23,Very Positive,"Excellent vehicle, smooth delivery process. Highly recommend New Wheels."
376,456,304,4,2024-03-27,Positive,"Excellent vehicle, smooth delivery process. Highly recommend New Wheels."
377,457,305,3,2024-03-01,Neutral,"Decent service overall, communication could be slightly clearer."
378,459,1114,5,2024-02-10,Very Positive,Seamless delivery experience and fantastic performance so far.
379,460,266,5,2024-01-14,Very Positive,"Excellent vehicle, smooth delivery process. Highly recommend New Wheels."
380,461,500,5,2024-04-02,Very Positive,"Delivery on schedule, vehicle is spotless and driving like a dream."
381,463,1181,3,2024-01-11,Neutral,Average delivery experience. Vehicle meets expectations.
382,464,1354,4,2024-01-16,Positive,Vehicle delivered in showroom condition. Very impressed with the quick turnaround!
383,465,46,4,2024-01-21,Positive,Arrived earlier than promised! Driver was courteous and professional.
384,466,730,,2024-03-17,Unrated,
385,467,1274,5,2024-01-11,Very Positive,Vehicle delivered in showroom condition. Very impressed with the quick turnaround!
386,468,1024,5,2024-01-31,Very Positive,Vehicle delivered in showroom condition. Very impressed with the quick turnaround!
387,469,1078,5,2024-02-10,Very Positive,Arrived earlier than promised! Driver was courteous and professional.
388,470,1416,5,2024-04-04,Very Positive,Vehicle delivered in showroom condition. Very impressed with the quick turnaround!
389,471,1438,4,2024-03-30,Positive,Vehicle delivered in showroom condition. Very impressed with the quick turnaround!
390,474,233,5,2024-03-26,Very Positive,Vehicle delivered in showroom condition. Very impressed with the quick turnaround!
391,475,232,3,2024-02-06,Neutral,"Decent service overall, communication could be slightly clearer."
392,476,90,4,2024-02-01,Positive,"Excellent vehicle, smooth delivery process. Highly recommend New Wheels."
393,478,1531,5,2024-03-10,Very Positive,Vehicle delivered in showroom condition. Very impressed with the quick turnaround!
394,479,215,4,2024-03-02,Positive,"Delivery on schedule, vehicle is spotless and driving like a dream."
395,480,1126,4,2024-02-27,Positive,Vehicle delivered in showroom condition. Very impressed with the quick turnaround!
396,481,1392,,2024-01-20,Unrated,
397,482,1240,5,2024-03-06,Very Positive,"Delivery on schedule, vehicle is spotless and driving like a dream."
398,483,1228,5,2024-02-08,Very Positive,"Excellent vehicle, smooth delivery process. Highly recommend New Wheels."
399,484,562,5,2024-02-25,Very Positive,Vehicle delivered in showroom condition. Very impressed with the quick turnaround!
400,485,746,3,2024-02-18,Neutral,Vehicle is solid. Transit took the full promised duration.
401,486,60,4,2024-03-10,Positive,Arrived earlier than promised! Driver was courteous and professional.
402,487,223,3,2024-04-08,Neutral,Vehicle is solid. Transit took the full promised duration.
403,488,980,,2024-02-15,Unrated,
404,490,812,5,2024-03-16,Very Positive,Vehicle delivered in showroom condition. Very impressed with the quick turnaround!
405,491,1472,5,2024-02-09,Very Positive,Arrived earlier than promised! Driver was courteous and professional.
406,492,981,5,2024-02-07,Very Positive,Arrived earlier than promised! Driver was courteous and professional.
407,493,508,5,2024-03-14,Very Positive,"Excellent vehicle, smooth delivery process. Highly recommend New Wheels."
408,495,1101,4,2024-03-08,Positive,Seamless delivery experience and fantastic performance so far.
409,496,1314,5,2024-03-30,Very Positive,Vehicle delivered in showroom condition. Very impressed with the quick turnaround!
410,497,793,5,2024-01-15,Very Positive,"Delivery on schedule, vehicle is spotless and driving like a dream."
411,498,547,4,2024-03-15,Positive,"Delivery on schedule, vehicle is spotless and driving like a dream."
412,499,138,4,2024-02-13,Positive,Arrived earlier than promised! Driver was courteous and professional.
413,500,923,4,2024-04-04,Positive,"Excellent vehicle, smooth delivery process. Highly recommend New Wheels."
414,501,872,5,2024-03-29,Very Positive,"Excellent vehicle, smooth delivery process. Highly recommend New Wheels."
415,502,1,5,2024-04-04,Very Positive,Seamless delivery experience and fantastic performance so far.
416,504,1059,5,2024-01-31,Very Positive,Seamless delivery experience and fantastic performance so far.
417,505,34,4,2024-01-09,Positive,Vehicle delivered in showroom condition. Very impressed with the quick turnaround!
418,506,606,5,2024-01-09,Very Positive,Vehicle delivered in showroom condition. Very impressed with the quick turnaround!
419,507,18,5,2024-03-07,Very Positive,"Excellent vehicle, smooth delivery process. Highly recommend New Wheels."
420,508,1521,5,2024-02-01,Very Positive,Vehicle delivered in showroom condition. Very impressed with the quick turnaround!
421,509,613,5,2024-01-16,Very Positive,"Delivery on schedule, vehicle is spotless and driving like a dream."
422,510,962,5,2024-02-09,Very Positive,"Delivery on schedule, vehicle is spotless and driving like a dream."
423,511,327,5,2024-03-20,Very Positive,"Excellent vehicle, smooth delivery process. Highly recommend New Wheels."
424,514,1559,5,2024-01-05,Very Positive,"Excellent vehicle, smooth delivery process. Highly recommend New Wheels."
425,515,1375,5,2024-02-13,Very Positive,"Delivery on schedule, vehicle is spotless and driving like a dream."
426,516,283,4,2024-03-24,Positive,Arrived earlier than promised! Driver was courteous and professional.
427,517,216,4,2024-02-09,Positive,Seamless delivery experience and fantastic performance so far.
428,518,752,5,2024-01-24,Very Positive,Vehicle delivered in showroom condition. Very impressed with the quick turnaround!
429,519,1336,3,2024-03-10,Neutral,"Decent service overall, communication could be slightly clearer."
430,520,149,4,2024-03-06,Positive,"Delivery on schedule, vehicle is spotless and driving like a dream."
431,521,1251,4,2024-02-23,Positive,Seamless delivery experience and fantastic performance so far.
432,524,1138,5,2024-03-07,Very Positive,Vehicle delivered in showroom condition. Very impressed with the quick turnaround!
433,526,826,5,2024-03-17,Very Positive,Seamless delivery experience and fantastic performance so far.
434,527,831,4,2024-02-29,Positive,"Delivery on schedule, vehicle is spotless and driving like a dream."
435,529,910,5,2024-01-17,Very Positive,"Delivery on schedule, vehicle is spotless and driving like a dream."
436,530,20,5,2024-01-29,Very Positive,"Delivery on schedule, vehicle is spotless and driving like a dream."
437,531,205,4,2024-01-22,Positive,Vehicle delivered in showroom condition. Very impressed with the quick turnaround!
438,532,345,,2024-04-04,Unrated,
439,533,170,5,2024-01-06,Very Positive,Vehicle delivered in showroom condition. Very impressed with the quick turnaround!
440,534,711,5,2024-02-21,Very Positive,"Excellent vehicle, smooth delivery process. Highly recommend New Wheels."
441,535,1128,5,2024-04-05,Very Positive,"Excellent vehicle, smooth delivery process. Highly recommend New Wheels."
442,536,1274,,2024-02-14,Unrated,
443,537,1038,3,2024-02-05,Neutral,"Decent service overall, communication could be slightly clearer."
444,538,357,5,2024-03-25,Very Positive,"Excellent vehicle, smooth delivery process. Highly recommend New Wheels."
445,539,1183,4,2024-03-08,Positive,Seamless delivery experience and fantastic performance so far.
446,541,43,5,2024-02-25,Very Positive,Seamless delivery experience and fantastic performance so far.
447,542,267,5,2024-02-23,Very Positive,Seamless delivery experience and fantastic performance so far.
448,544,848,5,2024-03-16,Very Positive,Vehicle delivered in showroom condition. Very impressed with the quick turnaround!
449,545,686,4,2024-02-19,Positive,Seamless delivery experience and fantastic performance so far.
450,546,367,2,2024-03-04,Negative,Delivery took over a week past the promised date. Very stressful experience.
451,547,912,5,2024-01-09,Very Positive,"Delivery on schedule, vehicle is spotless and driving like a dream."
452,548,1075,5,2024-04-03,Very Positive,Arrived earlier than promised! Driver was courteous and professional.
453,551,1043,5,2024-03-08,Very Positive,Seamless delivery experience and fantastic performance so far.
454,552,1281,2,2024-03-21,Negative,Delivery took over a week past the promised date. Very stressful experience.
455,554,568,4,2024-01-22,Positive,Vehicle delivered in showroom condition. Very impressed with the quick turnaround!
456,555,398,5,2024-02-08,Very Positive,Vehicle delivered in showroom condition. Very impressed with the quick turnaround!
457,557,1401,4,2024-01-21,Positive,Seamless delivery experience and fantastic performance so far.
458,558,1088,2,2024-03-27,Negative,Delivery took over a week past the promised date. Very stressful experience.
459,559,29,5,2024-01-20,Very Positive,"Excellent vehicle, smooth delivery process. Highly recommend New Wheels."
460,560,742,4,2024-01-27,Positive,"Delivery on schedule, vehicle is spotless and driving like a dream."
461,561,1163,5,2024-02-01,Very Positive,Vehicle delivered in showroom condition. Very impressed with the quick turnaround!
462,563,81,4,2024-03-15,Positive,Vehicle delivered in showroom condition. Very impressed with the quick turnaround!
463,564,1399,4,2024-03-30,Positive,Vehicle delivered in showroom condition. Very impressed with the quick turnaround!
464,565,461,5,2024-02-24,Very Positive,Arrived earlier than promised! Driver was courteous and professional.
465,566,957,4,2024-02-10,Positive,Arrived earlier than promised! Driver was courteous and professional.
466,567,492,3,2024-02-02,Neutral,"Delivery arrived as scheduled, minor paperwork delay at hand-off."
467,568,778,5,2024-03-05,Very Positive,Arrived earlier than promised! Driver was courteous and professional.
468,569,1221,5,2024-01-29,Very Positive,Arrived earlier than promised! Driver was courteous and professional.
469,570,170,4,2024-01-27,Positive,Arrived earlier than promised! Driver was courteous and professional.
470,571,438,5,2024-02-14,Very Positive,Vehicle delivered in showroom condition. Very impressed with the quick turnaround!
471,572,730,3,2024-03-15,Neutral,"Decent service overall, communication could be slightly clearer."
472,573,1036,4,2024-01-29,Positive,Vehicle delivered in showroom condition. Very impressed with the quick turnaround!
473,574,700,5,2024-04-03,Very Positive,Vehicle delivered in showroom condition. Very impressed with the quick turnaround!
474,575,96,5,2024-01-20,Very Positive,Seamless delivery experience and fantastic performance so far.
475,576,365,3,2024-03-07,Neutral,"Delivery arrived as scheduled, minor paperwork delay at hand-off."
476,577,1084,5,2024-02-04,Very Positive,Seamless delivery experience and fantastic performance so far.
477,578,361,4,2024-03-13,Positive,Seamless delivery experience and fantastic performance so far.
478,579,1579,4,2024-02-06,Positive,Seamless delivery experience and fantastic performance so far.
479,580,1354,2,2024-01-29,Negative,Delayed transit by several days with vague tracking updates.
480,581,410,4,2024-03-12,Positive,"Excellent vehicle, smooth delivery process. Highly recommend New Wheels."
481,582,1291,5,2024-04-01,Very Positive,Seamless delivery experience and fantastic performance so far.
482,584,1160,5,2024-04-01,Very Positive,Vehicle delivered in showroom condition. Very impressed with the quick turnaround!
483,585,1479,5,2024-02-29,Very Positive,Seamless delivery experience and fantastic performance so far.
484,586,995,5,2024-01-06,Very Positive,"Excellent vehicle, smooth delivery process. Highly recommend New Wheels."
485,587,118,3,2024-02-01,Neutral,"Decent service overall, communication could be slightly clearer."
486,589,557,5,2024-02-23,Very Positive,Seamless delivery experience and fantastic performance so far.
487,590,2,5,2024-01-13,Very Positive,Vehicle delivered in showroom condition. Very impressed with the quick turnaround!
488,591,414,5,2024-01-27,Very Positive,Seamless delivery experience and fantastic performance so far.
489,592,991,5,2024-02-28,Very Positive,Arrived earlier than promised! Driver was courteous and professional.
490,593,1087,5,2024-04-05,Very Positive,"Delivery on schedule, vehicle is spotless and driving like a dream."
491,595,721,5,2024-01-24,Very Positive,Vehicle delivered in showroom condition. Very impressed with the quick turnaround!
492,596,288,5,2024-01-10,Very Positive,Arrived earlier than promised! Driver was courteous and professional.
493,597,413,2,2024-01-24,Negative,Expected faster fulfillment given the premium price point.
494,598,1024,5,2024-02-01,Very Positive,Vehicle delivered in showroom condition. Very impressed with the quick turnaround!
495,599,955,5,2024-04-08,Very Positive,Vehicle delivered in showroom condition. Very impressed with the quick turnaround!
496,600,1075,5,2024-02-20,Very Positive,Arrived earlier than promised! Driver was courteous and professional.
497,601,599,4,2024-02-10,Positive,Seamless delivery experience and fantastic performance so far.
498,602,530,,2024-04-07,Unrated,
499,603,263,5,2024-02-20,Very Positive,Seamless delivery experience and fantastic performance so far.
500,604,1560,5,2024-01-21,Very Positive,"Delivery on schedule, vehicle is spotless and driving like a dream."
501,606,50,5,2024-03-20,Very Positive,"Delivery on schedule, vehicle is spotless and driving like a dream."
502,607,966,5,2024-02-22,Very Positive,Seamless delivery experience and fantastic performance so far.
503,608,813,5,2024-02-11,Very Positive,Seamless delivery experience and fantastic performance so far.
504,609,400,4,2024-01-14,Positive,"Excellent vehicle, smooth delivery process. Highly recommend New Wheels."
505,610,67,5,2024-03-14,Very Positive,Vehicle delivered in showroom condition. Very impressed with the quick turnaround!
506,611,998,5,2024-03-29,Very Positive,Arrived earlier than promised! Driver was courteous and professional.
507,612,575,5,2024-01-12,Very Positive,Seamless delivery experience and fantastic performance so far.
508,613,34,5,2024-01-09,Very Positive,Vehicle delivered in showroom condition. Very impressed with the quick turnaround!
509,614,935,5,2024-04-02,Very Positive,Arrived earlier than promised! Driver was courteous and professional.
510,615,1505,5,2024-02-01,Very Positive,"Delivery on schedule, vehicle is spotless and driving like a dream."
511,616,1191,5,2024-02-13,Very Positive,Arrived earlier than promised! Driver was courteous and professional.
512,617,1480,5,2024-01-12,Very Positive,"Delivery on schedule, vehicle is spotless and driving like a dream."
513,618,103,5,2024-01-28,Very Positive,Arrived earlier than promised! Driver was courteous and professional.
514,619,703,5,2024-03-25,Very Positive,Vehicle delivered in showroom condition. Very impressed with the quick turnaround!
515,620,1482,5,2024-01-31,Very Positive,Vehicle delivered in showroom condition. Very impressed with the quick turnaround!
516,621,993,4,2024-03-08,Positive,Seamless delivery experience and fantastic performance so far.
517,622,1566,5,2024-03-22,Very Positive,Arrived earlier than promised! Driver was courteous and professional.
518,624,1095,,2024-02-07,Unrated,
519,625,774,5,2024-02-22,Very Positive,Seamless delivery experience and fantastic performance so far.
520,626,1225,5,2024-01-27,Very Positive,Vehicle delivered in showroom condition. Very impressed with the quick turnaround!
521,627,181,5,2024-03-01,Very Positive,"Excellent vehicle, smooth delivery process. Highly recommend New Wheels."
522,628,769,5,2024-02-02,Very Positive,"Excellent vehicle, smooth delivery process. Highly recommend New Wheels."
523,630,460,5,2024-01-10,Very Positive,Arrived earlier than promised! Driver was courteous and professional.
524,631,231,5,2024-03-13,Very Positive,"Delivery on schedule, vehicle is spotless and driving like a dream."
525,632,537,3,2024-01-26,Neutral,Average delivery experience. Vehicle meets expectations.
526,633,1067,5,2024-02-07,Very Positive,Seamless delivery experience and fantastic performance so far.
527,635,1253,5,2024-01-12,Very Positive,"Delivery on schedule, vehicle is spotless and driving like a dream."
528,637,1511,5,2024-03-02,Very Positive,Seamless delivery experience and fantastic performance so far.
529,638,910,4,2024-01-21,Positive,"Delivery on schedule, vehicle is spotless and driving like a dream."
530,639,1157,5,2024-01-27,Very Positive,"Delivery on schedule, vehicle is spotless and driving like a dream."
531,641,1293,3,2024-02-19,Neutral,"Delivery arrived as scheduled, minor paperwork delay at hand-off."
532,642,153,2,2024-01-11,Negative,Delayed transit by several days with vague tracking updates.
533,643,1451,4,2024-03-14,Positive,Seamless delivery experience and fantastic performance so far.
534,644,1301,3,2024-01-08,Neutral,"Delivery arrived as scheduled, minor paperwork delay at hand-off."
535,645,1423,3,2024-03-06,Neutral,Vehicle is solid. Transit took the full promised duration.
536,649,624,4,2024-03-02,Positive,"Excellent vehicle, smooth delivery process. Highly recommend New Wheels."
537,650,1405,5,2024-02-09,Very Positive,"Excellent vehicle, smooth delivery process. Highly recommend New Wheels."
538,651,939,5,2024-02-07,Very Positive,Vehicle delivered in showroom condition. Very impressed with the quick turnaround!
539,652,808,5,2024-03-25,Very Positive,"Delivery on schedule, vehicle is spotless and driving like a dream."
540,654,1364,5,2024-03-21,Very Positive,"Excellent vehicle, smooth delivery process. Highly recommend New Wheels."
541,655,27,5,2024-02-06,Very Positive,Vehicle delivered in showroom condition. Very impressed with the quick turnaround!
542,656,199,4,2024-02-25,Positive,Vehicle delivered in showroom condition. Very impressed with the quick turnaround!
543,658,517,4,2024-02-16,Positive,Arrived earlier than promised! Driver was courteous and professional.
544,659,80,5,2024-01-31,Very Positive,"Excellent vehicle, smooth delivery process. Highly recommend New Wheels."
545,660,153,5,2024-01-30,Very Positive,Arrived earlier than promised! Driver was courteous and professional.
546,661,763,3,2024-04-01,Neutral,"Decent service overall, communication could be slightly clearer."
547,662,447,4,2024-02-17,Positive,Vehicle delivered in showroom condition. Very impressed with the quick turnaround!
548,663,27,5,2024-03-10,Very Positive,Seamless delivery experience and fantastic performance so far.
549,664,626,3,2024-02-01,Neutral,"Delivery arrived as scheduled, minor paperwork delay at hand-off."
550,665,1084,4,2024-02-20,Positive,Seamless delivery experience and fantastic performance so far.
551,666,610,3,2024-02-26,Neutral,"Decent service overall, communication could be slightly clearer."
552,668,1231,4,2024-04-01,Positive,"Excellent vehicle, smooth delivery process. Highly recommend New Wheels."
553,669,20,5,2024-03-19,Very Positive,Seamless delivery experience and fantastic performance so far.
554,670,989,4,2024-02-19,Positive,"Excellent vehicle, smooth delivery process. Highly recommend New Wheels."
555,671,907,5,2024-01-22,Very Positive,"Delivery on schedule, vehicle is spotless and driving like a dream."
556,672,881,2,2024-03-22,Negative,Delivery took over a week past the promised date. Very stressful experience.
557,673,336,5,2024-04-05,Very Positive,"Delivery on schedule, vehicle is spotless and driving like a dream."
558,675,106,5,2024-01-23,Very Positive,"Excellent vehicle, smooth delivery process. Highly recommend New Wheels."
559,676,673,5,2024-01-18,Very Positive,Seamless delivery experience and fantastic performance so far.
560,677,1072,4,2024-03-11,Positive,"Delivery on schedule, vehicle is spotless and driving like a dream."
561,679,1475,5,2024-04-03,Very Positive,Seamless delivery experience and fantastic performance so far.
562,682,499,5,2024-02-17,Very Positive,Vehicle delivered in showroom condition. Very impressed with the quick turnaround!
563,684,1044,5,2024-02-05,Very Positive,Arrived earlier than promised! Driver was courteous and professional.
564,685,177,5,2024-03-05,Very Positive,Arrived earlier than promised! Driver was courteous and professional.
565,686,1391,,2024-02-06,Unrated,
566,687,1569,5,2024-03-25,Very Positive,"Excellent vehicle, smooth delivery process. Highly recommend New Wheels."
567,688,1427,3,2024-01-18,Neutral,"Delivery arrived as scheduled, minor paperwork delay at hand-off."
568,690,1043,4,2024-01-24,Positive,Vehicle delivered in showroom condition. Very impressed with the quick turnaround!
569,691,92,4,2024-03-23,Positive,"Delivery on schedule, vehicle is spotless and driving like a dream."
570,692,656,5,2024-03-08,Very Positive,Seamless delivery experience and fantastic performance so far.
571,693,871,5,2024-01-09,Very Positive,Seamless delivery experience and fantastic performance so far.
572,694,1336,5,2024-03-17,Very Positive,Vehicle delivered in showroom condition. Very impressed with the quick turnaround!
573,695,715,3,2024-03-23,Neutral,"Decent service overall, communication could be slightly clearer."
574,696,349,5,2024-01-15,Very Positive,Vehicle delivered in showroom condition. Very impressed with the quick turnaround!
575,697,1413,5,2024-04-04,Very Positive,"Excellent vehicle, smooth delivery process. Highly recommend New Wheels."
576,698,1300,4,2024-03-26,Positive,"Delivery on schedule, vehicle is spotless and driving like a dream."
577,699,526,5,2024-02-29,Very Positive,Vehicle delivered in showroom condition. Very impressed with the quick turnaround!
578,700,1274,5,2024-01-20,Very Positive,"Excellent vehicle, smooth delivery process. Highly recommend New Wheels."
579,701,115,5,2024-04-03,Very Positive,Arrived earlier than promised! Driver was courteous and professional.
580,704,1523,2,2024-02-27,Negative,Delayed transit by several days with vague tracking updates.
581,705,141,5,2024-03-09,Very Positive,Seamless delivery experience and fantastic performance so far.
582,706,32,4,2024-01-19,Positive,"Excellent vehicle, smooth delivery process. Highly recommend New Wheels."
583,709,783,3,2024-03-19,Neutral,"Decent service overall, communication could be slightly clearer."
584,710,848,5,2024-03-22,Very Positive,Arrived earlier than promised! Driver was courteous and professional.
585,711,49,5,2024-02-17,Very Positive,Arrived earlier than promised! Driver was courteous and professional.
586,712,1565,5,2024-01-11,Very Positive,Arrived earlier than promised! Driver was courteous and professional.
587,714,1050,5,2024-01-30,Very Positive,Vehicle delivered in showroom condition. Very impressed with the quick turnaround!
588,717,1192,5,2024-03-08,Very Positive,Vehicle delivered in showroom condition. Very impressed with the quick turnaround!
589,718,529,3,2024-03-16,Neutral,"Delivery arrived as scheduled, minor paperwork delay at hand-off."
590,719,175,5,2024-01-21,Very Positive,Vehicle delivered in showroom condition. Very impressed with the quick turnaround!
591,720,1362,3,2024-02-03,Neutral,"Decent service overall, communication could be slightly clearer."
592,721,1442,4,2024-02-11,Positive,"Delivery on schedule, vehicle is spotless and driving like a dream."
593,722,312,5,2024-01-17,Very Positive,"Delivery on schedule, vehicle is spotless and driving like a dream."
594,723,1411,5,2024-01-14,Very Positive,"Excellent vehicle, smooth delivery process. Highly recommend New Wheels."
595,724,606,4,2024-01-09,Positive,Arrived earlier than promised! Driver was courteous and professional.
596,725,588,5,2024-02-21,Very Positive,Vehicle delivered in showroom condition. Very impressed with the quick turnaround!
597,726,939,5,2024-01-14,Very Positive,Vehicle delivered in showroom condition. Very impressed with the quick turnaround!
598,727,1465,5,2024-01-23,Very Positive,Seamless delivery experience and fantastic performance so far.
599,728,449,1,2024-03-08,Very Negative,Terrible logistics breakdown. Had to rent a car due to unannounced delivery delays.
600,729,532,4,2024-03-10,Positive,Seamless delivery experience and fantastic performance so far.
601,730,376,4,2024-03-04,Positive,Arrived earlier than promised! Driver was courteous and professional.
602,731,1273,4,2024-01-20,Positive,Seamless delivery experience and fantastic performance so far.
603,732,170,5,2024-03-23,Very Positive,Arrived earlier than promised! Driver was courteous and professional.
604,733,630,5,2024-02-02,Very Positive,Arrived earlier than promised! Driver was courteous and professional.
605,735,1120,5,2024-03-11,Very Positive,"Delivery on schedule, vehicle is spotless and driving like a dream."
606,736,1082,4,2024-01-29,Positive,Vehicle delivered in showroom condition. Very impressed with the quick turnaround!
607,739,1128,,2024-01-20,Unrated,
608,740,973,4,2024-02-13,Positive,Vehicle delivered in showroom condition. Very impressed with the quick turnaround!
609,741,319,2,2024-04-03,Negative,Poor carrier communication regarding rescheduled drop-off.
610,743,909,5,2024-03-22,Very Positive,Vehicle delivered in showroom condition. Very impressed with the quick turnaround!
611,744,228,5,2024-03-18,Very Positive,"Excellent vehicle, smooth delivery process. Highly recommend New Wheels."
612,745,83,4,2024-02-20,Positive,"Excellent vehicle, smooth delivery process. Highly recommend New Wheels."
613,746,1371,5,2024-03-12,Very Positive,"Excellent vehicle, smooth delivery process. Highly recommend New Wheels."
614,747,784,5,2024-03-25,Very Positive,"Delivery on schedule, vehicle is spotless and driving like a dream."
615,749,1329,5,2024-02-04,Very Positive,Seamless delivery experience and fantastic performance so far.
616,750,1231,3,2024-01-12,Neutral,Average delivery experience. Vehicle meets expectations.
617,754,1020,5,2024-02-22,Very Positive,Arrived earlier than promised! Driver was courteous and professional.
618,756,741,5,2024-03-13,Very Positive,Arrived earlier than promised! Driver was courteous and professional.
619,757,1086,5,2024-02-18,Very Positive,"Delivery on schedule, vehicle is spotless and driving like a dream."
620,758,1579,5,2024-01-27,Very Positive,"Excellent vehicle, smooth delivery process. Highly recommend New Wheels."
621,759,773,5,2024-02-11,Very Positive,Seamless delivery experience and fantastic performance so far.
622,760,447,4,2024-02-22,Positive,"Delivery on schedule, vehicle is spotless and driving like a dream."
623,761,1212,5,2024-03-13,Very Positive,"Delivery on schedule, vehicle is spotless and driving like a dream."
624,762,671,5,2024-03-01,Very Positive,Vehicle delivered in showroom condition. Very impressed with the quick turnaround!
625,763,949,5,2024-03-08,Very Positive,Seamless delivery experience and fantastic performance so far.
626,764,267,,2024-03-07,Unrated,
627,765,1334,5,2024-03-06,Very Positive,"Delivery on schedule, vehicle is spotless and driving like a dream."
628,767,1165,5,2024-01-27,Very Positive,Vehicle delivered in showroom condition. Very impressed with the quick turnaround!
629,769,597,4,2024-01-07,Positive,"Excellent vehicle, smooth delivery process. Highly recommend New Wheels."
630,770,909,5,2024-01-30,Very Positive,Seamless delivery experience and fantastic performance so far.
631,771,1255,5,2024-02-24,Very Positive,Vehicle delivered in showroom condition. Very impressed with the quick turnaround!
632,772,242,3,2024-02-04,Neutral,"Decent service overall, communication could be slightly clearer."
633,774,6,4,2024-03-16,Positive,Seamless delivery experience and fantastic performance so far.
634,775,761,5,2024-03-24,Very Positive,Seamless delivery experience and fantastic performance so far.
635,776,507,5,2024-02-21,Very Positive,Vehicle delivered in showroom condition. Very impressed with the quick turnaround!
636,777,1494,4,2024-01-21,Positive,Seamless delivery experience and fantastic performance so far.
637,778,1191,5,2024-03-27,Very Positive,"Delivery on schedule, vehicle is spotless and driving like a dream."
638,779,552,3,2024-03-30,Neutral,"Delivery arrived as scheduled, minor paperwork delay at hand-off."
639,780,1549,5,2024-01-25,Very Positive,"Delivery on schedule, vehicle is spotless and driving like a dream."
640,782,562,5,2024-06-02,Very Positive,Seamless delivery experience and fantastic performance so far.
641,783,1092,5,2024-04-11,Very Positive,Arrived earlier than promised! Driver was courteous and professional.
642,784,133,5,2024-04-21,Very Positive,"Delivery on schedule, vehicle is spotless and driving like a dream."
643,786,1508,3,2024-04-20,Neutral,Vehicle is solid. Transit took the full promised duration.
644,787,1144,3,2024-04-28,Neutral,"Decent service overall, communication could be slightly clearer."
645,788,684,4,2024-04-18,Positive,"Excellent vehicle, smooth delivery process. Highly recommend New Wheels."
646,789,353,4,2024-04-27,Positive,Vehicle delivered in showroom condition. Very impressed with the quick turnaround!
647,790,1138,5,2024-06-24,Very Positive,Arrived earlier than promised! Driver was courteous and professional.
648,791,1043,5,2024-06-03,Very Positive,Seamless delivery experience and fantastic performance so far.
649,792,1342,4,2024-06-22,Positive,Vehicle delivered in showroom condition. Very impressed with the quick turnaround!
650,794,1104,4,2024-06-18,Positive,"Excellent vehicle, smooth delivery process. Highly recommend New Wheels."
651,795,295,5,2024-04-08,Very Positive,Seamless delivery experience and fantastic performance so far.
652,796,725,5,2024-07-07,Very Positive,Seamless delivery experience and fantastic performance so far.
653,797,235,5,2024-06-30,Very Positive,Arrived earlier than promised! Driver was courteous and professional.
654,798,951,5,2024-05-13,Very Positive,Seamless delivery experience and fantastic performance so far.
655,799,569,4,2024-06-30,Positive,"Delivery on schedule, vehicle is spotless and driving like a dream."
656,800,1084,5,2024-05-03,Very Positive,Arrived earlier than promised! Driver was courteous and professional.
657,801,797,5,2024-05-03,Very Positive,Seamless delivery experience and fantastic performance so far.
658,802,85,5,2024-05-30,Very Positive,Seamless delivery experience and fantastic performance so far.
659,803,1282,4,2024-06-09,Positive,Vehicle delivered in showroom condition. Very impressed with the quick turnaround!
660,804,977,5,2024-06-20,Very Positive,"Excellent vehicle, smooth delivery process. Highly recommend New Wheels."
661,805,1071,4,2024-06-13,Positive,Arrived earlier than promised! Driver was courteous and professional.
662,807,1170,2,2024-06-16,Negative,Expected faster fulfillment given the premium price point.
663,808,484,5,2024-04-11,Very Positive,Seamless delivery experience and fantastic performance so far.
664,809,1364,4,2024-05-08,Positive,"Excellent vehicle, smooth delivery process. Highly recommend New Wheels."
665,810,1590,5,2024-06-22,Very Positive,Vehicle delivered in showroom condition. Very impressed with the quick turnaround!
666,812,45,2,2024-06-30,Negative,Expected faster fulfillment given the premium price point.
667,813,61,5,2024-07-01,Very Positive,"Delivery on schedule, vehicle is spotless and driving like a dream."
668,814,165,3,2024-06-20,Neutral,Vehicle is solid. Transit took the full promised duration.
669,815,938,5,2024-05-08,Very Positive,"Delivery on schedule, vehicle is spotless and driving like a dream."
670,816,1362,5,2024-06-14,Very Positive,Arrived earlier than promised! Driver was courteous and professional.
671,817,858,3,2024-06-20,Neutral,"Decent service overall, communication could be slightly clearer."
672,818,1050,5,2024-05-07,Very Positive,Vehicle delivered in showroom condition. Very impressed with the quick turnaround!
673,819,1313,4,2024-05-26,Positive,"Delivery on schedule, vehicle is spotless and driving like a dream."
674,820,410,4,2024-04-22,Positive,Seamless delivery experience and fantastic performance so far.
675,821,1105,5,2024-04-11,Very Positive,Arrived earlier than promised! Driver was courteous and professional.
676,822,669,5,2024-05-18,Very Positive,"Excellent vehicle, smooth delivery process. Highly recommend New Wheels."
677,823,789,5,2024-06-13,Very Positive,Vehicle delivered in showroom condition. Very impressed with the quick turnaround!
678,824,863,5,2024-06-03,Very Positive,Arrived earlier than promised! Driver was courteous and professional.
679,825,993,5,2024-06-11,Very Positive,Vehicle delivered in showroom condition. Very impressed with the quick turnaround!
680,826,940,5,2024-06-21,Very Positive,"Excellent vehicle, smooth delivery process. Highly recommend New Wheels."
681,827,2,5,2024-07-01,Very Positive,Arrived earlier than promised! Driver was courteous and professional.
682,828,871,4,2024-05-07,Positive,"Delivery on schedule, vehicle is spotless and driving like a dream."
683,829,1168,5,2024-06-16,Very Positive,Vehicle delivered in showroom condition. Very impressed with the quick turnaround!
684,830,950,3,2024-05-29,Neutral,Vehicle is solid. Transit took the full promised duration.
685,831,526,1,2024-05-02,Very Negative,Horrible experience! Promised delivery date missed repeatedly. Will not purchase again.
686,832,1209,4,2024-05-03,Positive,"Excellent vehicle, smooth delivery process. Highly recommend New Wheels."
687,833,1455,5,2024-06-17,Very Positive,Arrived earlier than promised! Driver was courteous and professional.
688,835,1337,5,2024-05-14,Very Positive,Vehicle delivered in showroom condition. Very impressed with the quick turnaround!
689,836,175,5,2024-04-10,Very Positive,Vehicle delivered in showroom condition. Very impressed with the quick turnaround!
690,837,1453,5,2024-05-20,Very Positive,Vehicle delivered in showroom condition. Very impressed with the quick turnaround!
691,838,1145,5,2024-06-25,Very Positive,Arrived earlier than promised! Driver was courteous and professional.
692,840,595,3,2024-06-27,Neutral,Vehicle is solid. Transit took the full promised duration.
693,843,1499,5,2024-05-03,Very Positive,Vehicle delivered in showroom condition. Very impressed with the quick turnaround!
694,844,1095,4,2024-05-31,Positive,Vehicle delivered in showroom condition. Very impressed with the quick turnaround!
695,845,1600,4,2024-07-10,Positive,Vehicle delivered in showroom condition. Very impressed with the quick turnaround!
696,846,1043,4,2024-06-18,Positive,"Delivery on schedule, vehicle is spotless and driving like a dream."
697,848,654,4,2024-04-06,Positive,"Delivery on schedule, vehicle is spotless and driving like a dream."
698,849,329,5,2024-05-25,Very Positive,Arrived earlier than promised! Driver was courteous and professional.
699,850,693,5,2024-04-26,Very Positive,Seamless delivery experience and fantastic performance so far.
700,851,615,2,2024-06-25,Negative,Delayed transit by several days with vague tracking updates.
701,852,1228,5,2024-07-05,Very Positive,Arrived earlier than promised! Driver was courteous and professional.
702,853,703,3,2024-06-18,Neutral,"Decent service overall, communication could be slightly clearer."
703,855,1391,4,2024-04-14,Positive,"Delivery on schedule, vehicle is spotless and driving like a dream."
704,856,996,4,2024-05-12,Positive,Arrived earlier than promised! Driver was courteous and professional.
705,857,283,5,2024-05-07,Very Positive,"Excellent vehicle, smooth delivery process. Highly recommend New Wheels."
706,858,678,4,2024-06-11,Positive,Vehicle delivered in showroom condition. Very impressed with the quick turnaround!
707,859,545,4,2024-06-29,Positive,Seamless delivery experience and fantastic performance so far.
708,860,1024,5,2024-06-27,Very Positive,Seamless delivery experience and fantastic performance so far.
709,861,273,5,2024-05-28,Very Positive,Arrived earlier than promised! Driver was courteous and professional.
710,863,718,,2024-05-27,Unrated,
711,864,253,2,2024-07-07,Negative,Delayed transit by several days with vague tracking updates.
712,866,139,5,2024-04-08,Very Positive,Seamless delivery experience and fantastic performance so far.
713,867,429,5,2024-05-10,Very Positive,Arrived earlier than promised! Driver was courteous and professional.
714,868,958,5,2024-07-08,Very Positive,Arrived earlier than promised! Driver was courteous and professional.
715,869,880,5,2024-05-29,Very Positive,Vehicle delivered in showroom condition. Very impressed with the quick turnaround!
716,870,101,4,2024-05-22,Positive,Vehicle delivered in showroom condition. Very impressed with the quick turnaround!
717,871,886,5,2024-06-20,Very Positive,"Excellent vehicle, smooth delivery process. Highly recommend New Wheels."
718,872,274,5,2024-05-13,Very Positive,Seamless delivery experience and fantastic performance so far.
719,873,693,2,2024-05-08,Negative,Poor carrier communication regarding rescheduled drop-off.
720,874,145,4,2024-04-24,Positive,Arrived earlier than promised! Driver was courteous and professional.
721,876,438,4,2024-05-12,Positive,"Excellent vehicle, smooth delivery process. Highly recommend New Wheels."
722,879,110,5,2024-07-07,Very Positive,"Delivery on schedule, vehicle is spotless and driving like a dream."
723,880,881,4,2024-04-08,Positive,Arrived earlier than promised! Driver was courteous and professional.
724,881,580,4,2024-05-31,Positive,"Delivery on schedule, vehicle is spotless and driving like a dream."
725,883,426,4,2024-07-07,Positive,Vehicle delivered in showroom condition. Very impressed with the quick turnaround!
726,884,214,5,2024-04-25,Very Positive,Seamless delivery experience and fantastic performance so far.
727,885,1212,5,2024-04-25,Very Positive,"Excellent vehicle, smooth delivery process. Highly recommend New Wheels."
728,886,132,5,2024-06-11,Very Positive,"Delivery on schedule, vehicle is spotless and driving like a dream."
729,887,1165,5,2024-05-17,Very Positive,Arrived earlier than promised! Driver was courteous and professional.
730,888,909,5,2024-06-15,Very Positive,"Excellent vehicle, smooth delivery process. Highly recommend New Wheels."
731,889,289,4,2024-04-23,Positive,"Excellent vehicle, smooth delivery process. Highly recommend New Wheels."
732,890,1363,4,2024-05-15,Positive,Vehicle delivered in showroom condition. Very impressed with the quick turnaround!
733,891,915,5,2024-04-15,Very Positive,Vehicle delivered in showroom condition. Very impressed with the quick turnaround!
734,892,533,5,2024-04-26,Very Positive,"Delivery on schedule, vehicle is spotless and driving like a dream."
735,893,963,3,2024-06-03,Neutral,Vehicle is solid. Transit took the full promised duration.
736,894,125,3,2024-06-16,Neutral,"Delivery arrived as scheduled, minor paperwork delay at hand-off."
737,896,1249,5,2024-05-04,Very Positive,"Delivery on schedule, vehicle is spotless and driving like a dream."
738,897,1021,5,2024-04-09,Very Positive,"Delivery on schedule, vehicle is spotless and driving like a dream."
739,899,1118,3,2024-06-05,Neutral,"Delivery arrived as scheduled, minor paperwork delay at hand-off."
740,900,1052,4,2024-06-29,Positive,Arrived earlier than promised! Driver was courteous and professional.
741,901,812,5,2024-06-29,Very Positive,Arrived earlier than promised! Driver was courteous and professional.
742,902,1276,3,2024-06-21,Neutral,Vehicle is solid. Transit took the full promised duration.
743,904,1154,5,2024-05-22,Very Positive,Vehicle delivered in showroom condition. Very impressed with the quick turnaround!
744,905,1187,1,2024-06-10,Very Negative,Horrible experience! Promised delivery date missed repeatedly. Will not purchase again.
745,906,1131,5,2024-04-17,Very Positive,Seamless delivery experience and fantastic performance so far.
746,907,1116,5,2024-06-19,Very Positive,"Delivery on schedule, vehicle is spotless and driving like a dream."
747,908,620,5,2024-04-14,Very Positive,"Excellent vehicle, smooth delivery process. Highly recommend New Wheels."
748,909,35,4,2024-05-31,Positive,"Delivery on schedule, vehicle is spotless and driving like a dream."
749,910,1106,1,2024-06-18,Very Negative,Unacceptable delay! Over two weeks late with zero customer support response.
750,911,450,5,2024-06-08,Very Positive,"Delivery on schedule, vehicle is spotless and driving like a dream."
751,912,497,3,2024-06-06,Neutral,Vehicle is solid. Transit took the full promised duration.
752,913,914,2,2024-05-21,Negative,Poor carrier communication regarding rescheduled drop-off.
753,914,68,5,2024-06-03,Very Positive,"Delivery on schedule, vehicle is spotless and driving like a dream."
754,915,1460,5,2024-06-12,Very Positive,"Delivery on schedule, vehicle is spotless and driving like a dream."
755,916,1591,5,2024-06-01,Very Positive,Arrived earlier than promised! Driver was courteous and professional.
756,917,540,4,2024-06-26,Positive,Vehicle delivered in showroom condition. Very impressed with the quick turnaround!
757,918,983,5,2024-06-02,Very Positive,Seamless delivery experience and fantastic performance so far.
758,919,214,5,2024-06-30,Very Positive,Seamless delivery experience and fantastic performance so far.
759,920,1243,3,2024-05-07,Neutral,Vehicle is solid. Transit took the full promised duration.
760,921,788,5,2024-05-18,Very Positive,"Delivery on schedule, vehicle is spotless and driving like a dream."
761,922,906,4,2024-04-22,Positive,Vehicle delivered in showroom condition. Very impressed with the quick turnaround!
762,923,615,4,2024-05-10,Positive,Arrived earlier than promised! Driver was courteous and professional.
763,924,264,4,2024-04-10,Positive,"Excellent vehicle, smooth delivery process. Highly recommend New Wheels."
764,925,1535,5,2024-06-26,Very Positive,"Excellent vehicle, smooth delivery process. Highly recommend New Wheels."
765,926,160,4,2024-05-31,Positive,Seamless delivery experience and fantastic performance so far.
766,927,451,5,2024-04-25,Very Positive,"Delivery on schedule, vehicle is spotless and driving like a dream."
767,928,148,5,2024-04-09,Very Positive,Arrived earlier than promised! Driver was courteous and professional.
768,929,810,5,2024-04-15,Very Positive,Vehicle delivered in showroom condition. Very impressed with the quick turnaround!
769,930,1537,5,2024-06-21,Very Positive,Arrived earlier than promised! Driver was courteous and professional.
770,932,427,5,2024-04-17,Very Positive,Arrived earlier than promised! Driver was courteous and professional.
771,933,479,5,2024-06-06,Very Positive,Vehicle delivered in showroom condition. Very impressed with the quick turnaround!
772,934,956,5,2024-04-24,Very Positive,"Excellent vehicle, smooth delivery process. Highly recommend New Wheels."
773,936,133,5,2024-04-19,Very Positive,"Delivery on schedule, vehicle is spotless and driving like a dream."
774,937,1075,5,2024-06-30,Very Positive,"Excellent vehicle, smooth delivery process. Highly recommend New Wheels."
775,938,501,,2024-06-20,Unrated,
776,940,272,5,2024-04-19,Very Positive,"Excellent vehicle, smooth delivery process. Highly recommend New Wheels."
777,941,422,3,2024-06-04,Neutral,Vehicle is solid. Transit took the full promised duration.
778,942,287,5,2024-04-14,Very Positive,"Delivery on schedule, vehicle is spotless and driving like a dream."
779,943,423,5,2024-04-20,Very Positive,Arrived earlier than promised! Driver was courteous and professional.
780,944,612,4,2024-04-23,Positive,"Delivery on schedule, vehicle is spotless and driving like a dream."
781,945,970,5,2024-05-20,Very Positive,Seamless delivery experience and fantastic performance so far.
782,946,828,5,2024-05-27,Very Positive,Seamless delivery experience and fantastic performance so far.
783,947,1269,5,2024-06-27,Very Positive,"Excellent vehicle, smooth delivery process. Highly recommend New Wheels."
784,948,807,4,2024-05-11,Positive,Seamless delivery experience and fantastic performance so far.
785,949,1214,3,2024-05-15,Neutral,Vehicle is solid. Transit took the full promised duration.
786,951,1262,5,2024-06-19,Very Positive,"Delivery on schedule, vehicle is spotless and driving like a dream."
787,952,1157,3,2024-06-27,Neutral,"Decent service overall, communication could be slightly clearer."
788,954,403,5,2024-05-14,Very Positive,Arrived earlier than promised! Driver was courteous and professional.
789,955,421,2,2024-05-28,Negative,Delayed transit by several days with vague tracking updates.
790,956,785,5,2024-06-30,Very Positive,Seamless delivery experience and fantastic performance so far.
791,957,221,4,2024-06-20,Positive,Vehicle delivered in showroom condition. Very impressed with the quick turnaround!
792,958,442,5,2024-05-03,Very Positive,Vehicle delivered in showroom condition. Very impressed with the quick turnaround!
793,959,1011,2,2024-04-18,Negative,Delayed transit by several days with vague tracking updates.
794,960,331,4,2024-05-14,Positive,Vehicle delivered in showroom condition. Very impressed with the quick turnaround!
795,961,505,3,2024-06-26,Neutral,Vehicle is solid. Transit took the full promised duration.
796,962,370,1,2024-05-18,Very Negative,Unacceptable delay! Over two weeks late with zero customer support response.
797,963,201,5,2024-06-07,Very Positive,"Delivery on schedule, vehicle is spotless and driving like a dream."
798,964,181,4,2024-06-17,Positive,"Delivery on schedule, vehicle is spotless and driving like a dream."
799,965,976,5,2024-05-02,Very Positive,"Excellent vehicle, smooth delivery process. Highly recommend New Wheels."
800,967,54,3,2024-04-16,Neutral,"Decent service overall, communication could be slightly clearer."
801,969,1444,3,2024-06-19,Neutral,"Delivery arrived as scheduled, minor paperwork delay at hand-off."
802,970,713,5,2024-05-25,Very Positive,"Excellent vehicle, smooth delivery process. Highly recommend New Wheels."
803,972,228,1,2024-07-01,Very Negative,Unacceptable delay! Over two weeks late with zero customer support response.
804,974,228,5,2024-05-01,Very Positive,Seamless delivery experience and fantastic performance so far.
805,975,66,4,2024-06-11,Positive,Seamless delivery experience and fantastic performance so far.
806,976,1586,4,2024-05-20,Positive,Vehicle delivered in showroom condition. Very impressed with the quick turnaround!
807,978,49,2,2024-04-11,Negative,Delayed transit by several days with vague tracking updates.
808,979,931,5,2024-06-28,Very Positive,Seamless delivery experience and fantastic performance so far.
809,981,1472,3,2024-06-28,Neutral,Average delivery experience. Vehicle meets expectations.
810,982,627,5,2024-05-28,Very Positive,Vehicle delivered in showroom condition. Very impressed with the quick turnaround!
811,983,314,4,2024-07-05,Positive,Arrived earlier than promised! Driver was courteous and professional.
812,985,1332,5,2024-06-19,Very Positive,"Excellent vehicle, smooth delivery process. Highly recommend New Wheels."
813,986,370,5,2024-06-08,Very Positive,"Delivery on schedule, vehicle is spotless and driving like a dream."
814,987,561,5,2024-04-07,Very Positive,Arrived earlier than promised! Driver was courteous and professional.
815,988,1198,5,2024-05-16,Very Positive,Seamless delivery experience and fantastic performance so far.
816,989,1271,5,2024-05-05,Very Positive,Seamless delivery experience and fantastic performance so far.
817,990,1240,2,2024-04-14,Negative,Delayed transit by several days with vague tracking updates.
818,991,1576,5,2024-05-17,Very Positive,Vehicle delivered in showroom condition. Very impressed with the quick turnaround!
819,992,1540,5,2024-05-30,Very Positive,Seamless delivery experience and fantastic performance so far.
820,993,1376,5,2024-04-13,Very Positive,Vehicle delivered in showroom condition. Very impressed with the quick turnaround!
821,995,634,5,2024-05-21,Very Positive,Seamless delivery experience and fantastic performance so far.
822,996,1334,4,2024-04-19,Positive,"Excellent vehicle, smooth delivery process. Highly recommend New Wheels."
823,997,243,4,2024-04-10,Positive,Arrived earlier than promised! Driver was courteous and professional.
824,998,1350,5,2024-04-18,Very Positive,"Excellent vehicle, smooth delivery process. Highly recommend New Wheels."
825,999,427,3,2024-07-03,Neutral,Vehicle is solid. Transit took the full promised duration.
826,1000,1255,4,2024-04-25,Positive,Vehicle delivered in showroom condition. Very impressed with the quick turnaround!
827,1001,312,4,2024-04-16,Positive,Vehicle delivered in showroom condition. Very impressed with the quick turnaround!
828,1002,1103,5,2024-05-03,Very Positive,"Delivery on schedule, vehicle is spotless and driving like a dream."
829,1003,1018,3,2024-05-01,Neutral,"Decent service overall, communication could be slightly clearer."
830,1004,805,5,2024-04-29,Very Positive,Arrived earlier than promised! Driver was courteous and professional.
831,1005,510,5,2024-05-07,Very Positive,"Delivery on schedule, vehicle is spotless and driving like a dream."
832,1006,328,5,2024-05-15,Very Positive,"Excellent vehicle, smooth delivery process. Highly recommend New Wheels."
833,1007,316,4,2024-06-21,Positive,"Excellent vehicle, smooth delivery process. Highly recommend New Wheels."
834,1009,1346,4,2024-05-16,Positive,"Excellent vehicle, smooth delivery process. Highly recommend New Wheels."
835,1010,1065,2,2024-04-27,Negative,Delivery took over a week past the promised date. Very stressful experience.
836,1011,320,4,2024-06-05,Positive,"Excellent vehicle, smooth delivery process. Highly recommend New Wheels."
837,1012,834,5,2024-04-09,Very Positive,Vehicle delivered in showroom condition. Very impressed with the quick turnaround!
838,1013,1031,5,2024-07-03,Very Positive,"Delivery on schedule, vehicle is spotless and driving like a dream."
839,1014,1416,2,2024-05-01,Negative,Poor carrier communication regarding rescheduled drop-off.
840,1015,1228,4,2024-05-31,Positive,Seamless delivery experience and fantastic performance so far.
841,1018,1408,5,2024-06-13,Very Positive,Seamless delivery experience and fantastic performance so far.
842,1019,25,5,2024-04-13,Very Positive,Vehicle delivered in showroom condition. Very impressed with the quick turnaround!
843,1020,1246,,2024-04-20,Unrated,
844,1022,1460,3,2024-05-22,Neutral,Vehicle is solid. Transit took the full promised duration.
845,1023,138,5,2024-05-26,Very Positive,"Delivery on schedule, vehicle is spotless and driving like a dream."
846,1024,1435,1,2024-06-16,Very Negative,Horrible experience! Promised delivery date missed repeatedly. Will not purchase again.
847,1025,427,5,2024-06-17,Very Positive,"Excellent vehicle, smooth delivery process. Highly recommend New Wheels."
848,1026,1326,3,2024-06-02,Neutral,Average delivery experience. Vehicle meets expectations.
849,1027,10,5,2024-04-21,Very Positive,Seamless delivery experience and fantastic performance so far.
850,1029,799,,2024-06-28,Unrated,
851,1030,1002,3,2024-05-17,Neutral,"Decent service overall, communication could be slightly clearer."
852,1031,717,4,2024-07-07,Positive,Vehicle delivered in showroom condition. Very impressed with the quick turnaround!
853,1032,751,5,2024-04-10,Very Positive,Seamless delivery experience and fantastic performance so far.
854,1034,686,3,2024-07-05,Neutral,"Delivery arrived as scheduled, minor paperwork delay at hand-off."
855,1035,1291,5,2024-06-11,Very Positive,Arrived earlier than promised! Driver was courteous and professional.
856,1036,424,4,2024-06-09,Positive,"Excellent vehicle, smooth delivery process. Highly recommend New Wheels."
857,1038,1347,3,2024-05-04,Neutral,Average delivery experience. Vehicle meets expectations.
858,1039,1585,5,2024-06-30,Very Positive,"Delivery on schedule, vehicle is spotless and driving like a dream."
859,1040,693,4,2024-04-12,Positive,Seamless delivery experience and fantastic performance so far.
860,1041,1562,5,2024-05-25,Very Positive,"Excellent vehicle, smooth delivery process. Highly recommend New Wheels."
861,1042,635,4,2024-06-14,Positive,Seamless delivery experience and fantastic performance so far.
862,1043,1447,5,2024-04-11,Very Positive,Vehicle delivered in showroom condition. Very impressed with the quick turnaround!
863,1044,1382,4,2024-04-24,Positive,Seamless delivery experience and fantastic performance so far.
864,1045,181,5,2024-04-15,Very Positive,"Delivery on schedule, vehicle is spotless and driving like a dream."
865,1046,286,4,2024-06-11,Positive,Arrived earlier than promised! Driver was courteous and professional.
866,1048,484,5,2024-05-04,Very Positive,"Excellent vehicle, smooth delivery process. Highly recommend New Wheels."
867,1049,377,3,2024-05-03,Neutral,"Decent service overall, communication could be slightly clearer."
868,1050,1190,5,2024-04-29,Very Positive,Arrived earlier than promised! Driver was courteous and professional.
869,1051,779,5,2024-06-26,Very Positive,"Excellent vehicle, smooth delivery process. Highly recommend New Wheels."
870,1052,1599,5,2024-04-18,Very Positive,"Excellent vehicle, smooth delivery process. Highly recommend New Wheels."
871,1053,632,5,2024-04-17,Very Positive,"Excellent vehicle, smooth delivery process. Highly recommend New Wheels."
872,1054,1007,,2024-06-17,Unrated,
873,1055,28,5,2024-04-24,Very Positive,"Delivery on schedule, vehicle is spotless and driving like a dream."
874,1056,1115,4,2024-05-22,Positive,"Excellent vehicle, smooth delivery process. Highly recommend New Wheels."
875,1057,354,3,2024-06-30,Neutral,"Decent service overall, communication could be slightly clearer."
876,1058,1414,5,2024-06-13,Very Positive,"Excellent vehicle, smooth delivery process. Highly recommend New Wheels."
877,1060,1099,5,2024-06-01,Very Positive,Arrived earlier than promised! Driver was courteous and professional.
878,1061,879,5,2024-06-28,Very Positive,"Excellent vehicle, smooth delivery process. Highly recommend New Wheels."
879,1062,965,5,2024-06-05,Very Positive,Arrived earlier than promised! Driver was courteous and professional.
880,1063,1415,5,2024-05-15,Very Positive,"Delivery on schedule, vehicle is spotless and driving like a dream."
881,1064,339,5,2024-05-12,Very Positive,"Excellent vehicle, smooth delivery process. Highly recommend New Wheels."
882,1065,1209,5,2024-04-27,Very Positive,Vehicle delivered in showroom condition. Very impressed with the quick turnaround!
883,1066,1262,4,2024-07-03,Positive,"Delivery on schedule, vehicle is spotless and driving like a dream."
884,1067,1407,5,2024-05-08,Very Positive,Seamless delivery experience and fantastic performance so far.
885,1068,60,4,2024-07-01,Positive,Arrived earlier than promised! Driver was courteous and professional.
886,1070,1237,5,2024-06-02,Very Positive,Arrived earlier than promised! Driver was courteous and professional.
887,1071,451,5,2024-05-18,Very Positive,Seamless delivery experience and fantastic performance so far.
888,1072,288,5,2024-05-31,Very Positive,"Excellent vehicle, smooth delivery process. Highly recommend New Wheels."
889,1073,1077,5,2024-04-10,Very Positive,"Excellent vehicle, smooth delivery process. Highly recommend New Wheels."
890,1074,1225,4,2024-05-07,Positive,Seamless delivery experience and fantastic performance so far.
891,1075,858,5,2024-07-02,Very Positive,Arrived earlier than promised! Driver was courteous and professional.
892,1076,1332,5,2024-04-17,Very Positive,Seamless delivery experience and fantastic performance so far.
893,1078,1449,5,2024-05-09,Very Positive,"Delivery on schedule, vehicle is spotless and driving like a dream."
894,1079,1389,4,2024-06-07,Positive,"Excellent vehicle, smooth delivery process. Highly recommend New Wheels."
895,1080,1043,5,2024-05-04,Very Positive,"Delivery on schedule, vehicle is spotless and driving like a dream."
896,1081,155,5,2024-05-09,Very Positive,"Excellent vehicle, smooth delivery process. Highly recommend New Wheels."
897,1083,1067,5,2024-05-01,Very Positive,"Excellent vehicle, smooth delivery process. Highly recommend New Wheels."
898,1086,305,4,2024-05-26,Positive,Vehicle delivered in showroom condition. Very impressed with the quick turnaround!
899,1087,249,4,2024-07-01,Positive,"Delivery on schedule, vehicle is spotless and driving like a dream."
900,1090,657,5,2024-06-13,Very Positive,Arrived earlier than promised! Driver was courteous and professional.
901,1091,968,5,2024-05-25,Very Positive,Vehicle delivered in showroom condition. Very impressed with the quick turnaround!
902,1093,903,4,2024-05-26,Positive,Vehicle delivered in showroom condition. Very impressed with the quick turnaround!
903,1095,273,,2024-06-01,Unrated,
904,1096,1246,5,2024-06-13,Very Positive,"Excellent vehicle, smooth delivery process. Highly recommend New Wheels."
905,1097,474,4,2024-04-10,Positive,"Delivery on schedule, vehicle is spotless and driving like a dream."
906,1098,297,5,2024-04-29,Very Positive,Vehicle delivered in showroom condition. Very impressed with the quick turnaround!
907,1099,168,5,2024-05-10,Very Positive,"Excellent vehicle, smooth delivery process. Highly recommend New Wheels."
908,1100,821,5,2024-07-08,Very Positive,"Excellent vehicle, smooth delivery process. Highly recommend New Wheels."
909,1101,647,3,2024-06-26,Neutral,"Decent service overall, communication could be slightly clearer."
910,1102,1133,5,2024-06-12,Very Positive,Seamless delivery experience and fantastic performance so far.
911,1103,410,5,2024-04-22,Very Positive,"Delivery on schedule, vehicle is spotless and driving like a dream."
912,1104,447,5,2024-05-17,Very Positive,Seamless delivery experience and fantastic performance so far.
913,1105,27,5,2024-07-04,Very Positive,Vehicle delivered in showroom condition. Very impressed with the quick turnaround!
914,1106,971,4,2024-05-10,Positive,Arrived earlier than promised! Driver was courteous and professional.
915,1107,1032,5,2024-06-14,Very Positive,Seamless delivery experience and fantastic performance so far.
916,1108,1592,5,2024-04-24,Very Positive,Arrived earlier than promised! Driver was courteous and professional.
917,1109,368,5,2024-06-08,Very Positive,Arrived earlier than promised! Driver was courteous and professional.
918,1112,278,5,2024-06-20,Very Positive,Vehicle delivered in showroom condition. Very impressed with the quick turnaround!
919,1113,132,5,2024-05-29,Very Positive,Seamless delivery experience and fantastic performance so far.
920,1114,23,4,2024-07-06,Positive,Seamless delivery experience and fantastic performance so far.
921,1115,889,5,2024-05-02,Very Positive,Vehicle delivered in showroom condition. Very impressed with the quick turnaround!
922,1116,502,5,2024-04-25,Very Positive,"Delivery on schedule, vehicle is spotless and driving like a dream."
923,1117,689,4,2024-05-30,Positive,"Excellent vehicle, smooth delivery process. Highly recommend New Wheels."
924,1118,1304,4,2024-04-15,Positive,Vehicle delivered in showroom condition. Very impressed with the quick turnaround!
925,1119,652,5,2024-04-12,Very Positive,"Excellent vehicle, smooth delivery process. Highly recommend New Wheels."
926,1120,479,5,2024-06-22,Very Positive,Vehicle delivered in showroom condition. Very impressed with the quick turnaround!
927,1121,626,5,2024-06-26,Very Positive,Seamless delivery experience and fantastic performance so far.
928,1123,1254,5,2024-06-14,Very Positive,"Delivery on schedule, vehicle is spotless and driving like a dream."
929,1124,704,5,2024-04-27,Very Positive,"Excellent vehicle, smooth delivery process. Highly recommend New Wheels."
930,1125,510,5,2024-06-29,Very Positive,Vehicle delivered in showroom condition. Very impressed with the quick turnaround!
931,1126,1126,4,2024-05-11,Positive,Arrived earlier than promised! Driver was courteous and professional.
932,1128,175,5,2024-07-02,Very Positive,"Excellent vehicle, smooth delivery process. Highly recommend New Wheels."
933,1129,858,5,2024-06-08,Very Positive,Seamless delivery experience and fantastic performance so far.
934,1130,425,2,2024-05-07,Negative,Expected faster fulfillment given the premium price point.
935,1131,1181,5,2024-05-30,Very Positive,"Delivery on schedule, vehicle is spotless and driving like a dream."
936,1132,255,4,2024-06-22,Positive,"Excellent vehicle, smooth delivery process. Highly recommend New Wheels."
937,1133,147,5,2024-05-16,Very Positive,Seamless delivery experience and fantastic performance so far.
938,1134,453,5,2024-05-18,Very Positive,"Delivery on schedule, vehicle is spotless and driving like a dream."
939,1135,1032,4,2024-06-27,Positive,"Excellent vehicle, smooth delivery process. Highly recommend New Wheels."
940,1136,106,4,2024-05-21,Positive,Seamless delivery experience and fantastic performance so far.
941,1137,309,4,2024-05-04,Positive,Arrived earlier than promised! Driver was courteous and professional.
942,1138,945,4,2024-05-12,Positive,"Delivery on schedule, vehicle is spotless and driving like a dream."
943,1139,1136,4,2024-06-26,Positive,Arrived earlier than promised! Driver was courteous and professional.
944,1140,390,5,2024-04-25,Very Positive,Arrived earlier than promised! Driver was courteous and professional.
945,1141,957,4,2024-05-01,Positive,"Delivery on schedule, vehicle is spotless and driving like a dream."
946,1142,1318,5,2024-04-13,Very Positive,Arrived earlier than promised! Driver was courteous and professional.
947,1143,1076,4,2024-05-11,Positive,Seamless delivery experience and fantastic performance so far.
948,1144,66,5,2024-05-28,Very Positive,Seamless delivery experience and fantastic performance so far.
949,1145,1544,4,2024-05-19,Positive,"Excellent vehicle, smooth delivery process. Highly recommend New Wheels."
950,1146,157,4,2024-05-15,Positive,"Delivery on schedule, vehicle is spotless and driving like a dream."
951,1147,1334,5,2024-05-31,Very Positive,"Delivery on schedule, vehicle is spotless and driving like a dream."
952,1148,1417,5,2024-04-15,Very Positive,"Excellent vehicle, smooth delivery process. Highly recommend New Wheels."
953,1149,319,5,2024-07-06,Very Positive,Seamless delivery experience and fantastic performance so far.
954,1150,185,5,2024-05-05,Very Positive,Arrived earlier than promised! Driver was courteous and professional.
955,1151,1348,5,2024-06-24,Very Positive,"Excellent vehicle, smooth delivery process. Highly recommend New Wheels."
956,1152,418,3,2024-06-12,Neutral,Average delivery experience. Vehicle meets expectations.
957,1153,161,4,2024-05-17,Positive,"Delivery on schedule, vehicle is spotless and driving like a dream."
958,1154,1071,5,2024-04-15,Very Positive,Arrived earlier than promised! Driver was courteous and professional.
959,1155,353,4,2024-06-26,Positive,"Excellent vehicle, smooth delivery process. Highly recommend New Wheels."
960,1156,355,4,2024-05-02,Positive,Vehicle delivered in showroom condition. Very impressed with the quick turnaround!
961,1158,111,1,2024-05-26,Very Negative,Horrible experience! Promised delivery date missed repeatedly. Will not purchase again.
962,1159,621,4,2024-05-21,Positive,Seamless delivery experience and fantastic performance so far.
963,1160,290,4,2024-06-25,Positive,Vehicle delivered in showroom condition. Very impressed with the quick turnaround!
964,1161,1313,5,2024-07-05,Very Positive,"Excellent vehicle, smooth delivery process. Highly recommend New Wheels."
965,1162,312,3,2024-06-11,Neutral,"Delivery arrived as scheduled, minor paperwork delay at hand-off."
966,1164,324,4,2024-04-15,Positive,"Delivery on schedule, vehicle is spotless and driving like a dream."
967,1166,779,4,2024-06-14,Positive,Arrived earlier than promised! Driver was courteous and professional.
968,1167,818,5,2024-06-05,Very Positive,Arrived earlier than promised! Driver was courteous and professional.
969,1168,989,4,2024-05-07,Positive,"Delivery on schedule, vehicle is spotless and driving like a dream."
970,1170,1489,4,2024-04-16,Positive,"Delivery on schedule, vehicle is spotless and driving like a dream."
971,1171,531,5,2024-04-08,Very Positive,Vehicle delivered in showroom condition. Very impressed with the quick turnaround!
972,1172,1154,5,2024-05-14,Very Positive,Vehicle delivered in showroom condition. Very impressed with the quick turnaround!
973,1173,453,4,2024-06-22,Positive,Arrived earlier than promised! Driver was courteous and professional.
974,1174,306,5,2024-05-23,Very Positive,Seamless delivery experience and fantastic performance so far.
975,1175,86,4,2024-05-12,Positive,"Excellent vehicle, smooth delivery process. Highly recommend New Wheels."
976,1177,167,5,2024-04-29,Very Positive,"Excellent vehicle, smooth delivery process. Highly recommend New Wheels."
977,1179,1268,3,2024-04-28,Neutral,"Delivery arrived as scheduled, minor paperwork delay at hand-off."
978,1180,1085,5,2024-06-26,Very Positive,Vehicle delivered in showroom condition. Very impressed with the quick turnaround!
979,1181,78,5,2024-05-26,Very Positive,"Delivery on schedule, vehicle is spotless and driving like a dream."
980,1182,841,5,2024-04-27,Very Positive,Seamless delivery experience and fantastic performance so far.
981,1183,1134,5,2024-05-03,Very Positive,"Excellent vehicle, smooth delivery process. Highly recommend New Wheels."
982,1184,669,4,2024-04-20,Positive,"Excellent vehicle, smooth delivery process. Highly recommend New Wheels."
983,1186,715,4,2024-04-27,Positive,Arrived earlier than promised! Driver was courteous and professional.
984,1187,1330,5,2024-05-17,Very Positive,Seamless delivery experience and fantastic performance so far.
985,1188,1083,4,2024-05-24,Positive,Arrived earlier than promised! Driver was courteous and professional.
986,1189,1153,2,2024-04-22,Negative,Delivery took over a week past the promised date. Very stressful experience.
987,1190,565,5,2024-05-24,Very Positive,Arrived earlier than promised! Driver was courteous and professional.
988,1191,1193,5,2024-05-28,Very Positive,"Excellent vehicle, smooth delivery process. Highly recommend New Wheels."
989,1192,1009,5,2024-06-12,Very Positive,Seamless delivery experience and fantastic performance so far.
990,1193,709,5,2024-05-16,Very Positive,Seamless delivery experience and fantastic performance so far.
991,1194,539,5,2024-05-16,Very Positive,"Delivery on schedule, vehicle is spotless and driving like a dream."
992,1195,213,5,2024-05-21,Very Positive,"Delivery on schedule, vehicle is spotless and driving like a dream."
993,1197,705,4,2024-06-22,Positive,"Delivery on schedule, vehicle is spotless and driving like a dream."
994,1198,241,5,2024-05-10,Very Positive,"Delivery on schedule, vehicle is spotless and driving like a dream."
995,1199,197,5,2024-06-02,Very Positive,Vehicle delivered in showroom condition. Very impressed with the quick turnaround!
996,1200,1023,,2024-06-16,Unrated,
997,1201,64,5,2024-05-19,Very Positive,"Excellent vehicle, smooth delivery process. Highly recommend New Wheels."
998,1202,1084,5,2024-07-07,Very Positive,Seamless delivery experience and fantastic performance so far.
999,1203,878,4,2024-05-25,Positive,Seamless delivery experience and fantastic performance so far.
1000,1205,465,5,2024-05-19,Very Positive,Vehicle delivered in showroom condition. Very impressed with the quick turnaround!
1001,1206,1573,5,2024-07-05,Very Positive,Vehicle delivered in showroom condition. Very impressed with the quick turnaround!
1002,1207,232,5,2024-06-13,Very Positive,"Delivery on schedule, vehicle is spotless and driving like a dream."
1003,1208,402,,2024-04-21,Unrated,
1004,1209,1120,5,2024-06-11,Very Positive,Arrived earlier than promised! Driver was courteous and professional.
1005,1210,774,,2024-06-27,Unrated,
1006,1212,206,5,2024-06-29,Very Positive,Seamless delivery experience and fantastic performance so far.
1007,1214,1593,5,2024-05-28,Very Positive,"Delivery on schedule, vehicle is spotless and driving like a dream."
1008,1217,1375,5,2024-06-17,Very Positive,Vehicle delivered in showroom condition. Very impressed with the quick turnaround!
1009,1218,42,5,2024-05-30,Very Positive,Vehicle delivered in showroom condition. Very impressed with the quick turnaround!
1010,1219,923,5,2024-07-08,Very Positive,"Excellent vehicle, smooth delivery process. Highly recommend New Wheels."
1011,1220,359,4,2024-04-10,Positive,Arrived earlier than promised! Driver was courteous and professional.
1012,1221,8,5,2024-04-29,Very Positive,"Delivery on schedule, vehicle is spotless and driving like a dream."
1013,1222,1549,4,2024-05-07,Positive,"Excellent vehicle, smooth delivery process. Highly recommend New Wheels."
1014,1223,520,5,2024-05-17,Very Positive,Vehicle delivered in showroom condition. Very impressed with the quick turnaround!
1015,1224,501,5,2024-04-30,Very Positive,"Excellent vehicle, smooth delivery process. Highly recommend New Wheels."
1016,1225,1433,4,2024-04-22,Positive,Vehicle delivered in showroom condition. Very impressed with the quick turnaround!
1017,1226,1293,2,2024-06-04,Negative,Expected faster fulfillment given the premium price point.
1018,1227,128,5,2024-04-13,Very Positive,Seamless delivery experience and fantastic performance so far.
1019,1228,1480,4,2024-05-01,Positive,Vehicle delivered in showroom condition. Very impressed with the quick turnaround!
1020,1229,899,5,2024-06-20,Very Positive,"Excellent vehicle, smooth delivery process. Highly recommend New Wheels."
1021,1230,1196,4,2024-06-24,Positive,"Excellent vehicle, smooth delivery process. Highly recommend New Wheels."
1022,1231,1523,5,2024-05-23,Very Positive,Arrived earlier than promised! Driver was courteous and professional.
1023,1232,1247,4,2024-07-02,Positive,"Excellent vehicle, smooth delivery process. Highly recommend New Wheels."
1024,1233,1123,5,2024-04-14,Very Positive,"Excellent vehicle, smooth delivery process. Highly recommend New Wheels."
1025,1234,1018,3,2024-04-30,Neutral,Average delivery experience. Vehicle meets expectations.
1026,1235,532,5,2024-04-28,Very Positive,"Excellent vehicle, smooth delivery process. Highly recommend New Wheels."
1027,1237,1102,5,2024-04-30,Very Positive,"Excellent vehicle, smooth delivery process. Highly recommend New Wheels."
1028,1238,700,4,2024-05-11,Positive,"Delivery on schedule, vehicle is spotless and driving like a dream."
1029,1239,910,5,2024-04-10,Very Positive,"Excellent vehicle, smooth delivery process. Highly recommend New Wheels."
1030,1242,327,5,2024-06-16,Very Positive,Vehicle delivered in showroom condition. Very impressed with the quick turnaround!
1031,1243,1183,5,2024-06-07,Very Positive,Arrived earlier than promised! Driver was courteous and professional.
1032,1244,367,5,2024-04-16,Very Positive,"Excellent vehicle, smooth delivery process. Highly recommend New Wheels."
1033,1245,557,5,2024-05-25,Very Positive,"Excellent vehicle, smooth delivery process. Highly recommend New Wheels."
1034,1247,700,5,2024-05-28,Very Positive,Seamless delivery experience and fantastic performance so far.
1035,1248,815,,2024-07-05,Unrated,
1036,1249,1187,5,2024-06-11,Very Positive,"Excellent vehicle, smooth delivery process. Highly recommend New Wheels."
1037,1250,427,3,2024-07-03,Neutral,Average delivery experience. Vehicle meets expectations.
1038,1251,1179,4,2024-04-10,Positive,Vehicle delivered in showroom condition. Very impressed with the quick turnaround!
1039,1252,433,4,2024-04-17,Positive,Vehicle delivered in showroom condition. Very impressed with the quick turnaround!
1040,1253,613,4,2024-05-15,Positive,Seamless delivery experience and fantastic performance so far.
1041,1254,963,5,2024-05-15,Very Positive,Arrived earlier than promised! Driver was courteous and professional.
1042,1256,1327,5,2024-05-16,Very Positive,"Excellent vehicle, smooth delivery process. Highly recommend New Wheels."
1043,1257,104,5,2024-06-22,Very Positive,Seamless delivery experience and fantastic performance so far.
1044,1258,831,,2024-05-12,Unrated,
1045,1260,1067,5,2024-07-06,Very Positive,"Delivery on schedule, vehicle is spotless and driving like a dream."
1046,1261,494,4,2024-05-12,Positive,Arrived earlier than promised! Driver was courteous and professional.
1047,1262,851,,2024-06-25,Unrated,
1048,1264,446,5,2024-06-21,Very Positive,Vehicle delivered in showroom condition. Very impressed with the quick turnaround!
1049,1265,113,3,2024-05-13,Neutral,Vehicle is solid. Transit took the full promised duration.
1050,1266,820,5,2024-06-26,Very Positive,Seamless delivery experience and fantastic performance so far.
1051,1267,1047,5,2024-05-09,Very Positive,Seamless delivery experience and fantastic performance so far.
1052,1268,367,5,2024-06-02,Very Positive,Seamless delivery experience and fantastic performance so far.
1053,1269,150,5,2024-05-22,Very Positive,"Delivery on schedule, vehicle is spotless and driving like a dream."
1054,1271,180,4,2024-05-24,Positive,Arrived earlier than promised! Driver was courteous and professional.
1055,1273,249,4,2024-05-18,Positive,"Excellent vehicle, smooth delivery process. Highly recommend New Wheels."
1056,1275,150,5,2024-06-08,Very Positive,Vehicle delivered in showroom condition. Very impressed with the quick turnaround!
1057,1276,866,2,2024-05-21,Negative,Delayed transit by several days with vague tracking updates.
1058,1277,995,5,2024-05-03,Very Positive,Seamless delivery experience and fantastic performance so far.
1059,1278,835,3,2024-06-16,Neutral,"Delivery arrived as scheduled, minor paperwork delay at hand-off."
1060,1281,580,3,2024-05-10,Neutral,"Decent service overall, communication could be slightly clearer."
1061,1283,856,5,2024-06-12,Very Positive,"Delivery on schedule, vehicle is spotless and driving like a dream."
1062,1286,1142,5,2024-05-25,Very Positive,Vehicle delivered in showroom condition. Very impressed with the quick turnaround!
1063,1287,619,5,2024-04-24,Very Positive,Vehicle delivered in showroom condition. Very impressed with the quick turnaround!
1064,1288,1128,5,2024-07-02,Very Positive,Seamless delivery experience and fantastic performance so far.
1065,1289,122,5,2024-05-11,Very Positive,Arrived earlier than promised! Driver was courteous and professional.
1066,1290,1164,5,2024-04-19,Very Positive,"Delivery on schedule, vehicle is spotless and driving like a dream."
1067,1291,322,5,2024-06-23,Very Positive,Arrived earlier than promised! Driver was courteous and professional.
1068,1293,210,4,2024-04-12,Positive,Seamless delivery experience and fantastic performance so far.
1069,1294,1580,3,2024-06-22,Neutral,"Decent service overall, communication could be slightly clearer."
1070,1296,508,5,2024-06-09,Very Positive,Vehicle delivered in showroom condition. Very impressed with the quick turnaround!
1071,1297,1238,4,2024-05-09,Positive,"Delivery on schedule, vehicle is spotless and driving like a dream."
1072,1298,1189,5,2024-04-26,Very Positive,Seamless delivery experience and fantastic performance so far.
1073,1299,463,4,2024-05-15,Positive,Seamless delivery experience and fantastic performance so far.
1074,1300,238,2,2024-05-02,Negative,Expected faster fulfillment given the premium price point.
1075,1301,436,5,2024-06-05,Very Positive,"Excellent vehicle, smooth delivery process. Highly recommend New Wheels."
1076,1302,549,5,2024-06-25,Very Positive,Seamless delivery experience and fantastic performance so far.
1077,1303,1451,,2024-05-13,Unrated,
1078,1304,134,,2024-06-02,Unrated,
1079,1305,1319,5,2024-06-12,Very Positive,Arrived earlier than promised! Driver was courteous and professional.
1080,1306,1228,5,2024-06-14,Very Positive,Vehicle delivered in showroom condition. Very impressed with the quick turnaround!
1081,1307,934,4,2024-04-09,Positive,Vehicle delivered in showroom condition. Very impressed with the quick turnaround!
1082,1309,177,5,2024-05-11,Very Positive,"Excellent vehicle, smooth delivery process. Highly recommend New Wheels."
1083,1310,767,4,2024-07-04,Positive,Vehicle delivered in showroom condition. Very impressed with the quick turnaround!
1084,1311,1200,5,2024-05-17,Very Positive,"Excellent vehicle, smooth delivery process. Highly recommend New Wheels."
1085,1314,1360,4,2024-05-29,Positive,"Excellent vehicle, smooth delivery process. Highly recommend New Wheels."
1086,1316,695,5,2024-04-25,Very Positive,Arrived earlier than promised! Driver was courteous and professional.
1087,1318,810,5,2024-04-19,Very Positive,"Delivery on schedule, vehicle is spotless and driving like a dream."
1088,1319,110,5,2024-05-01,Very Positive,"Delivery on schedule, vehicle is spotless and driving like a dream."
1089,1320,1580,4,2024-06-05,Positive,Arrived earlier than promised! Driver was courteous and professional.
1090,1321,1174,5,2024-06-29,Very Positive,Arrived earlier than promised! Driver was courteous and professional.
1091,1322,955,,2024-06-16,Unrated,
1092,1324,319,5,2024-05-06,Very Positive,"Excellent vehicle, smooth delivery process. Highly recommend New Wheels."
1093,1325,1513,4,2024-06-04,Positive,Vehicle delivered in showroom condition. Very impressed with the quick turnaround!
1094,1326,1234,4,2024-04-30,Positive,Arrived earlier than promised! Driver was courteous and professional.
1095,1327,571,5,2024-05-16,Very Positive,Seamless delivery experience and fantastic performance so far.
1096,1328,48,4,2024-05-04,Positive,"Excellent vehicle, smooth delivery process. Highly recommend New Wheels."
1097,1330,959,5,2024-05-26,Very Positive,Vehicle delivered in showroom condition. Very impressed with the quick turnaround!
1098,1332,736,5,2024-05-01,Very Positive,"Excellent vehicle, smooth delivery process. Highly recommend New Wheels."
1099,1333,934,,2024-07-01,Unrated,
1100,1334,329,4,2024-06-18,Positive,"Delivery on schedule, vehicle is spotless and driving like a dream."
1101,1335,458,1,2024-05-02,Very Negative,Terrible logistics breakdown. Had to rent a car due to unannounced delivery delays.
1102,1336,377,5,2024-06-14,Very Positive,Seamless delivery experience and fantastic performance so far.
1103,1338,166,5,2024-04-07,Very Positive,"Excellent vehicle, smooth delivery process. Highly recommend New Wheels."
1104,1339,276,5,2024-04-09,Very Positive,"Excellent vehicle, smooth delivery process. Highly recommend New Wheels."
1105,1340,1177,5,2024-05-21,Very Positive,"Excellent vehicle, smooth delivery process. Highly recommend New Wheels."
1106,1341,1144,3,2024-06-23,Neutral,Average delivery experience. Vehicle meets expectations.
1107,1342,541,3,2024-04-23,Neutral,Average delivery experience. Vehicle meets expectations.
1108,1344,328,5,2024-07-08,Very Positive,Arrived earlier than promised! Driver was courteous and professional.
1109,1346,655,5,2024-04-27,Very Positive,Vehicle delivered in showroom condition. Very impressed with the quick turnaround!
1110,1347,1093,3,2024-05-10,Neutral,Vehicle is solid. Transit took the full promised duration.
1111,1348,673,5,2024-05-26,Very Positive,"Excellent vehicle, smooth delivery process. Highly recommend New Wheels."
1112,1349,181,5,2024-06-09,Very Positive,Arrived earlier than promised! Driver was courteous and professional.
1113,1351,344,2,2024-05-27,Negative,Delayed transit by several days with vague tracking updates.
1114,1352,1302,4,2024-04-22,Positive,"Delivery on schedule, vehicle is spotless and driving like a dream."
1115,1353,982,4,2024-06-24,Positive,Seamless delivery experience and fantastic performance so far.
1116,1354,995,5,2024-05-08,Very Positive,Vehicle delivered in showroom condition. Very impressed with the quick turnaround!
1117,1355,529,5,2024-06-17,Very Positive,"Delivery on schedule, vehicle is spotless and driving like a dream."
1118,1356,1491,5,2024-06-20,Very Positive,"Delivery on schedule, vehicle is spotless and driving like a dream."
1119,1357,278,4,2024-04-26,Positive,Vehicle delivered in showroom condition. Very impressed with the quick turnaround!
1120,1358,1057,5,2024-05-11,Very Positive,Seamless delivery experience and fantastic performance so far.
1121,1359,854,5,2024-07-01,Very Positive,"Excellent vehicle, smooth delivery process. Highly recommend New Wheels."
1122,1361,321,5,2024-05-06,Very Positive,"Delivery on schedule, vehicle is spotless and driving like a dream."
1123,1362,89,4,2024-05-19,Positive,Arrived earlier than promised! Driver was courteous and professional.
1124,1363,923,5,2024-04-20,Very Positive,"Delivery on schedule, vehicle is spotless and driving like a dream."
1125,1364,1199,,2024-05-18,Unrated,
1126,1365,151,4,2024-04-22,Positive,Vehicle delivered in showroom condition. Very impressed with the quick turnaround!
1127,1366,1358,,2024-06-19,Unrated,
1128,1367,1109,5,2024-04-26,Very Positive,Vehicle delivered in showroom condition. Very impressed with the quick turnaround!
1129,1368,664,4,2024-05-10,Positive,"Delivery on schedule, vehicle is spotless and driving like a dream."
1130,1369,444,5,2024-07-03,Very Positive,Seamless delivery experience and fantastic performance so far.
1131,1370,501,5,2024-07-03,Very Positive,"Excellent vehicle, smooth delivery process. Highly recommend New Wheels."
1132,1371,1386,5,2024-05-23,Very Positive,Vehicle delivered in showroom condition. Very impressed with the quick turnaround!
1133,1372,428,5,2024-05-07,Very Positive,Vehicle delivered in showroom condition. Very impressed with the quick turnaround!
1134,1373,1405,5,2024-06-18,Very Positive,Arrived earlier than promised! Driver was courteous and professional.
1135,1374,551,5,2024-05-05,Very Positive,Vehicle delivered in showroom condition. Very impressed with the quick turnaround!
1136,1377,1031,4,2024-07-10,Positive,Arrived earlier than promised! Driver was courteous and professional.
1137,1378,736,5,2024-06-05,Very Positive,Vehicle delivered in showroom condition. Very impressed with the quick turnaround!
1138,1379,559,3,2024-07-06,Neutral,Vehicle is solid. Transit took the full promised duration.
1139,1380,817,5,2024-06-15,Very Positive,Vehicle delivered in showroom condition. Very impressed with the quick turnaround!
1140,1381,1010,4,2024-04-07,Positive,Vehicle delivered in showroom condition. Very impressed with the quick turnaround!
1141,1382,1314,4,2024-07-03,Positive,Arrived earlier than promised! Driver was courteous and professional.
1142,1383,740,4,2024-04-25,Positive,"Delivery on schedule, vehicle is spotless and driving like a dream."
1143,1384,1418,2,2024-06-06,Negative,Poor carrier communication regarding rescheduled drop-off.
1144,1385,461,5,2024-04-12,Very Positive,Arrived earlier than promised! Driver was courteous and professional.
1145,1387,1406,5,2024-06-20,Very Positive,"Delivery on schedule, vehicle is spotless and driving like a dream."
1146,1388,1328,4,2024-06-27,Positive,Arrived earlier than promised! Driver was courteous and professional.
1147,1389,786,5,2024-04-26,Very Positive,Seamless delivery experience and fantastic performance so far.
1148,1390,1393,4,2024-06-01,Positive,"Excellent vehicle, smooth delivery process. Highly recommend New Wheels."
1149,1391,1580,4,2024-05-28,Positive,"Excellent vehicle, smooth delivery process. Highly recommend New Wheels."
1150,1392,96,5,2024-05-16,Very Positive,Seamless delivery experience and fantastic performance so far.
1151,1393,351,5,2024-05-23,Very Positive,Arrived earlier than promised! Driver was courteous and professional.
1152,1394,650,3,2024-05-23,Neutral,"Decent service overall, communication could be slightly clearer."
1153,1395,1048,5,2024-05-30,Very Positive,Seamless delivery experience and fantastic performance so far.
1154,1396,930,5,2024-04-14,Very Positive,"Delivery on schedule, vehicle is spotless and driving like a dream."
1155,1397,275,4,2024-06-10,Positive,Seamless delivery experience and fantastic performance so far.
1156,1398,578,2,2024-04-20,Negative,Expected faster fulfillment given the premium price point.
1157,1399,1398,3,2024-06-18,Neutral,"Decent service overall, communication could be slightly clearer."
1158,1400,371,3,2024-04-29,Neutral,"Decent service overall, communication could be slightly clearer."
1159,1402,437,3,2024-06-21,Neutral,Vehicle is solid. Transit took the full promised duration.
1160,1403,511,5,2024-05-11,Very Positive,Arrived earlier than promised! Driver was courteous and professional.
1161,1404,839,5,2024-05-27,Very Positive,Arrived earlier than promised! Driver was courteous and professional.
1162,1406,1008,5,2024-07-05,Very Positive,Vehicle delivered in showroom condition. Very impressed with the quick turnaround!
1163,1407,943,4,2024-04-23,Positive,Arrived earlier than promised! Driver was courteous and professional.
1164,1408,1046,4,2024-05-23,Positive,Vehicle delivered in showroom condition. Very impressed with the quick turnaround!
1165,1409,1072,5,2024-05-01,Very Positive,"Delivery on schedule, vehicle is spotless and driving like a dream."
1166,1410,1091,5,2024-04-29,Very Positive,Seamless delivery experience and fantastic performance so far.
1167,1411,35,5,2024-05-06,Very Positive,Seamless delivery experience and fantastic performance so far.
1168,1413,464,5,2024-06-06,Very Positive,Arrived earlier than promised! Driver was courteous and professional.
1169,1414,984,5,2024-06-25,Very Positive,Seamless delivery experience and fantastic performance so far.
1170,1415,1446,4,2024-05-21,Positive,Vehicle delivered in showroom condition. Very impressed with the quick turnaround!
1171,1416,522,3,2024-05-17,Neutral,Average delivery experience. Vehicle meets expectations.
1172,1418,943,4,2024-05-28,Positive,"Excellent vehicle, smooth delivery process. Highly recommend New Wheels."
1173,1419,425,5,2024-06-12,Very Positive,"Excellent vehicle, smooth delivery process. Highly recommend New Wheels."
1174,1420,103,5,2024-04-25,Very Positive,"Delivery on schedule, vehicle is spotless and driving like a dream."
1175,1421,1336,4,2024-05-17,Positive,"Excellent vehicle, smooth delivery process. Highly recommend New Wheels."
1176,1422,508,2,2024-04-29,Negative,Delivery took over a week past the promised date. Very stressful experience.
1177,1423,405,4,2024-06-04,Positive,Arrived earlier than promised! Driver was courteous and professional.
1178,1424,1272,3,2024-06-25,Neutral,"Delivery arrived as scheduled, minor paperwork delay at hand-off."
1179,1425,1329,4,2024-05-20,Positive,"Delivery on schedule, vehicle is spotless and driving like a dream."
1180,1426,329,4,2024-05-04,Positive,Vehicle delivered in showroom condition. Very impressed with the quick turnaround!
1181,1427,198,5,2024-05-29,Very Positive,Seamless delivery experience and fantastic performance so far.
1182,1428,1362,5,2024-04-12,Very Positive,Arrived earlier than promised! Driver was courteous and professional.
1183,1429,353,3,2024-07-04,Neutral,Average delivery experience. Vehicle meets expectations.
1184,1430,46,4,2024-05-06,Positive,Arrived earlier than promised! Driver was courteous and professional.
1185,1433,1277,4,2024-06-20,Positive,Seamless delivery experience and fantastic performance so far.
1186,1434,1269,5,2024-04-09,Very Positive,"Delivery on schedule, vehicle is spotless and driving like a dream."
1187,1435,1457,4,2024-06-22,Positive,Vehicle delivered in showroom condition. Very impressed with the quick turnaround!
1188,1436,338,5,2024-07-02,Very Positive,Arrived earlier than promised! Driver was courteous and professional.
1189,1437,992,5,2024-07-09,Very Positive,Arrived earlier than promised! Driver was courteous and professional.
1190,1438,47,5,2024-04-11,Very Positive,"Delivery on schedule, vehicle is spotless and driving like a dream."
1191,1439,707,5,2024-06-05,Very Positive,"Excellent vehicle, smooth delivery process. Highly recommend New Wheels."
1192,1440,1357,3,2024-05-05,Neutral,"Delivery arrived as scheduled, minor paperwork delay at hand-off."
1193,1443,19,5,2024-07-04,Very Positive,Seamless delivery experience and fantastic performance so far.
1194,1444,832,5,2024-04-12,Very Positive,"Delivery on schedule, vehicle is spotless and driving like a dream."
1195,1445,1010,4,2024-04-10,Positive,Arrived earlier than promised! Driver was courteous and professional.
1196,1446,231,4,2024-05-17,Positive,Seamless delivery experience and fantastic performance so far.
1197,1447,1149,5,2024-06-01,Very Positive,Seamless delivery experience and fantastic performance so far.
1198,1448,847,5,2024-05-29,Very Positive,Seamless delivery experience and fantastic performance so far.
1199,1449,707,5,2024-04-19,Very Positive,Arrived earlier than promised! Driver was courteous and professional.
1200,1451,407,3,2024-04-25,Neutral,"Decent service overall, communication could be slightly clearer."
1201,1452,1026,3,2024-05-01,Neutral,"Decent service overall, communication could be slightly clearer."
1202,1453,576,4,2024-06-25,Positive,"Excellent vehicle, smooth delivery process. Highly recommend New Wheels."
1203,1454,312,5,2024-06-29,Very Positive,"Excellent vehicle, smooth delivery process. Highly recommend New Wheels."
1204,1455,1087,3,2024-05-04,Neutral,Vehicle is solid. Transit took the full promised duration.
1205,1456,1059,5,2024-05-08,Very Positive,"Delivery on schedule, vehicle is spotless and driving like a dream."
1206,1457,341,4,2024-06-26,Positive,"Delivery on schedule, vehicle is spotless and driving like a dream."
1207,1459,1520,3,2024-04-22,Neutral,"Delivery arrived as scheduled, minor paperwork delay at hand-off."
1208,1460,1521,5,2024-06-01,Very Positive,Seamless delivery experience and fantastic performance so far.
1209,1461,839,5,2024-05-17,Very Positive,"Excellent vehicle, smooth delivery process. Highly recommend New Wheels."
1210,1462,212,4,2024-04-08,Positive,"Delivery on schedule, vehicle is spotless and driving like a dream."
1211,1463,185,5,2024-05-16,Very Positive,"Excellent vehicle, smooth delivery process. Highly recommend New Wheels."
1212,1464,967,5,2024-04-28,Very Positive,"Excellent vehicle, smooth delivery process. Highly recommend New Wheels."
1213,1466,575,3,2024-06-24,Neutral,"Decent service overall, communication could be slightly clearer."
1214,1467,1120,5,2024-06-09,Very Positive,Vehicle delivered in showroom condition. Very impressed with the quick turnaround!
1215,1468,248,5,2024-06-04,Very Positive,Seamless delivery experience and fantastic performance so far.
1216,1469,1171,5,2024-04-27,Very Positive,Seamless delivery experience and fantastic performance so far.
1217,1470,740,5,2024-06-21,Very Positive,"Delivery on schedule, vehicle is spotless and driving like a dream."
1218,1471,504,5,2024-04-07,Very Positive,"Delivery on schedule, vehicle is spotless and driving like a dream."
1219,1472,1378,4,2024-05-08,Positive,Arrived earlier than promised! Driver was courteous and professional.
1220,1473,905,5,2024-05-21,Very Positive,"Delivery on schedule, vehicle is spotless and driving like a dream."
1221,1474,188,5,2024-05-20,Very Positive,Seamless delivery experience and fantastic performance so far.
1222,1475,524,3,2024-05-28,Neutral,"Decent service overall, communication could be slightly clearer."
1223,1476,466,5,2024-04-12,Very Positive,"Delivery on schedule, vehicle is spotless and driving like a dream."
1224,1477,1297,5,2024-05-01,Very Positive,"Excellent vehicle, smooth delivery process. Highly recommend New Wheels."
1225,1478,1497,5,2024-05-31,Very Positive,Seamless delivery experience and fantastic performance so far.
1226,1479,1188,5,2024-04-30,Very Positive,Arrived earlier than promised! Driver was courteous and professional.
1227,1480,1354,5,2024-04-12,Very Positive,"Excellent vehicle, smooth delivery process. Highly recommend New Wheels."
1228,1481,26,5,2024-06-18,Very Positive,"Excellent vehicle, smooth delivery process. Highly recommend New Wheels."
1229,1482,1446,5,2024-05-15,Very Positive,Arrived earlier than promised! Driver was courteous and professional.
1230,1484,1139,5,2024-04-25,Very Positive,Vehicle delivered in showroom condition. Very impressed with the quick turnaround!
1231,1485,488,5,2024-07-04,Very Positive,Vehicle delivered in showroom condition. Very impressed with the quick turnaround!
1232,1486,1509,4,2024-05-27,Positive,"Delivery on schedule, vehicle is spotless and driving like a dream."
1233,1488,87,4,2024-04-28,Positive,Arrived earlier than promised! Driver was courteous and professional.
1234,1489,1413,5,2024-04-06,Very Positive,Seamless delivery experience and fantastic performance so far.
1235,1490,958,5,2024-04-19,Very Positive,Seamless delivery experience and fantastic performance so far.
1236,1493,1548,5,2024-08-28,Very Positive,"Excellent vehicle, smooth delivery process. Highly recommend New Wheels."
1237,1495,1466,4,2024-09-07,Positive,Arrived earlier than promised! Driver was courteous and professional.
1238,1496,1173,2,2024-08-02,Negative,Delivery took over a week past the promised date. Very stressful experience.
1239,1498,1321,5,2024-09-12,Very Positive,"Excellent vehicle, smooth delivery process. Highly recommend New Wheels."
1240,1499,230,1,2024-10-05,Very Negative,Terrible logistics breakdown. Had to rent a car due to unannounced delivery delays.
1241,1500,782,5,2024-08-30,Very Positive,"Delivery on schedule, vehicle is spotless and driving like a dream."
1242,1501,168,1,2024-08-06,Very Negative,Horrible experience! Promised delivery date missed repeatedly. Will not purchase again.
1243,1503,822,3,2024-10-11,Neutral,"Delivery arrived as scheduled, minor paperwork delay at hand-off."
1244,1504,64,4,2024-07-22,Positive,Vehicle delivered in showroom condition. Very impressed with the quick turnaround!
1245,1505,1164,4,2024-09-21,Positive,"Delivery on schedule, vehicle is spotless and driving like a dream."
1246,1506,167,5,2024-08-27,Very Positive,Seamless delivery experience and fantastic performance so far.
1247,1508,566,4,2024-08-05,Positive,Vehicle delivered in showroom condition. Very impressed with the quick turnaround!
1248,1509,1070,1,2024-09-10,Very Negative,Delivery breached SLA by 10 days. Vehicle was sitting at Chicago hub for days with no movement.
1249,1510,122,,2024-07-10,Unrated,
1250,1511,1318,4,2024-09-18,Positive,Seamless delivery experience and fantastic performance so far.
1251,1512,309,1,2024-07-27,Very Negative,Horrible experience! Promised delivery date missed repeatedly. Will not purchase again.
1252,1513,1593,5,2024-09-29,Very Positive,Vehicle delivered in showroom condition. Very impressed with the quick turnaround!
1253,1514,1590,4,2024-08-27,Positive,Vehicle delivered in showroom condition. Very impressed with the quick turnaround!
1254,1515,210,5,2024-10-05,Very Positive,"Excellent vehicle, smooth delivery process. Highly recommend New Wheels."
1255,1516,1516,2,2024-07-11,Negative,Poor carrier communication regarding rescheduled drop-off.
1256,1517,998,4,2024-09-19,Positive,Seamless delivery experience and fantastic performance so far.
1257,1518,1382,4,2024-08-20,Positive,"Delivery on schedule, vehicle is spotless and driving like a dream."
1258,1519,962,1,2024-10-05,Very Negative,Unacceptable delay! Over two weeks late with zero customer support response.
1259,1522,605,5,2024-09-09,Very Positive,Seamless delivery experience and fantastic performance so far.
1260,1523,70,3,2024-08-21,Neutral,"Delivery arrived as scheduled, minor paperwork delay at hand-off."
1261,1524,17,5,2024-08-20,Very Positive,"Delivery on schedule, vehicle is spotless and driving like a dream."
1262,1525,634,4,2024-09-25,Positive,Arrived earlier than promised! Driver was courteous and professional.
1263,1526,154,1,2024-10-10,Very Negative,Horrible experience! Promised delivery date missed repeatedly. Will not purchase again.
1264,1527,310,,2024-09-20,Unrated,
1265,1528,1159,3,2024-09-12,Neutral,Average delivery experience. Vehicle meets expectations.
1266,1529,1546,5,2024-09-10,Very Positive,Arrived earlier than promised! Driver was courteous and professional.
1267,1530,1092,5,2024-09-11,Very Positive,Vehicle delivered in showroom condition. Very impressed with the quick turnaround!
1268,1531,1079,1,2024-07-24,Very Negative,Horrible experience! Promised delivery date missed repeatedly. Will not purchase again.
1269,1532,969,5,2024-07-30,Very Positive,"Delivery on schedule, vehicle is spotless and driving like a dream."
1270,1534,1342,1,2024-10-11,Very Negative,Unacceptable delay! Over two weeks late with zero customer support response.
1271,1535,729,5,2024-08-12,Very Positive,"Delivery on schedule, vehicle is spotless and driving like a dream."
1272,1536,743,4,2024-09-14,Positive,Vehicle delivered in showroom condition. Very impressed with the quick turnaround!
1273,1537,1297,4,2024-07-11,Positive,"Excellent vehicle, smooth delivery process. Highly recommend New Wheels."
1274,1538,1456,2,2024-09-13,Negative,Expected faster fulfillment given the premium price point.
1275,1539,93,4,2024-08-09,Positive,"Excellent vehicle, smooth delivery process. Highly recommend New Wheels."
1276,1540,424,5,2024-07-09,Very Positive,"Excellent vehicle, smooth delivery process. Highly recommend New Wheels."
1277,1542,1321,5,2024-08-03,Very Positive,Arrived earlier than promised! Driver was courteous and professional.
1278,1543,1227,4,2024-10-06,Positive,"Excellent vehicle, smooth delivery process. Highly recommend New Wheels."
1279,1544,67,2,2024-10-02,Negative,Poor carrier communication regarding rescheduled drop-off.
1280,1545,1152,1,2024-09-22,Very Negative,Delivery breached SLA by 10 days. Vehicle was sitting at Chicago hub for days with no movement.
1281,1546,181,4,2024-09-02,Positive,Arrived earlier than promised! Driver was courteous and professional.
1282,1547,741,4,2024-09-18,Positive,Seamless delivery experience and fantastic performance so far.
1283,1548,1389,1,2024-09-06,Very Negative,Horrible experience! Promised delivery date missed repeatedly. Will not purchase again.
1284,1549,1360,5,2024-07-16,Very Positive,"Excellent vehicle, smooth delivery process. Highly recommend New Wheels."
1285,1550,1392,1,2024-07-31,Very Negative,Unacceptable delay! Over two weeks late with zero customer support response.
1286,1552,200,1,2024-09-24,Very Negative,Horrible experience! Promised delivery date missed repeatedly. Will not purchase again.
1287,1553,55,5,2024-08-02,Very Positive,"Excellent vehicle, smooth delivery process. Highly recommend New Wheels."
1288,1554,939,1,2024-08-04,Very Negative,Horrible experience! Promised delivery date missed repeatedly. Will not purchase again.
1289,1556,956,1,2024-10-13,Very Negative,Unacceptable delay! Over two weeks late with zero customer support response.
1290,1557,1239,3,2024-09-11,Neutral,Average delivery experience. Vehicle meets expectations.
1291,1558,115,4,2024-08-11,Positive,"Delivery on schedule, vehicle is spotless and driving like a dream."
1292,1559,794,5,2024-08-31,Very Positive,"Excellent vehicle, smooth delivery process. Highly recommend New Wheels."
1293,1560,1327,5,2024-08-08,Very Positive,Arrived earlier than promised! Driver was courteous and professional.
1294,1561,1074,5,2024-10-02,Very Positive,Vehicle delivered in showroom condition. Very impressed with the quick turnaround!
1295,1564,792,1,2024-08-20,Very Negative,Delivery breached SLA by 10 days. Vehicle was sitting at Chicago hub for days with no movement.
1296,1565,1191,4,2024-09-14,Positive,Vehicle delivered in showroom condition. Very impressed with the quick turnaround!
1297,1566,995,2,2024-08-12,Negative,Delayed transit by several days with vague tracking updates.
1298,1567,44,5,2024-07-14,Very Positive,"Delivery on schedule, vehicle is spotless and driving like a dream."
1299,1568,946,4,2024-08-08,Positive,"Excellent vehicle, smooth delivery process. Highly recommend New Wheels."
1300,1570,887,1,2024-09-16,Very Negative,Unacceptable delay! Over two weeks late with zero customer support response.
1301,1572,1035,5,2024-08-19,Very Positive,Vehicle delivered in showroom condition. Very impressed with the quick turnaround!
1302,1573,1560,1,2024-09-08,Very Negative,Terrible logistics breakdown. Had to rent a car due to unannounced delivery delays.
1303,1574,1390,,2024-10-11,Unrated,
1304,1575,1037,4,2024-09-02,Positive,"Delivery on schedule, vehicle is spotless and driving like a dream."
1305,1576,548,5,2024-08-11,Very Positive,Arrived earlier than promised! Driver was courteous and professional.
1306,1577,1280,5,2024-07-28,Very Positive,Seamless delivery experience and fantastic performance so far.
1307,1579,241,,2024-09-20,Unrated,
1308,1580,441,4,2024-09-26,Positive,"Excellent vehicle, smooth delivery process. Highly recommend New Wheels."
1309,1581,943,5,2024-09-13,Very Positive,"Delivery on schedule, vehicle is spotless and driving like a dream."
1310,1582,995,5,2024-08-21,Very Positive,Vehicle delivered in showroom condition. Very impressed with the quick turnaround!
1311,1584,957,5,2024-08-22,Very Positive,"Delivery on schedule, vehicle is spotless and driving like a dream."
1312,1585,537,4,2024-08-17,Positive,Arrived earlier than promised! Driver was courteous and professional.
1313,1586,279,3,2024-07-14,Neutral,"Decent service overall, communication could be slightly clearer."
1314,1587,1585,5,2024-09-24,Very Positive,"Excellent vehicle, smooth delivery process. Highly recommend New Wheels."
1315,1588,1010,2,2024-10-02,Negative,Delivery took over a week past the promised date. Very stressful experience.
1316,1589,1261,1,2024-09-16,Very Negative,Horrible experience! Promised delivery date missed repeatedly. Will not purchase again.
1317,1590,1474,1,2024-09-12,Very Negative,Unacceptable delay! Over two weeks late with zero customer support response.
1318,1591,883,2,2024-08-11,Negative,Delayed transit by several days with vague tracking updates.
1319,1592,232,4,2024-08-12,Positive,Arrived earlier than promised! Driver was courteous and professional.
1320,1593,689,5,2024-08-21,Very Positive,"Excellent vehicle, smooth delivery process. Highly recommend New Wheels."
1321,1594,1566,5,2024-10-03,Very Positive,"Excellent vehicle, smooth delivery process. Highly recommend New Wheels."
1322,1595,1013,4,2024-10-08,Positive,"Delivery on schedule, vehicle is spotless and driving like a dream."
1323,1597,857,1,2024-09-23,Very Negative,Horrible experience! Promised delivery date missed repeatedly. Will not purchase again.
1324,1598,88,5,2024-08-08,Very Positive,"Delivery on schedule, vehicle is spotless and driving like a dream."
1325,1599,581,4,2024-08-03,Positive,Seamless delivery experience and fantastic performance so far.
1326,1601,843,1,2024-08-29,Very Negative,Horrible experience! Promised delivery date missed repeatedly. Will not purchase again.
1327,1602,620,1,2024-09-12,Very Negative,Delivery breached SLA by 10 days. Vehicle was sitting at Chicago hub for days with no movement.
1328,1603,686,5,2024-09-17,Very Positive,Seamless delivery experience and fantastic performance so far.
1329,1604,1195,3,2024-09-23,Neutral,"Delivery arrived as scheduled, minor paperwork delay at hand-off."
1330,1605,373,4,2024-09-28,Positive,Seamless delivery experience and fantastic performance so far.
1331,1606,1585,1,2024-09-17,Very Negative,Unacceptable delay! Over two weeks late with zero customer support response.
1332,1607,672,1,2024-08-23,Very Negative,Horrible experience! Promised delivery date missed repeatedly. Will not purchase again.
1333,1608,1387,5,2024-09-10,Very Positive,Arrived earlier than promised! Driver was courteous and professional.
1334,1609,340,4,2024-09-24,Positive,Arrived earlier than promised! Driver was courteous and professional.
1335,1610,908,4,2024-07-25,Positive,"Delivery on schedule, vehicle is spotless and driving like a dream."
1336,1611,1347,1,2024-08-30,Very Negative,Delivery breached SLA by 10 days. Vehicle was sitting at Chicago hub for days with no movement.
1337,1612,1454,1,2024-08-08,Very Negative,Delivery breached SLA by 10 days. Vehicle was sitting at Chicago hub for days with no movement.
1338,1613,1501,,2024-08-03,Unrated,
1339,1614,1341,,2024-08-11,Unrated,
1340,1616,23,4,2024-08-24,Positive,Vehicle delivered in showroom condition. Very impressed with the quick turnaround!
1341,1617,490,5,2024-08-14,Very Positive,"Excellent vehicle, smooth delivery process. Highly recommend New Wheels."
1342,1618,848,5,2024-07-15,Very Positive,Seamless delivery experience and fantastic performance so far.
1343,1619,830,1,2024-07-24,Very Negative,Unacceptable delay! Over two weeks late with zero customer support response.
1344,1620,654,4,2024-08-29,Positive,Seamless delivery experience and fantastic performance so far.
1345,1621,385,4,2024-08-22,Positive,"Excellent vehicle, smooth delivery process. Highly recommend New Wheels."
1346,1622,115,3,2024-08-24,Neutral,"Decent service overall, communication could be slightly clearer."
1347,1623,678,5,2024-09-25,Very Positive,Arrived earlier than promised! Driver was courteous and professional.
1348,1624,1596,4,2024-09-19,Positive,"Excellent vehicle, smooth delivery process. Highly recommend New Wheels."
1349,1625,1434,4,2024-10-12,Positive,Seamless delivery experience and fantastic performance so far.
1350,1626,22,4,2024-07-20,Positive,"Delivery on schedule, vehicle is spotless and driving like a dream."
1351,1629,1000,1,2024-09-22,Very Negative,Terrible logistics breakdown. Had to rent a car due to unannounced delivery delays.
1352,1630,685,2,2024-07-27,Negative,Poor carrier communication regarding rescheduled drop-off.
1353,1631,227,4,2024-08-29,Positive,Vehicle delivered in showroom condition. Very impressed with the quick turnaround!
1354,1633,279,4,2024-07-16,Positive,Vehicle delivered in showroom condition. Very impressed with the quick turnaround!
1355,1634,951,5,2024-08-13,Very Positive,Vehicle delivered in showroom condition. Very impressed with the quick turnaround!
1356,1635,1302,1,2024-09-17,Very Negative,Terrible logistics breakdown. Had to rent a car due to unannounced delivery delays.
1357,1637,1480,3,2024-08-12,Neutral,"Decent service overall, communication could be slightly clearer."
1358,1638,489,2,2024-09-14,Negative,Delivery took over a week past the promised date. Very stressful experience.
1359,1639,1253,,2024-08-30,Unrated,
1360,1640,1179,4,2024-09-02,Positive,"Excellent vehicle, smooth delivery process. Highly recommend New Wheels."
1361,1641,978,5,2024-09-14,Very Positive,"Delivery on schedule, vehicle is spotless and driving like a dream."
1362,1642,125,5,2024-07-21,Very Positive,Seamless delivery experience and fantastic performance so far.
1363,1643,943,5,2024-07-18,Very Positive,Vehicle delivered in showroom condition. Very impressed with the quick turnaround!
1364,1644,988,4,2024-08-17,Positive,Arrived earlier than promised! Driver was courteous and professional.
1365,1645,1030,5,2024-08-01,Very Positive,"Delivery on schedule, vehicle is spotless and driving like a dream."
1366,1646,386,2,2024-07-17,Negative,Expected faster fulfillment given the premium price point.
1367,1647,944,5,2024-09-14,Very Positive,Vehicle delivered in showroom condition. Very impressed with the quick turnaround!
1368,1649,1035,5,2024-07-06,Very Positive,Arrived earlier than promised! Driver was courteous and professional.
1369,1650,1030,5,2024-08-01,Very Positive,"Excellent vehicle, smooth delivery process. Highly recommend New Wheels."
1370,1651,1408,3,2024-08-13,Neutral,Vehicle is solid. Transit took the full promised duration.
1371,1652,798,2,2024-08-26,Negative,Delivery took over a week past the promised date. Very stressful experience.
1372,1653,128,1,2024-08-14,Very Negative,Unacceptable delay! Over two weeks late with zero customer support response.
1373,1654,1585,1,2024-07-18,Very Negative,Horrible experience! Promised delivery date missed repeatedly. Will not purchase again.
1374,1655,86,3,2024-07-19,Neutral,"Decent service overall, communication could be slightly clearer."
1375,1656,1224,4,2024-07-11,Positive,"Delivery on schedule, vehicle is spotless and driving like a dream."
1376,1657,1442,5,2024-07-26,Very Positive,Seamless delivery experience and fantastic performance so far.
1377,1658,1245,4,2024-09-20,Positive,"Delivery on schedule, vehicle is spotless and driving like a dream."
1378,1659,583,4,2024-08-02,Positive,"Delivery on schedule, vehicle is spotless and driving like a dream."
1379,1660,630,5,2024-09-28,Very Positive,"Delivery on schedule, vehicle is spotless and driving like a dream."
1380,1661,1369,4,2024-07-22,Positive,"Delivery on schedule, vehicle is spotless and driving like a dream."
1381,1662,667,5,2024-09-30,Very Positive,Vehicle delivered in showroom condition. Very impressed with the quick turnaround!
1382,1663,516,3,2024-07-29,Neutral,Average delivery experience. Vehicle meets expectations.
1383,1664,918,4,2024-09-05,Positive,"Excellent vehicle, smooth delivery process. Highly recommend New Wheels."
1384,1666,1189,5,2024-10-03,Very Positive,Arrived earlier than promised! Driver was courteous and professional.
1385,1667,1365,5,2024-07-14,Very Positive,Arrived earlier than promised! Driver was courteous and professional.
1386,1668,1130,5,2024-10-05,Very Positive,"Excellent vehicle, smooth delivery process. Highly recommend New Wheels."
1387,1669,82,,2024-09-11,Unrated,
1388,1671,881,2,2024-10-05,Negative,Expected faster fulfillment given the premium price point.
1389,1672,487,4,2024-07-26,Positive,Seamless delivery experience and fantastic performance so far.
1390,1673,690,2,2024-08-29,Negative,Poor carrier communication regarding rescheduled drop-off.
1391,1674,1442,1,2024-07-31,Very Negative,Terrible logistics breakdown. Had to rent a car due to unannounced delivery delays.
1392,1675,248,2,2024-09-27,Negative,Expected faster fulfillment given the premium price point.
1393,1676,407,5,2024-07-11,Very Positive,Arrived earlier than promised! Driver was courteous and professional.
1394,1677,1397,4,2024-10-02,Positive,Seamless delivery experience and fantastic performance so far.
1395,1679,1191,1,2024-08-31,Very Negative,Unacceptable delay! Over two weeks late with zero customer support response.
1396,1681,1314,2,2024-09-10,Negative,Poor carrier communication regarding rescheduled drop-off.
1397,1682,629,5,2024-08-02,Very Positive,Arrived earlier than promised! Driver was courteous and professional.
1398,1683,684,5,2024-07-21,Very Positive,"Excellent vehicle, smooth delivery process. Highly recommend New Wheels."
1399,1684,1002,4,2024-07-27,Positive,Vehicle delivered in showroom condition. Very impressed with the quick turnaround!
1400,1686,1138,1,2024-08-14,Very Negative,Horrible experience! Promised delivery date missed repeatedly. Will not purchase again.
1401,1687,83,1,2024-08-26,Very Negative,Terrible logistics breakdown. Had to rent a car due to unannounced delivery delays.
1402,1688,1476,2,2024-08-20,Negative,Expected faster fulfillment given the premium price point.
1403,1689,862,1,2024-08-19,Very Negative,Terrible logistics breakdown. Had to rent a car due to unannounced delivery delays.
1404,1690,714,5,2024-08-24,Very Positive,"Delivery on schedule, vehicle is spotless and driving like a dream."
1405,1691,1204,1,2024-09-17,Very Negative,Unacceptable delay! Over two weeks late with zero customer support response.
1406,1692,1557,1,2024-10-01,Very Negative,Terrible logistics breakdown. Had to rent a car due to unannounced delivery delays.
1407,1695,97,2,2024-08-22,Negative,Poor carrier communication regarding rescheduled drop-off.
1408,1696,1392,5,2024-09-20,Very Positive,"Delivery on schedule, vehicle is spotless and driving like a dream."
1409,1697,46,5,2024-07-28,Very Positive,Seamless delivery experience and fantastic performance so far.
1410,1699,943,1,2024-08-14,Very Negative,Delivery breached SLA by 10 days. Vehicle was sitting at Chicago hub for days with no movement.
1411,1700,1126,4,2024-08-01,Positive,"Delivery on schedule, vehicle is spotless and driving like a dream."
1412,1703,641,4,2024-07-22,Positive,Arrived earlier than promised! Driver was courteous and professional.
1413,1704,649,1,2024-08-22,Very Negative,Delivery breached SLA by 10 days. Vehicle was sitting at Chicago hub for days with no movement.
1414,1705,1215,3,2024-08-07,Neutral,Average delivery experience. Vehicle meets expectations.
1415,1706,181,5,2024-10-07,Very Positive,Arrived earlier than promised! Driver was courteous and professional.
1416,1707,1009,3,2024-10-13,Neutral,"Delivery arrived as scheduled, minor paperwork delay at hand-off."
1417,1708,792,5,2024-07-12,Very Positive,"Delivery on schedule, vehicle is spotless and driving like a dream."
1418,1709,1152,5,2024-08-07,Very Positive,Seamless delivery experience and fantastic performance so far.
1419,1710,1236,5,2024-08-21,Very Positive,Seamless delivery experience and fantastic performance so far.
1420,1711,214,5,2024-08-24,Very Positive,"Delivery on schedule, vehicle is spotless and driving like a dream."
1421,1712,530,5,2024-09-11,Very Positive,Arrived earlier than promised! Driver was courteous and professional.
1422,1713,538,4,2024-09-19,Positive,"Excellent vehicle, smooth delivery process. Highly recommend New Wheels."
1423,1714,1395,1,2024-10-10,Very Negative,Delivery breached SLA by 10 days. Vehicle was sitting at Chicago hub for days with no movement.
1424,1715,428,1,2024-08-11,Very Negative,Terrible logistics breakdown. Had to rent a car due to unannounced delivery delays.
1425,1716,751,5,2024-08-28,Very Positive,Seamless delivery experience and fantastic performance so far.
1426,1717,269,1,2024-10-18,Very Negative,Horrible experience! Promised delivery date missed repeatedly. Will not purchase again.
1427,1718,559,5,2024-09-08,Very Positive,Seamless delivery experience and fantastic performance so far.
1428,1720,1284,5,2024-07-31,Very Positive,Arrived earlier than promised! Driver was courteous and professional.
1429,1721,1283,1,2024-09-16,Very Negative,Delivery breached SLA by 10 days. Vehicle was sitting at Chicago hub for days with no movement.
1430,1722,467,4,2024-08-05,Positive,Seamless delivery experience and fantastic performance so far.
1431,1723,1372,5,2024-10-03,Very Positive,"Excellent vehicle, smooth delivery process. Highly recommend New Wheels."
1432,1724,979,1,2024-08-04,Very Negative,Delivery breached SLA by 10 days. Vehicle was sitting at Chicago hub for days with no movement.
1433,1725,1272,5,2024-08-05,Very Positive,Seamless delivery experience and fantastic performance so far.
1434,1726,1129,5,2024-07-09,Very Positive,Arrived earlier than promised! Driver was courteous and professional.
1435,1727,50,5,2024-07-22,Very Positive,"Delivery on schedule, vehicle is spotless and driving like a dream."
1436,1728,11,2,2024-08-24,Negative,Delivery took over a week past the promised date. Very stressful experience.
1437,1729,214,4,2024-09-04,Positive,Arrived earlier than promised! Driver was courteous and professional.
1438,1730,535,1,2024-09-06,Very Negative,Unacceptable delay! Over two weeks late with zero customer support response.
1439,1731,1391,5,2024-09-02,Very Positive,"Excellent vehicle, smooth delivery process. Highly recommend New Wheels."
1440,1733,225,5,2024-08-11,Very Positive,Vehicle delivered in showroom condition. Very impressed with the quick turnaround!
1441,1734,797,5,2024-08-12,Very Positive,Seamless delivery experience and fantastic performance so far.
1442,1736,1037,5,2024-08-20,Very Positive,Vehicle delivered in showroom condition. Very impressed with the quick turnaround!
1443,1738,1007,5,2024-07-10,Very Positive,"Delivery on schedule, vehicle is spotless and driving like a dream."
1444,1739,904,4,2024-08-31,Positive,Seamless delivery experience and fantastic performance so far.
1445,1740,65,5,2024-08-08,Very Positive,Vehicle delivered in showroom condition. Very impressed with the quick turnaround!
1446,1741,782,4,2024-09-30,Positive,Arrived earlier than promised! Driver was courteous and professional.
1447,1742,1028,2,2024-08-13,Negative,Poor carrier communication regarding rescheduled drop-off.
1448,1744,1074,1,2024-09-26,Very Negative,Delivery breached SLA by 10 days. Vehicle was sitting at Chicago hub for days with no movement.
1449,1745,593,2,2024-10-06,Negative,Expected faster fulfillment given the premium price point.
1450,1746,1029,4,2024-08-26,Positive,"Excellent vehicle, smooth delivery process. Highly recommend New Wheels."
1451,1748,287,2,2024-08-25,Negative,Expected faster fulfillment given the premium price point.
1452,1749,613,1,2024-08-06,Very Negative,Horrible experience! Promised delivery date missed repeatedly. Will not purchase again.
1453,1750,1405,5,2024-09-30,Very Positive,Seamless delivery experience and fantastic performance so far.
1454,1751,180,1,2024-07-29,Very Negative,Terrible logistics breakdown. Had to rent a car due to unannounced delivery delays.
1455,1752,565,,2024-10-01,Unrated,
1456,1753,937,5,2024-07-29,Very Positive,Arrived earlier than promised! Driver was courteous and professional.
1457,1754,869,5,2024-08-24,Very Positive,Vehicle delivered in showroom condition. Very impressed with the quick turnaround!
1458,1755,289,5,2024-09-08,Very Positive,"Excellent vehicle, smooth delivery process. Highly recommend New Wheels."
1459,1756,964,2,2024-09-25,Negative,Expected faster fulfillment given the premium price point.
1460,1757,1157,4,2024-08-02,Positive,"Delivery on schedule, vehicle is spotless and driving like a dream."
1461,1759,1172,4,2024-08-23,Positive,Seamless delivery experience and fantastic performance so far.
1462,1760,445,5,2024-07-13,Very Positive,Seamless delivery experience and fantastic performance so far.
1463,1761,567,3,2024-10-05,Neutral,"Decent service overall, communication could be slightly clearer."
1464,1762,1543,5,2024-09-14,Very Positive,"Delivery on schedule, vehicle is spotless and driving like a dream."
1465,1764,198,5,2024-07-09,Very Positive,Arrived earlier than promised! Driver was courteous and professional.
1466,1765,133,3,2024-08-13,Neutral,Average delivery experience. Vehicle meets expectations.
1467,1766,696,,2024-09-05,Unrated,
1468,1767,1315,5,2024-07-15,Very Positive,Arrived earlier than promised! Driver was courteous and professional.
1469,1768,441,5,2024-08-31,Very Positive,"Excellent vehicle, smooth delivery process. Highly recommend New Wheels."
1470,1770,69,2,2024-08-08,Negative,Poor carrier communication regarding rescheduled drop-off.
1471,1771,595,1,2024-08-10,Very Negative,Horrible experience! Promised delivery date missed repeatedly. Will not purchase again.
1472,1772,905,4,2024-09-29,Positive,Arrived earlier than promised! Driver was courteous and professional.
1473,1773,116,2,2024-10-04,Negative,Delivery took over a week past the promised date. Very stressful experience.
1474,1774,869,,2024-08-18,Unrated,
1475,1775,948,5,2024-09-29,Very Positive,"Excellent vehicle, smooth delivery process. Highly recommend New Wheels."
1476,1776,1580,3,2024-09-14,Neutral,"Delivery arrived as scheduled, minor paperwork delay at hand-off."
1477,1777,1494,5,2024-09-13,Very Positive,Seamless delivery experience and fantastic performance so far.
1478,1778,374,1,2024-10-11,Very Negative,Terrible logistics breakdown. Had to rent a car due to unannounced delivery delays.
1479,1779,1204,,2024-08-26,Unrated,
1480,1780,118,4,2024-09-02,Positive,Seamless delivery experience and fantastic performance so far.
1481,1781,305,2,2024-08-28,Negative,Delivery took over a week past the promised date. Very stressful experience.
1482,1782,1387,4,2024-09-19,Positive,"Excellent vehicle, smooth delivery process. Highly recommend New Wheels."
1483,1783,50,5,2024-09-06,Very Positive,"Delivery on schedule, vehicle is spotless and driving like a dream."
1484,1784,1402,5,2024-08-05,Very Positive,Arrived earlier than promised! Driver was courteous and professional.
1485,1785,339,5,2024-09-18,Very Positive,Arrived earlier than promised! Driver was courteous and professional.
1486,1786,846,1,2024-10-14,Very Negative,Horrible experience! Promised delivery date missed repeatedly. Will not purchase again.
1487,1787,95,4,2024-08-30,Positive,"Delivery on schedule, vehicle is spotless and driving like a dream."
1488,1788,965,5,2024-10-07,Very Positive,"Excellent vehicle, smooth delivery process. Highly recommend New Wheels."
1489,1789,855,1,2024-10-03,Very Negative,Unacceptable delay! Over two weeks late with zero customer support response.
1490,1790,391,5,2024-08-25,Very Positive,"Delivery on schedule, vehicle is spotless and driving like a dream."
1491,1791,187,2,2024-09-16,Negative,Delivery took over a week past the promised date. Very stressful experience.
1492,1792,487,5,2024-09-19,Very Positive,"Excellent vehicle, smooth delivery process. Highly recommend New Wheels."
1493,1794,817,4,2024-09-08,Positive,Seamless delivery experience and fantastic performance so far.
1494,1795,633,5,2024-07-30,Very Positive,"Delivery on schedule, vehicle is spotless and driving like a dream."
1495,1796,78,1,2024-07-25,Very Negative,Delivery breached SLA by 10 days. Vehicle was sitting at Chicago hub for days with no movement.
1496,1797,1164,3,2024-08-16,Neutral,"Delivery arrived as scheduled, minor paperwork delay at hand-off."
1497,1800,227,3,2024-08-29,Neutral,Vehicle is solid. Transit took the full promised duration.
1498,1801,1597,5,2024-09-01,Very Positive,Vehicle delivered in showroom condition. Very impressed with the quick turnaround!
1499,1802,25,2,2024-08-14,Negative,Poor carrier communication regarding rescheduled drop-off.
1500,1803,846,4,2024-07-28,Positive,"Delivery on schedule, vehicle is spotless and driving like a dream."
1501,1804,49,5,2024-09-28,Very Positive,Seamless delivery experience and fantastic performance so far.
1502,1806,524,5,2024-07-14,Very Positive,Vehicle delivered in showroom condition. Very impressed with the quick turnaround!
1503,1808,901,1,2024-08-30,Very Negative,Unacceptable delay! Over two weeks late with zero customer support response.
1504,1810,687,5,2024-08-11,Very Positive,"Delivery on schedule, vehicle is spotless and driving like a dream."
1505,1812,83,5,2024-09-05,Very Positive,Seamless delivery experience and fantastic performance so far.
1506,1813,1493,5,2024-08-19,Very Positive,"Delivery on schedule, vehicle is spotless and driving like a dream."
1507,1814,1269,5,2024-09-08,Very Positive,"Excellent vehicle, smooth delivery process. Highly recommend New Wheels."
1508,1815,1463,5,2024-10-01,Very Positive,"Excellent vehicle, smooth delivery process. Highly recommend New Wheels."
1509,1816,1455,1,2024-10-07,Very Negative,Delivery breached SLA by 10 days. Vehicle was sitting at Chicago hub for days with no movement.
1510,1817,7,3,2024-08-07,Neutral,Vehicle is solid. Transit took the full promised duration.
1511,1819,373,3,2024-09-19,Neutral,"Decent service overall, communication could be slightly clearer."
1512,1820,544,5,2024-07-26,Very Positive,Arrived earlier than promised! Driver was courteous and professional.
1513,1821,153,5,2024-08-24,Very Positive,"Delivery on schedule, vehicle is spotless and driving like a dream."
1514,1822,356,5,2024-09-10,Very Positive,Vehicle delivered in showroom condition. Very impressed with the quick turnaround!
1515,1823,245,5,2024-07-15,Very Positive,"Excellent vehicle, smooth delivery process. Highly recommend New Wheels."
1516,1824,157,4,2024-09-19,Positive,Arrived earlier than promised! Driver was courteous and professional.
1517,1825,1302,5,2024-08-04,Very Positive,"Excellent vehicle, smooth delivery process. Highly recommend New Wheels."
1518,1826,302,,2024-08-17,Unrated,
1519,1827,717,3,2024-08-12,Neutral,Average delivery experience. Vehicle meets expectations.
1520,1828,1272,5,2024-07-26,Very Positive,"Delivery on schedule, vehicle is spotless and driving like a dream."
1521,1829,762,1,2024-09-24,Very Negative,Terrible logistics breakdown. Had to rent a car due to unannounced delivery delays.
1522,1830,1062,5,2024-07-18,Very Positive,Arrived earlier than promised! Driver was courteous and professional.
1523,1831,1063,4,2024-09-18,Positive,"Excellent vehicle, smooth delivery process. Highly recommend New Wheels."
1524,1832,1032,5,2024-10-03,Very Positive,"Excellent vehicle, smooth delivery process. Highly recommend New Wheels."
1525,1833,1475,1,2024-07-19,Very Negative,Delivery breached SLA by 10 days. Vehicle was sitting at Chicago hub for days with no movement.
1526,1835,1386,,2024-08-04,Unrated,
1527,1837,659,1,2024-10-06,Very Negative,Horrible experience! Promised delivery date missed repeatedly. Will not purchase again.
1528,1838,1585,2,2024-10-10,Negative,Poor carrier communication regarding rescheduled drop-off.
1529,1839,859,4,2024-09-15,Positive,"Delivery on schedule, vehicle is spotless and driving like a dream."
1530,1840,1273,1,2024-10-11,Very Negative,Unacceptable delay! Over two weeks late with zero customer support response.
1531,1841,696,,2024-07-25,Unrated,
1532,1842,1516,5,2024-07-27,Very Positive,Seamless delivery experience and fantastic performance so far.
1533,1844,989,3,2024-08-02,Neutral,Vehicle is solid. Transit took the full promised duration.
1534,1845,588,5,2024-09-28,Very Positive,Arrived earlier than promised! Driver was courteous and professional.
1535,1846,1084,5,2024-08-13,Very Positive,"Excellent vehicle, smooth delivery process. Highly recommend New Wheels."
1536,1847,1498,5,2024-09-16,Very Positive,"Excellent vehicle, smooth delivery process. Highly recommend New Wheels."
1537,1849,1426,5,2024-09-09,Very Positive,Vehicle delivered in showroom condition. Very impressed with the quick turnaround!
1538,1850,1539,3,2024-09-13,Neutral,"Decent service overall, communication could be slightly clearer."
1539,1851,59,5,2024-08-20,Very Positive,Vehicle delivered in showroom condition. Very impressed with the quick turnaround!
1540,1852,253,4,2024-08-16,Positive,Arrived earlier than promised! Driver was courteous and professional.
1541,1853,1186,2,2024-10-11,Negative,Delayed transit by several days with vague tracking updates.
1542,1854,423,5,2024-07-28,Very Positive,"Delivery on schedule, vehicle is spotless and driving like a dream."
1543,1855,734,1,2024-08-27,Very Negative,Horrible experience! Promised delivery date missed repeatedly. Will not purchase again.
1544,1856,296,4,2024-08-12,Positive,Arrived earlier than promised! Driver was courteous and professional.
1545,1857,1029,4,2024-08-20,Positive,"Delivery on schedule, vehicle is spotless and driving like a dream."
1546,1858,868,1,2024-10-08,Very Negative,Unacceptable delay! Over two weeks late with zero customer support response.
1547,1860,790,1,2024-09-29,Very Negative,Horrible experience! Promised delivery date missed repeatedly. Will not purchase again.
1548,1861,1029,4,2024-09-05,Positive,Arrived earlier than promised! Driver was courteous and professional.
1549,1862,166,5,2024-09-02,Very Positive,Vehicle delivered in showroom condition. Very impressed with the quick turnaround!
1550,1863,759,5,2024-08-18,Very Positive,Arrived earlier than promised! Driver was courteous and professional.
1551,1864,765,5,2024-07-17,Very Positive,"Delivery on schedule, vehicle is spotless and driving like a dream."
1552,1865,1170,,2024-08-14,Unrated,
1553,1866,324,2,2024-09-28,Negative,Expected faster fulfillment given the premium price point.
1554,1867,1570,5,2024-09-24,Very Positive,Vehicle delivered in showroom condition. Very impressed with the quick turnaround!
1555,1868,709,5,2024-09-15,Very Positive,Arrived earlier than promised! Driver was courteous and professional.
1556,1869,802,5,2024-09-06,Very Positive,Seamless delivery experience and fantastic performance so far.
1557,1870,632,4,2024-09-13,Positive,"Delivery on schedule, vehicle is spotless and driving like a dream."
1558,1873,1235,1,2024-07-27,Very Negative,Unacceptable delay! Over two weeks late with zero customer support response.
1559,1874,669,1,2024-10-15,Very Negative,Unacceptable delay! Over two weeks late with zero customer support response.
1560,1876,925,5,2024-10-02,Very Positive,Vehicle delivered in showroom condition. Very impressed with the quick turnaround!
1561,1879,721,2,2024-07-22,Negative,Delayed transit by several days with vague tracking updates.
1562,1880,1151,1,2024-08-02,Very Negative,Delivery breached SLA by 10 days. Vehicle was sitting at Chicago hub for days with no movement.
1563,1881,895,4,2024-09-18,Positive,"Delivery on schedule, vehicle is spotless and driving like a dream."
1564,1882,1334,5,2024-07-31,Very Positive,Vehicle delivered in showroom condition. Very impressed with the quick turnaround!
1565,1884,458,5,2024-07-11,Very Positive,"Excellent vehicle, smooth delivery process. Highly recommend New Wheels."
1566,1885,908,5,2024-08-31,Very Positive,"Excellent vehicle, smooth delivery process. Highly recommend New Wheels."
1567,1886,207,5,2024-07-08,Very Positive,"Excellent vehicle, smooth delivery process. Highly recommend New Wheels."
1568,1887,494,5,2024-09-09,Very Positive,"Excellent vehicle, smooth delivery process. Highly recommend New Wheels."
1569,1888,1015,3,2024-09-22,Neutral,"Delivery arrived as scheduled, minor paperwork delay at hand-off."
1570,1889,361,1,2024-08-04,Very Negative,Unacceptable delay! Over two weeks late with zero customer support response.
1571,1890,647,2,2024-08-17,Negative,Poor carrier communication regarding rescheduled drop-off.
1572,1891,1553,5,2024-08-06,Very Positive,Arrived earlier than promised! Driver was courteous and professional.
1573,1892,1179,4,2024-07-20,Positive,"Delivery on schedule, vehicle is spotless and driving like a dream."
1574,1894,579,1,2024-08-03,Very Negative,Horrible experience! Promised delivery date missed repeatedly. Will not purchase again.
1575,1895,339,4,2024-09-03,Positive,"Delivery on schedule, vehicle is spotless and driving like a dream."
1576,1896,1371,2,2024-09-10,Negative,Delivery took over a week past the promised date. Very stressful experience.
1577,1898,116,5,2024-07-22,Very Positive,Seamless delivery experience and fantastic performance so far.
1578,1899,910,4,2024-09-14,Positive,Vehicle delivered in showroom condition. Very impressed with the quick turnaround!
1579,1900,348,5,2024-09-19,Very Positive,"Excellent vehicle, smooth delivery process. Highly recommend New Wheels."
1580,1901,849,1,2024-08-20,Very Negative,Terrible logistics breakdown. Had to rent a car due to unannounced delivery delays.
1581,1902,1062,4,2024-09-30,Positive,Arrived earlier than promised! Driver was courteous and professional.
1582,1903,512,5,2024-08-29,Very Positive,Vehicle delivered in showroom condition. Very impressed with the quick turnaround!
1583,1904,1090,2,2024-10-02,Negative,Poor carrier communication regarding rescheduled drop-off.
1584,1905,106,5,2024-09-09,Very Positive,"Delivery on schedule, vehicle is spotless and driving like a dream."
1585,1906,1289,1,2024-09-02,Very Negative,Terrible logistics breakdown. Had to rent a car due to unannounced delivery delays.
1586,1907,298,1,2024-10-12,Very Negative,Delivery breached SLA by 10 days. Vehicle was sitting at Chicago hub for days with no movement.
1587,1908,51,2,2024-08-07,Negative,Delivery took over a week past the promised date. Very stressful experience.
1588,1910,514,5,2024-08-28,Very Positive,"Delivery on schedule, vehicle is spotless and driving like a dream."
1589,1911,69,4,2024-08-06,Positive,Vehicle delivered in showroom condition. Very impressed with the quick turnaround!
1590,1912,1187,5,2024-08-13,Very Positive,Arrived earlier than promised! Driver was courteous and professional.
1591,1913,354,5,2024-07-15,Very Positive,"Delivery on schedule, vehicle is spotless and driving like a dream."
1592,1914,1115,5,2024-07-29,Very Positive,"Excellent vehicle, smooth delivery process. Highly recommend New Wheels."
1593,1915,377,3,2024-08-07,Neutral,"Delivery arrived as scheduled, minor paperwork delay at hand-off."
1594,1916,582,4,2024-09-10,Positive,Vehicle delivered in showroom condition. Very impressed with the quick turnaround!
1595,1917,126,4,2024-08-05,Positive,Arrived earlier than promised! Driver was courteous and professional.
1596,1919,164,5,2024-09-27,Very Positive,Vehicle delivered in showroom condition. Very impressed with the quick turnaround!
1597,1920,688,5,2024-09-28,Very Positive,Arrived earlier than promised! Driver was courteous and professional.
1598,1921,453,4,2024-08-16,Positive,"Delivery on schedule, vehicle is spotless and driving like a dream."
1599,1922,1521,5,2024-08-01,Very Positive,Seamless delivery experience and fantastic performance so far.
1600,1923,709,1,2024-10-07,Very Negative,Unacceptable delay! Over two weeks late with zero customer support response.
1601,1924,522,1,2024-09-19,Very Negative,Delivery breached SLA by 10 days. Vehicle was sitting at Chicago hub for days with no movement.
1602,1925,1125,3,2024-09-06,Neutral,Vehicle is solid. Transit took the full promised duration.
1603,1928,312,1,2024-08-25,Very Negative,Terrible logistics breakdown. Had to rent a car due to unannounced delivery delays.
1604,1929,317,5,2024-08-09,Very Positive,Seamless delivery experience and fantastic performance so far.
1605,1930,96,4,2024-07-23,Positive,Vehicle delivered in showroom condition. Very impressed with the quick turnaround!
1606,1931,349,1,2024-09-22,Very Negative,Unacceptable delay! Over two weeks late with zero customer support response.
1607,1932,1202,5,2024-07-12,Very Positive,"Excellent vehicle, smooth delivery process. Highly recommend New Wheels."
1608,1933,907,5,2024-08-23,Very Positive,"Delivery on schedule, vehicle is spotless and driving like a dream."
1609,1934,1031,1,2024-09-27,Very Negative,Delivery breached SLA by 10 days. Vehicle was sitting at Chicago hub for days with no movement.
1610,1935,1452,5,2024-08-25,Very Positive,Vehicle delivered in showroom condition. Very impressed with the quick turnaround!
1611,1936,942,2,2024-09-02,Negative,Delivery took over a week past the promised date. Very stressful experience.
1612,1937,1563,1,2024-10-08,Very Negative,Terrible logistics breakdown. Had to rent a car due to unannounced delivery delays.
1613,1938,191,2,2024-10-14,Negative,Delayed transit by several days with vague tracking updates.
1614,1939,940,5,2024-09-22,Very Positive,Vehicle delivered in showroom condition. Very impressed with the quick turnaround!
1615,1941,1309,3,2024-08-18,Neutral,"Delivery arrived as scheduled, minor paperwork delay at hand-off."
1616,1942,948,5,2024-08-28,Very Positive,Vehicle delivered in showroom condition. Very impressed with the quick turnaround!
1617,1943,978,4,2024-07-25,Positive,Seamless delivery experience and fantastic performance so far.
1618,1944,1380,1,2024-08-18,Very Negative,Delivery breached SLA by 10 days. Vehicle was sitting at Chicago hub for days with no movement.
1619,1945,127,1,2024-09-15,Very Negative,Unacceptable delay! Over two weeks late with zero customer support response.
1620,1948,677,4,2024-07-27,Positive,Arrived earlier than promised! Driver was courteous and professional.
1621,1949,1315,5,2024-07-21,Very Positive,"Excellent vehicle, smooth delivery process. Highly recommend New Wheels."
1622,1950,1367,3,2024-09-21,Neutral,"Delivery arrived as scheduled, minor paperwork delay at hand-off."
1623,1951,1015,2,2024-09-08,Negative,Delivery took over a week past the promised date. Very stressful experience.
1624,1952,121,3,2024-08-24,Neutral,Vehicle is solid. Transit took the full promised duration.
1625,1953,1448,3,2024-09-02,Neutral,Average delivery experience. Vehicle meets expectations.
1626,1955,151,5,2024-09-05,Very Positive,"Excellent vehicle, smooth delivery process. Highly recommend New Wheels."
1627,1957,1440,1,2024-08-03,Very Negative,Delivery breached SLA by 10 days. Vehicle was sitting at Chicago hub for days with no movement.
1628,1958,1377,5,2024-07-24,Very Positive,Seamless delivery experience and fantastic performance so far.
1629,1959,238,5,2024-08-11,Very Positive,Vehicle delivered in showroom condition. Very impressed with the quick turnaround!
1630,1960,139,3,2024-08-27,Neutral,"Decent service overall, communication could be slightly clearer."
1631,1961,1076,5,2024-08-23,Very Positive,"Excellent vehicle, smooth delivery process. Highly recommend New Wheels."
1632,1963,72,1,2024-09-01,Very Negative,Terrible logistics breakdown. Had to rent a car due to unannounced delivery delays.
1633,1964,412,4,2024-07-17,Positive,Arrived earlier than promised! Driver was courteous and professional.
1634,1965,1371,5,2024-09-11,Very Positive,"Excellent vehicle, smooth delivery process. Highly recommend New Wheels."
1635,1966,1434,5,2024-07-17,Very Positive,"Delivery on schedule, vehicle is spotless and driving like a dream."
1636,1967,5,1,2024-08-01,Very Negative,Terrible logistics breakdown. Had to rent a car due to unannounced delivery delays.
1637,1968,1327,4,2024-09-14,Positive,"Delivery on schedule, vehicle is spotless and driving like a dream."
1638,1969,25,3,2024-09-23,Neutral,"Delivery arrived as scheduled, minor paperwork delay at hand-off."
1639,1970,231,5,2024-09-15,Very Positive,Vehicle delivered in showroom condition. Very impressed with the quick turnaround!
1640,1971,200,2,2024-08-10,Negative,Poor carrier communication regarding rescheduled drop-off.
1641,1972,306,2,2024-07-28,Negative,Poor carrier communication regarding rescheduled drop-off.
1642,1973,286,5,2024-09-23,Very Positive,Vehicle delivered in showroom condition. Very impressed with the quick turnaround!
1643,1974,1006,5,2024-09-02,Very Positive,Vehicle delivered in showroom condition. Very impressed with the quick turnaround!
1644,1975,296,4,2024-08-29,Positive,Vehicle delivered in showroom condition. Very impressed with the quick turnaround!
1645,1976,446,4,2024-07-28,Positive,"Delivery on schedule, vehicle is spotless and driving like a dream."
1646,1977,640,1,2024-08-08,Very Negative,Unacceptable delay! Over two weeks late with zero customer support response.
1647,1979,473,5,2024-08-06,Very Positive,Seamless delivery experience and fantastic performance so far.
1648,1980,166,3,2024-09-16,Neutral,Vehicle is solid. Transit took the full promised duration.
1649,1981,569,3,2024-08-23,Neutral,Average delivery experience. Vehicle meets expectations.
1650,1982,960,4,2024-09-28,Positive,Vehicle delivered in showroom condition. Very impressed with the quick turnaround!
1651,1983,126,2,2024-07-26,Negative,Expected faster fulfillment given the premium price point.
1652,1984,1320,2,2024-10-06,Negative,Delivery took over a week past the promised date. Very stressful experience.
1653,1986,1077,1,2024-10-08,Very Negative,Horrible experience! Promised delivery date missed repeatedly. Will not purchase again.
1654,1987,1002,1,2024-10-21,Very Negative,Terrible logistics breakdown. Had to rent a car due to unannounced delivery delays.
1655,1989,308,5,2024-10-01,Very Positive,Vehicle delivered in showroom condition. Very impressed with the quick turnaround!
1656,1990,1167,1,2024-09-19,Very Negative,Delivery breached SLA by 10 days. Vehicle was sitting at Chicago hub for days with no movement.
1657,1991,236,5,2024-10-07,Very Positive,"Excellent vehicle, smooth delivery process. Highly recommend New Wheels."
1658,1992,403,5,2024-07-28,Very Positive,Seamless delivery experience and fantastic performance so far.
1659,1993,253,5,2024-07-24,Very Positive,"Delivery on schedule, vehicle is spotless and driving like a dream."
1660,1994,1559,1,2024-08-30,Very Negative,Horrible experience! Promised delivery date missed repeatedly. Will not purchase again.
1661,1996,708,5,2024-09-12,Very Positive,Seamless delivery experience and fantastic performance so far.
1662,1997,1384,5,2024-08-18,Very Positive,Seamless delivery experience and fantastic performance so far.
1663,1999,1181,4,2024-07-19,Positive,Vehicle delivered in showroom condition. Very impressed with the quick turnaround!
1664,2000,140,4,2024-09-06,Positive,Arrived earlier than promised! Driver was courteous and professional.
1665,2001,1491,5,2024-08-16,Very Positive,Seamless delivery experience and fantastic performance so far.
1666,2002,945,2,2024-10-02,Negative,Delivery took over a week past the promised date. Very stressful experience.
1667,2003,809,2,2024-07-24,Negative,Poor carrier communication regarding rescheduled drop-off.
1668,2005,797,1,2024-08-28,Very Negative,Horrible experience! Promised delivery date missed repeatedly. Will not purchase again.
1669,2006,1293,5,2024-09-26,Very Positive,Vehicle delivered in showroom condition. Very impressed with the quick turnaround!
1670,2007,1059,5,2024-08-20,Very Positive,"Delivery on schedule, vehicle is spotless and driving like a dream."
1671,2008,1442,1,2024-07-27,Very Negative,Horrible experience! Promised delivery date missed repeatedly. Will not purchase again.
1672,2009,965,1,2024-09-20,Very Negative,Unacceptable delay! Over two weeks late with zero customer support response.
1673,2010,767,2,2024-09-21,Negative,Poor carrier communication regarding rescheduled drop-off.
1674,2011,1415,5,2024-08-21,Very Positive,Seamless delivery experience and fantastic performance so far.
1675,2012,295,5,2024-08-09,Very Positive,Arrived earlier than promised! Driver was courteous and professional.
1676,2013,658,4,2024-09-09,Positive,Vehicle delivered in showroom condition. Very impressed with the quick turnaround!
1677,2014,1106,5,2024-09-13,Very Positive,Vehicle delivered in showroom condition. Very impressed with the quick turnaround!
1678,2015,1315,2,2024-07-15,Negative,Expected faster fulfillment given the premium price point.
1679,2016,606,1,2024-09-02,Very Negative,Delivery breached SLA by 10 days. Vehicle was sitting at Chicago hub for days with no movement.
1680,2017,1419,5,2024-07-27,Very Positive,Arrived earlier than promised! Driver was courteous and professional.
1681,2019,336,2,2024-10-02,Negative,Delayed transit by several days with vague tracking updates.
1682,2020,993,4,2024-09-05,Positive,"Delivery on schedule, vehicle is spotless and driving like a dream."
1683,2023,757,5,2024-09-12,Very Positive,Seamless delivery experience and fantastic performance so far.
1684,2024,1199,1,2024-10-03,Very Negative,Terrible logistics breakdown. Had to rent a car due to unannounced delivery delays.
1685,2025,87,3,2024-09-18,Neutral,Average delivery experience. Vehicle meets expectations.
1686,2026,399,,2024-08-21,Unrated,
1687,2027,1076,5,2024-10-07,Very Positive,"Excellent vehicle, smooth delivery process. Highly recommend New Wheels."
1688,2028,1190,2,2024-08-12,Negative,Poor carrier communication regarding rescheduled drop-off.
1689,2029,1545,2,2024-08-24,Negative,Delayed transit by several days with vague tracking updates.
1690,2030,1456,2,2024-09-09,Negative,Poor carrier communication regarding rescheduled drop-off.
1691,2031,248,5,2024-10-01,Very Positive,"Delivery on schedule, vehicle is spotless and driving like a dream."
1692,2032,15,5,2024-10-03,Very Positive,"Delivery on schedule, vehicle is spotless and driving like a dream."
1693,2033,760,5,2024-08-06,Very Positive,"Excellent vehicle, smooth delivery process. Highly recommend New Wheels."
1694,2034,651,3,2024-08-03,Neutral,Vehicle is solid. Transit took the full promised duration.
1695,2035,1145,5,2024-08-17,Very Positive,"Delivery on schedule, vehicle is spotless and driving like a dream."
1696,2036,1028,4,2024-08-14,Positive,"Excellent vehicle, smooth delivery process. Highly recommend New Wheels."
1697,2037,717,5,2024-09-08,Very Positive,Seamless delivery experience and fantastic performance so far.
1698,2038,602,5,2024-08-21,Very Positive,"Excellent vehicle, smooth delivery process. Highly recommend New Wheels."
1699,2040,1563,1,2024-08-30,Very Negative,Unacceptable delay! Over two weeks late with zero customer support response.
1700,2041,35,5,2024-08-06,Very Positive,"Delivery on schedule, vehicle is spotless and driving like a dream."
1701,2042,832,4,2024-09-22,Positive,"Delivery on schedule, vehicle is spotless and driving like a dream."
1702,2043,462,4,2024-07-12,Positive,Vehicle delivered in showroom condition. Very impressed with the quick turnaround!
1703,2044,706,5,2024-09-10,Very Positive,Seamless delivery experience and fantastic performance so far.
1704,2045,1578,1,2024-10-06,Very Negative,Horrible experience! Promised delivery date missed repeatedly. Will not purchase again.
1705,2046,105,5,2024-07-22,Very Positive,Vehicle delivered in showroom condition. Very impressed with the quick turnaround!
1706,2047,1118,3,2024-08-11,Neutral,Vehicle is solid. Transit took the full promised duration.
1707,2048,229,5,2024-08-24,Very Positive,Seamless delivery experience and fantastic performance so far.
1708,2049,1021,5,2024-09-21,Very Positive,Seamless delivery experience and fantastic performance so far.
1709,2050,193,5,2024-09-29,Very Positive,Arrived earlier than promised! Driver was courteous and professional.
1710,2051,758,4,2024-08-12,Positive,Arrived earlier than promised! Driver was courteous and professional.
1711,2052,235,,2024-08-10,Unrated,
1712,2053,910,4,2024-09-15,Positive,"Excellent vehicle, smooth delivery process. Highly recommend New Wheels."
1713,2054,248,5,2024-08-11,Very Positive,Arrived earlier than promised! Driver was courteous and professional.
1714,2055,177,5,2024-08-19,Very Positive,Arrived earlier than promised! Driver was courteous and professional.
1715,2056,1288,5,2024-08-10,Very Positive,Arrived earlier than promised! Driver was courteous and professional.
1716,2057,353,4,2024-09-27,Positive,Seamless delivery experience and fantastic performance so far.
1717,2059,890,5,2024-09-03,Very Positive,"Excellent vehicle, smooth delivery process. Highly recommend New Wheels."
1718,2060,310,5,2024-08-15,Very Positive,"Excellent vehicle, smooth delivery process. Highly recommend New Wheels."
1719,2061,1453,1,2024-12-08,Very Negative,Unacceptable delay! Over two weeks late with zero customer support response.
1720,2062,1457,5,2024-11-01,Very Positive,Vehicle delivered in showroom condition. Very impressed with the quick turnaround!
1721,2063,1362,,2025-01-03,Unrated,
1722,2064,455,2,2024-10-24,Negative,Delayed transit by several days with vague tracking updates.
1723,2066,1573,5,2024-10-29,Very Positive,Arrived earlier than promised! Driver was courteous and professional.
1724,2068,68,5,2024-10-12,Very Positive,"Delivery on schedule, vehicle is spotless and driving like a dream."
1725,2069,377,3,2024-12-12,Neutral,"Delivery arrived as scheduled, minor paperwork delay at hand-off."
1726,2070,965,5,2024-12-02,Very Positive,"Delivery on schedule, vehicle is spotless and driving like a dream."
1727,2071,1514,4,2024-10-26,Positive,"Excellent vehicle, smooth delivery process. Highly recommend New Wheels."
1728,2072,1095,2,2024-12-30,Negative,Delivery took over a week past the promised date. Very stressful experience.
1729,2073,1374,4,2024-11-18,Positive,Arrived earlier than promised! Driver was courteous and professional.
1730,2075,718,5,2024-11-08,Very Positive,"Excellent vehicle, smooth delivery process. Highly recommend New Wheels."
1731,2076,1264,1,2024-12-17,Very Negative,Delivery breached SLA by 10 days. Vehicle was sitting at Chicago hub for days with no movement.
1732,2077,1190,3,2024-11-10,Neutral,"Delivery arrived as scheduled, minor paperwork delay at hand-off."
1733,2078,785,5,2024-12-02,Very Positive,"Excellent vehicle, smooth delivery process. Highly recommend New Wheels."
1734,2079,1126,1,2024-11-03,Very Negative,Terrible logistics breakdown. Had to rent a car due to unannounced delivery delays.
1735,2080,226,1,2024-10-23,Very Negative,Delivery breached SLA by 10 days. Vehicle was sitting at Chicago hub for days with no movement.
1736,2081,748,,2024-12-01,Unrated,
1737,2082,771,3,2024-12-17,Neutral,Average delivery experience. Vehicle meets expectations.
1738,2083,167,2,2024-12-07,Negative,Poor carrier communication regarding rescheduled drop-off.
1739,2084,250,4,2024-10-30,Positive,Arrived earlier than promised! Driver was courteous and professional.
1740,2085,238,5,2024-10-27,Very Positive,"Excellent vehicle, smooth delivery process. Highly recommend New Wheels."
1741,2086,824,3,2025-01-05,Neutral,Average delivery experience. Vehicle meets expectations.
1742,2087,793,5,2024-10-17,Very Positive,"Delivery on schedule, vehicle is spotless and driving like a dream."
1743,2088,180,2,2025-01-03,Negative,Delayed transit by several days with vague tracking updates.
1744,2089,1332,4,2024-12-30,Positive,Vehicle delivered in showroom condition. Very impressed with the quick turnaround!
1745,2092,866,5,2024-11-15,Very Positive,Seamless delivery experience and fantastic performance so far.
1746,2093,1015,5,2024-10-16,Very Positive,Vehicle delivered in showroom condition. Very impressed with the quick turnaround!
1747,2094,590,4,2024-11-19,Positive,Seamless delivery experience and fantastic performance so far.
1748,2095,1113,1,2025-01-06,Very Negative,Terrible logistics breakdown. Had to rent a car due to unannounced delivery delays.
1749,2096,661,1,2024-10-28,Very Negative,Horrible experience! Promised delivery date missed repeatedly. Will not purchase again.
1750,2097,738,2,2024-10-14,Negative,Delayed transit by several days with vague tracking updates.
1751,2098,1273,5,2024-10-25,Very Positive,Arrived earlier than promised! Driver was courteous and professional.
1752,2099,314,5,2024-12-06,Very Positive,"Excellent vehicle, smooth delivery process. Highly recommend New Wheels."
1753,2100,73,4,2024-12-28,Positive,Seamless delivery experience and fantastic performance so far.
1754,2101,943,4,2025-01-02,Positive,Seamless delivery experience and fantastic performance so far.
1755,2102,705,5,2024-11-19,Very Positive,Seamless delivery experience and fantastic performance so far.
1756,2104,249,1,2024-11-02,Very Negative,Terrible logistics breakdown. Had to rent a car due to unannounced delivery delays.
1757,2105,1540,5,2024-12-19,Very Positive,Seamless delivery experience and fantastic performance so far.
1758,2107,301,4,2024-12-27,Positive,Vehicle delivered in showroom condition. Very impressed with the quick turnaround!
1759,2108,233,5,2024-11-01,Very Positive,"Delivery on schedule, vehicle is spotless and driving like a dream."
1760,2109,154,3,2024-11-16,Neutral,"Delivery arrived as scheduled, minor paperwork delay at hand-off."
1761,2110,1517,5,2024-12-02,Very Positive,"Excellent vehicle, smooth delivery process. Highly recommend New Wheels."
1762,2111,1464,4,2024-12-16,Positive,Seamless delivery experience and fantastic performance so far.
1763,2113,660,5,2024-10-08,Very Positive,Seamless delivery experience and fantastic performance so far.
1764,2114,476,3,2024-12-20,Neutral,Average delivery experience. Vehicle meets expectations.
1765,2116,125,4,2025-01-04,Positive,Vehicle delivered in showroom condition. Very impressed with the quick turnaround!
1766,2117,1523,1,2024-12-26,Very Negative,Unacceptable delay! Over two weeks late with zero customer support response.
1767,2118,1293,1,2024-11-11,Very Negative,Unacceptable delay! Over two weeks late with zero customer support response.
1768,2119,1419,4,2024-11-24,Positive,Arrived earlier than promised! Driver was courteous and professional.
1769,2120,1241,2,2024-10-29,Negative,Expected faster fulfillment given the premium price point.
1770,2121,1240,5,2024-12-18,Very Positive,Arrived earlier than promised! Driver was courteous and professional.
1771,2122,669,5,2024-11-11,Very Positive,Arrived earlier than promised! Driver was courteous and professional.
1772,2123,758,5,2024-10-18,Very Positive,"Delivery on schedule, vehicle is spotless and driving like a dream."
1773,2124,967,4,2025-01-01,Positive,Arrived earlier than promised! Driver was courteous and professional.
1774,2125,1064,1,2024-12-12,Very Negative,Horrible experience! Promised delivery date missed repeatedly. Will not purchase again.
1775,2126,433,1,2024-12-01,Very Negative,Horrible experience! Promised delivery date missed repeatedly. Will not purchase again.
1776,2128,787,5,2024-10-20,Very Positive,Vehicle delivered in showroom condition. Very impressed with the quick turnaround!
1777,2129,145,4,2024-12-03,Positive,Vehicle delivered in showroom condition. Very impressed with the quick turnaround!
1778,2130,321,5,2024-12-25,Very Positive,Arrived earlier than promised! Driver was courteous and professional.
1779,2131,19,1,2024-11-28,Very Negative,Unacceptable delay! Over two weeks late with zero customer support response.
1780,2132,496,3,2024-10-18,Neutral,"Delivery arrived as scheduled, minor paperwork delay at hand-off."
1781,2133,614,1,2025-01-15,Very Negative,Delivery breached SLA by 10 days. Vehicle was sitting at Chicago hub for days with no movement.
1782,2134,1031,1,2024-12-29,Very Negative,Horrible experience! Promised delivery date missed repeatedly. Will not purchase again.
1783,2135,1413,1,2024-12-26,Very Negative,Horrible experience! Promised delivery date missed repeatedly. Will not purchase again.
1784,2136,820,5,2024-12-04,Very Positive,"Delivery on schedule, vehicle is spotless and driving like a dream."
1785,2137,432,5,2024-12-31,Very Positive,Vehicle delivered in showroom condition. Very impressed with the quick turnaround!
1786,2138,1337,5,2024-12-27,Very Positive,"Excellent vehicle, smooth delivery process. Highly recommend New Wheels."
1787,2140,664,5,2024-11-12,Very Positive,Arrived earlier than promised! Driver was courteous and professional.
1788,2141,970,5,2025-01-04,Very Positive,Arrived earlier than promised! Driver was courteous and professional.
1789,2142,700,2,2024-10-15,Negative,Poor carrier communication regarding rescheduled drop-off.
1790,2143,1140,2,2025-01-03,Negative,Delivery took over a week past the promised date. Very stressful experience.
1791,2144,628,2,2024-12-10,Negative,Expected faster fulfillment given the premium price point.
1792,2145,957,,2024-11-20,Unrated,
1793,2146,878,5,2024-10-29,Very Positive,Vehicle delivered in showroom condition. Very impressed with the quick turnaround!
1794,2148,1187,4,2024-10-30,Positive,Arrived earlier than promised! Driver was courteous and professional.
1795,2149,1131,1,2025-01-03,Very Negative,Terrible logistics breakdown. Had to rent a car due to unannounced delivery delays.
1796,2150,1134,2,2024-10-17,Negative,Delivery took over a week past the promised date. Very stressful experience.
1797,2151,1535,5,2024-12-17,Very Positive,Arrived earlier than promised! Driver was courteous and professional.
1798,2152,426,1,2024-11-10,Very Negative,Terrible logistics breakdown. Had to rent a car due to unannounced delivery delays.
1799,2153,20,5,2024-10-11,Very Positive,Arrived earlier than promised! Driver was courteous and professional.
1800,2154,676,4,2024-10-13,Positive,Seamless delivery experience and fantastic performance so far.
1801,2155,1472,,2024-11-28,Unrated,
1802,2156,907,2,2024-12-16,Negative,Expected faster fulfillment given the premium price point.
1803,2157,1499,4,2024-11-16,Positive,Vehicle delivered in showroom condition. Very impressed with the quick turnaround!
1804,2158,1410,1,2024-12-31,Very Negative,Unacceptable delay! Over two weeks late with zero customer support response.
1805,2159,1356,1,2024-12-27,Very Negative,Horrible experience! Promised delivery date missed repeatedly. Will not purchase again.
1806,2160,1483,1,2024-10-26,Very Negative,Delivery breached SLA by 10 days. Vehicle was sitting at Chicago hub for days with no movement.
1807,2161,1435,5,2024-10-05,Very Positive,Vehicle delivered in showroom condition. Very impressed with the quick turnaround!
1808,2162,593,5,2024-10-19,Very Positive,Arrived earlier than promised! Driver was courteous and professional.
1809,2163,1216,1,2024-11-23,Very Negative,Unacceptable delay! Over two weeks late with zero customer support response.
1810,2164,1457,1,2024-10-24,Very Negative,Terrible logistics breakdown. Had to rent a car due to unannounced delivery delays.
1811,2166,1550,1,2024-11-20,Very Negative,Delivery breached SLA by 10 days. Vehicle was sitting at Chicago hub for days with no movement.
1812,2167,535,1,2024-11-06,Very Negative,Horrible experience! Promised delivery date missed repeatedly. Will not purchase again.
1813,2168,615,5,2024-10-23,Very Positive,"Excellent vehicle, smooth delivery process. Highly recommend New Wheels."
1814,2171,1049,5,2024-11-09,Very Positive,Seamless delivery experience and fantastic performance so far.
1815,2173,316,5,2024-11-09,Very Positive,"Excellent vehicle, smooth delivery process. Highly recommend New Wheels."
1816,2174,60,5,2024-10-17,Very Positive,"Excellent vehicle, smooth delivery process. Highly recommend New Wheels."
1817,2175,367,5,2024-12-07,Very Positive,Seamless delivery experience and fantastic performance so far.
1818,2176,363,1,2025-01-09,Very Negative,Horrible experience! Promised delivery date missed repeatedly. Will not purchase again.
1819,2177,950,4,2024-12-14,Positive,"Excellent vehicle, smooth delivery process. Highly recommend New Wheels."
1820,2178,801,1,2025-01-03,Very Negative,Horrible experience! Promised delivery date missed repeatedly. Will not purchase again.
1821,2179,1146,4,2024-10-20,Positive,"Excellent vehicle, smooth delivery process. Highly recommend New Wheels."
1822,2180,1268,4,2024-10-15,Positive,Seamless delivery experience and fantastic performance so far.
1823,2181,712,5,2024-12-21,Very Positive,Seamless delivery experience and fantastic performance so far.
1824,2182,1268,5,2024-10-29,Very Positive,"Excellent vehicle, smooth delivery process. Highly recommend New Wheels."
1825,2183,1331,5,2024-11-02,Very Positive,Arrived earlier than promised! Driver was courteous and professional.
1826,2184,589,2,2024-12-20,Negative,Expected faster fulfillment given the premium price point.
1827,2185,1248,5,2024-10-06,Very Positive,"Delivery on schedule, vehicle is spotless and driving like a dream."
1828,2187,328,4,2024-12-12,Positive,"Delivery on schedule, vehicle is spotless and driving like a dream."
1829,2188,673,,2024-11-22,Unrated,
1830,2189,6,4,2024-10-30,Positive,Vehicle delivered in showroom condition. Very impressed with the quick turnaround!
1831,2191,247,,2024-12-26,Unrated,
1832,2192,7,5,2025-01-06,Very Positive,Seamless delivery experience and fantastic performance so far.
1833,2193,1280,5,2024-12-05,Very Positive,Seamless delivery experience and fantastic performance so far.
1834,2195,253,5,2024-10-20,Very Positive,Seamless delivery experience and fantastic performance so far.
1835,2196,876,1,2024-12-12,Very Negative,Terrible logistics breakdown. Had to rent a car due to unannounced delivery delays.
1836,2197,782,4,2024-10-24,Positive,Seamless delivery experience and fantastic performance so far.
1837,2198,264,5,2024-12-31,Very Positive,"Delivery on schedule, vehicle is spotless and driving like a dream."
1838,2199,769,3,2024-12-02,Neutral,"Decent service overall, communication could be slightly clearer."
1839,2201,1587,3,2024-12-13,Neutral,Average delivery experience. Vehicle meets expectations.
1840,2202,956,4,2024-10-15,Positive,"Excellent vehicle, smooth delivery process. Highly recommend New Wheels."
1841,2203,1405,1,2024-12-12,Very Negative,Unacceptable delay! Over two weeks late with zero customer support response.
1842,2204,97,2,2024-10-29,Negative,Delivery took over a week past the promised date. Very stressful experience.
1843,2206,1266,5,2024-12-18,Very Positive,"Excellent vehicle, smooth delivery process. Highly recommend New Wheels."
1844,2207,1418,5,2024-11-14,Very Positive,"Excellent vehicle, smooth delivery process. Highly recommend New Wheels."
1845,2208,656,4,2024-11-27,Positive,Seamless delivery experience and fantastic performance so far.
1846,2209,1316,5,2024-12-03,Very Positive,Vehicle delivered in showroom condition. Very impressed with the quick turnaround!
1847,2210,901,5,2024-11-06,Very Positive,"Delivery on schedule, vehicle is spotless and driving like a dream."
1848,2212,903,3,2024-10-10,Neutral,Vehicle is solid. Transit took the full promised duration.
1849,2214,358,5,2024-11-30,Very Positive,Vehicle delivered in showroom condition. Very impressed with the quick turnaround!
1850,2215,1585,5,2024-10-21,Very Positive,Seamless delivery experience and fantastic performance so far.
1851,2216,1241,4,2024-12-19,Positive,Arrived earlier than promised! Driver was courteous and professional.
1852,2217,551,5,2024-11-29,Very Positive,"Excellent vehicle, smooth delivery process. Highly recommend New Wheels."
1853,2218,131,4,2024-10-17,Positive,"Delivery on schedule, vehicle is spotless and driving like a dream."
1854,2219,729,3,2024-10-23,Neutral,Vehicle is solid. Transit took the full promised duration.
1855,2221,938,5,2024-12-17,Very Positive,Vehicle delivered in showroom condition. Very impressed with the quick turnaround!
1856,2222,122,2,2024-10-17,Negative,Poor carrier communication regarding rescheduled drop-off.
1857,2223,834,4,2024-10-13,Positive,"Excellent vehicle, smooth delivery process. Highly recommend New Wheels."
1858,2226,1155,1,2024-12-22,Very Negative,Unacceptable delay! Over two weeks late with zero customer support response.
1859,2227,561,5,2024-10-22,Very Positive,Seamless delivery experience and fantastic performance so far.
1860,2228,707,3,2024-12-24,Neutral,Vehicle is solid. Transit took the full promised duration.
1861,2230,1350,5,2024-11-29,Very Positive,Arrived earlier than promised! Driver was courteous and professional.
1862,2232,1174,5,2024-11-23,Very Positive,Vehicle delivered in showroom condition. Very impressed with the quick turnaround!
1863,2233,103,4,2024-12-28,Positive,Seamless delivery experience and fantastic performance so far.
1864,2234,1329,5,2024-12-21,Very Positive,Seamless delivery experience and fantastic performance so far.
1865,2235,147,3,2024-10-20,Neutral,Vehicle is solid. Transit took the full promised duration.
1866,2236,934,4,2024-12-07,Positive,"Excellent vehicle, smooth delivery process. Highly recommend New Wheels."
1867,2238,108,5,2024-12-08,Very Positive,"Delivery on schedule, vehicle is spotless and driving like a dream."
1868,2239,400,1,2024-12-16,Very Negative,Terrible logistics breakdown. Had to rent a car due to unannounced delivery delays.
1869,2240,1165,5,2024-12-04,Very Positive,"Delivery on schedule, vehicle is spotless and driving like a dream."
1870,2241,1113,5,2024-11-17,Very Positive,Seamless delivery experience and fantastic performance so far.
1871,2242,437,2,2024-10-26,Negative,Delayed transit by several days with vague tracking updates.
1872,2243,352,3,2024-10-12,Neutral,Vehicle is solid. Transit took the full promised duration.
1873,2244,110,3,2024-12-14,Neutral,Vehicle is solid. Transit took the full promised duration.
1874,2245,958,1,2024-11-06,Very Negative,Unacceptable delay! Over two weeks late with zero customer support response.
1875,2247,1488,5,2024-12-27,Very Positive,Arrived earlier than promised! Driver was courteous and professional.
1876,2248,1342,1,2025-01-09,Very Negative,Unacceptable delay! Over two weeks late with zero customer support response.
1877,2249,657,5,2024-12-30,Very Positive,Vehicle delivered in showroom condition. Very impressed with the quick turnaround!
1878,2250,216,1,2024-12-18,Very Negative,Unacceptable delay! Over two weeks late with zero customer support response.
1879,2251,1499,5,2024-11-18,Very Positive,"Excellent vehicle, smooth delivery process. Highly recommend New Wheels."
1880,2252,809,2,2025-01-02,Negative,Delayed transit by several days with vague tracking updates.
1881,2253,609,5,2024-10-26,Very Positive,"Excellent vehicle, smooth delivery process. Highly recommend New Wheels."
1882,2254,26,5,2024-11-03,Very Positive,Vehicle delivered in showroom condition. Very impressed with the quick turnaround!
1883,2256,245,3,2024-12-12,Neutral,"Delivery arrived as scheduled, minor paperwork delay at hand-off."
1884,2257,794,2,2024-12-25,Negative,Poor carrier communication regarding rescheduled drop-off.
1885,2258,1154,3,2025-01-09,Neutral,Average delivery experience. Vehicle meets expectations.
1886,2259,384,2,2024-11-14,Negative,Poor carrier communication regarding rescheduled drop-off.
1887,2260,443,5,2024-10-08,Very Positive,"Delivery on schedule, vehicle is spotless and driving like a dream."
1888,2263,1050,5,2024-10-16,Very Positive,Arrived earlier than promised! Driver was courteous and professional.
1889,2264,123,5,2024-11-14,Very Positive,Vehicle delivered in showroom condition. Very impressed with the quick turnaround!
1890,2265,149,4,2025-01-04,Positive,Arrived earlier than promised! Driver was courteous and professional.
1891,2266,879,5,2024-11-15,Very Positive,Vehicle delivered in showroom condition. Very impressed with the quick turnaround!
1892,2269,1247,4,2024-11-29,Positive,Seamless delivery experience and fantastic performance so far.
1893,2270,155,1,2024-11-11,Very Negative,Horrible experience! Promised delivery date missed repeatedly. Will not purchase again.
1894,2271,113,5,2025-01-04,Very Positive,Seamless delivery experience and fantastic performance so far.
1895,2272,390,4,2024-10-21,Positive,Vehicle delivered in showroom condition. Very impressed with the quick turnaround!
1896,2273,1563,5,2024-11-03,Very Positive,Arrived earlier than promised! Driver was courteous and professional.
1897,2274,307,4,2024-10-30,Positive,"Excellent vehicle, smooth delivery process. Highly recommend New Wheels."
1898,2275,340,4,2024-11-18,Positive,"Delivery on schedule, vehicle is spotless and driving like a dream."
1899,2276,625,1,2024-10-22,Very Negative,Delivery breached SLA by 10 days. Vehicle was sitting at Chicago hub for days with no movement.
1900,2277,323,2,2024-12-06,Negative,Delivery took over a week past the promised date. Very stressful experience.
1901,2278,1361,4,2024-12-01,Positive,Seamless delivery experience and fantastic performance so far.
1902,2280,968,4,2024-12-19,Positive,Seamless delivery experience and fantastic performance so far.
1903,2281,457,5,2024-12-30,Very Positive,Arrived earlier than promised! Driver was courteous and professional.
1904,2282,317,5,2024-11-19,Very Positive,"Excellent vehicle, smooth delivery process. Highly recommend New Wheels."
1905,2283,1145,5,2024-10-23,Very Positive,"Excellent vehicle, smooth delivery process. Highly recommend New Wheels."
1906,2284,409,5,2024-12-31,Very Positive,Seamless delivery experience and fantastic performance so far.
1907,2285,1436,5,2024-12-08,Very Positive,Arrived earlier than promised! Driver was courteous and professional.
1908,2286,1548,2,2025-01-01,Negative,Expected faster fulfillment given the premium price point.
1909,2287,188,1,2024-10-14,Very Negative,Terrible logistics breakdown. Had to rent a car due to unannounced delivery delays.
1910,2288,558,3,2024-11-10,Neutral,Average delivery experience. Vehicle meets expectations.
1911,2289,459,5,2024-11-04,Very Positive,"Delivery on schedule, vehicle is spotless and driving like a dream."
1912,2290,1000,5,2024-12-04,Very Positive,"Delivery on schedule, vehicle is spotless and driving like a dream."
1913,2291,1462,5,2024-12-07,Very Positive,Vehicle delivered in showroom condition. Very impressed with the quick turnaround!
1914,2292,219,4,2024-10-26,Positive,"Delivery on schedule, vehicle is spotless and driving like a dream."
1915,2295,37,4,2024-12-25,Positive,Arrived earlier than promised! Driver was courteous and professional.
1916,2296,1152,5,2024-10-07,Very Positive,Arrived earlier than promised! Driver was courteous and professional.
1917,2297,420,3,2024-11-27,Neutral,"Delivery arrived as scheduled, minor paperwork delay at hand-off."
1918,2300,1394,2,2024-11-24,Negative,Delivery took over a week past the promised date. Very stressful experience.
1919,2301,1205,4,2024-11-07,Positive,Arrived earlier than promised! Driver was courteous and professional.
1920,2302,1328,1,2024-12-10,Very Negative,Terrible logistics breakdown. Had to rent a car due to unannounced delivery delays.
1921,2303,589,3,2024-11-30,Neutral,"Delivery arrived as scheduled, minor paperwork delay at hand-off."
1922,2304,1217,3,2024-12-02,Neutral,Average delivery experience. Vehicle meets expectations.
1923,2305,43,5,2024-12-07,Very Positive,"Delivery on schedule, vehicle is spotless and driving like a dream."
1924,2306,1554,3,2024-12-31,Neutral,"Decent service overall, communication could be slightly clearer."
1925,2307,772,4,2024-11-06,Positive,Arrived earlier than promised! Driver was courteous and professional.
1926,2308,81,4,2024-11-05,Positive,Arrived earlier than promised! Driver was courteous and professional.
1927,2309,646,2,2024-11-17,Negative,Delivery took over a week past the promised date. Very stressful experience.
1928,2310,1321,5,2024-11-07,Very Positive,"Excellent vehicle, smooth delivery process. Highly recommend New Wheels."
1929,2311,662,3,2024-10-14,Neutral,"Delivery arrived as scheduled, minor paperwork delay at hand-off."
1930,2312,1391,5,2024-12-10,Very Positive,"Excellent vehicle, smooth delivery process. Highly recommend New Wheels."
1931,2313,433,5,2024-11-01,Very Positive,Vehicle delivered in showroom condition. Very impressed with the quick turnaround!
1932,2314,784,5,2024-10-25,Very Positive,Vehicle delivered in showroom condition. Very impressed with the quick turnaround!
1933,2315,324,5,2024-12-16,Very Positive,Vehicle delivered in showroom condition. Very impressed with the quick turnaround!
1934,2316,1567,4,2024-10-13,Positive,"Delivery on schedule, vehicle is spotless and driving like a dream."
1935,2317,251,4,2024-10-20,Positive,Arrived earlier than promised! Driver was courteous and professional.
1936,2318,31,1,2024-11-16,Very Negative,Unacceptable delay! Over two weeks late with zero customer support response.
1937,2319,252,1,2024-12-26,Very Negative,Terrible logistics breakdown. Had to rent a car due to unannounced delivery delays.
1938,2320,569,5,2024-11-20,Very Positive,Arrived earlier than promised! Driver was courteous and professional.
1939,2321,870,1,2024-12-07,Very Negative,Terrible logistics breakdown. Had to rent a car due to unannounced delivery delays.
1940,2322,88,1,2024-11-14,Very Negative,Terrible logistics breakdown. Had to rent a car due to unannounced delivery delays.
1941,2324,16,2,2024-12-31,Negative,Delayed transit by several days with vague tracking updates.
1942,2325,1077,5,2024-11-01,Very Positive,Arrived earlier than promised! Driver was courteous and professional.
1943,2326,350,1,2024-12-13,Very Negative,Horrible experience! Promised delivery date missed repeatedly. Will not purchase again.
1944,2327,398,5,2024-11-16,Very Positive,"Delivery on schedule, vehicle is spotless and driving like a dream."
1945,2328,256,1,2025-01-06,Very Negative,Unacceptable delay! Over two weeks late with zero customer support response.
1946,2330,1565,4,2024-12-17,Positive,Vehicle delivered in showroom condition. Very impressed with the quick turnaround!
1947,2331,1332,5,2024-11-18,Very Positive,"Delivery on schedule, vehicle is spotless and driving like a dream."
1948,2332,405,5,2024-10-28,Very Positive,Arrived earlier than promised! Driver was courteous and professional.
1949,2333,1350,,2024-11-20,Unrated,
1950,2334,267,1,2024-11-11,Very Negative,Terrible logistics breakdown. Had to rent a car due to unannounced delivery delays.
1951,2335,8,1,2024-12-29,Very Negative,Delivery breached SLA by 10 days. Vehicle was sitting at Chicago hub for days with no movement.
1952,2336,674,5,2024-12-23,Very Positive,Arrived earlier than promised! Driver was courteous and professional.
1953,2337,502,5,2024-11-08,Very Positive,Vehicle delivered in showroom condition. Very impressed with the quick turnaround!
1954,2338,1377,4,2024-11-25,Positive,Vehicle delivered in showroom condition. Very impressed with the quick turnaround!
1955,2339,159,5,2024-11-12,Very Positive,"Delivery on schedule, vehicle is spotless and driving like a dream."
1956,2340,676,3,2024-12-05,Neutral,"Delivery arrived as scheduled, minor paperwork delay at hand-off."
1957,2341,1553,5,2025-01-04,Very Positive,"Excellent vehicle, smooth delivery process. Highly recommend New Wheels."
1958,2342,515,4,2024-11-14,Positive,"Delivery on schedule, vehicle is spotless and driving like a dream."
1959,2343,702,1,2024-11-20,Very Negative,Delivery breached SLA by 10 days. Vehicle was sitting at Chicago hub for days with no movement.
1960,2344,1109,3,2024-12-05,Neutral,Average delivery experience. Vehicle meets expectations.
1961,2345,319,3,2024-12-10,Neutral,Average delivery experience. Vehicle meets expectations.
1962,2346,6,,2024-11-29,Unrated,
1963,2349,372,1,2024-12-01,Very Negative,Unacceptable delay! Over two weeks late with zero customer support response.
1964,2350,1365,5,2024-10-08,Very Positive,Arrived earlier than promised! Driver was courteous and professional.
1965,2351,1028,5,2024-10-24,Very Positive,Seamless delivery experience and fantastic performance so far.
1966,2352,768,1,2024-11-22,Very Negative,Horrible experience! Promised delivery date missed repeatedly. Will not purchase again.
1967,2353,742,4,2024-11-19,Positive,"Delivery on schedule, vehicle is spotless and driving like a dream."
1968,2354,636,1,2024-11-04,Very Negative,Terrible logistics breakdown. Had to rent a car due to unannounced delivery delays.
1969,2355,627,5,2024-12-27,Very Positive,"Delivery on schedule, vehicle is spotless and driving like a dream."
1970,2356,1231,5,2024-11-02,Very Positive,"Excellent vehicle, smooth delivery process. Highly recommend New Wheels."
1971,2358,1080,1,2024-12-08,Very Negative,Horrible experience! Promised delivery date missed repeatedly. Will not purchase again.
1972,2359,1188,5,2024-12-11,Very Positive,Arrived earlier than promised! Driver was courteous and professional.
1973,2360,243,5,2024-12-03,Very Positive,"Delivery on schedule, vehicle is spotless and driving like a dream."
1974,2361,1205,4,2024-10-25,Positive,"Delivery on schedule, vehicle is spotless and driving like a dream."
1975,2362,17,5,2024-12-22,Very Positive,Vehicle delivered in showroom condition. Very impressed with the quick turnaround!
1976,2363,109,1,2025-01-02,Very Negative,Horrible experience! Promised delivery date missed repeatedly. Will not purchase again.
1977,2364,910,5,2024-10-14,Very Positive,Arrived earlier than promised! Driver was courteous and professional.
1978,2366,1385,2,2025-01-01,Negative,Delivery took over a week past the promised date. Very stressful experience.
1979,2367,661,4,2024-12-25,Positive,Vehicle delivered in showroom condition. Very impressed with the quick turnaround!
1980,2368,833,5,2024-12-13,Very Positive,"Delivery on schedule, vehicle is spotless and driving like a dream."
1981,2369,953,1,2024-11-03,Very Negative,Horrible experience! Promised delivery date missed repeatedly. Will not purchase again.
1982,2371,1435,4,2024-11-26,Positive,Arrived earlier than promised! Driver was courteous and professional.
1983,2372,659,1,2024-11-13,Very Negative,Delivery breached SLA by 10 days. Vehicle was sitting at Chicago hub for days with no movement.
1984,2373,648,4,2024-10-19,Positive,Seamless delivery experience and fantastic performance so far.
1985,2374,855,5,2024-12-05,Very Positive,"Delivery on schedule, vehicle is spotless and driving like a dream."
1986,2376,359,4,2025-01-11,Positive,"Excellent vehicle, smooth delivery process. Highly recommend New Wheels."
1987,2377,1308,4,2024-11-08,Positive,Vehicle delivered in showroom condition. Very impressed with the quick turnaround!
1988,2379,1445,5,2024-12-11,Very Positive,"Excellent vehicle, smooth delivery process. Highly recommend New Wheels."
1989,2380,1092,4,2024-10-23,Positive,Seamless delivery experience and fantastic performance so far.
1990,2381,949,5,2024-11-08,Very Positive,Vehicle delivered in showroom condition. Very impressed with the quick turnaround!
1991,2382,646,1,2024-12-05,Very Negative,Terrible logistics breakdown. Had to rent a car due to unannounced delivery delays.
1992,2383,1310,1,2025-01-03,Very Negative,Delivery breached SLA by 10 days. Vehicle was sitting at Chicago hub for days with no movement.
1993,2384,320,5,2024-12-18,Very Positive,Arrived earlier than promised! Driver was courteous and professional.
1994,2386,1453,1,2025-01-11,Very Negative,Horrible experience! Promised delivery date missed repeatedly. Will not purchase again.
1995,2387,470,1,2024-12-29,Very Negative,Horrible experience! Promised delivery date missed repeatedly. Will not purchase again.
1996,2388,1085,4,2024-12-11,Positive,Vehicle delivered in showroom condition. Very impressed with the quick turnaround!
1997,2389,886,5,2024-12-17,Very Positive,Arrived earlier than promised! Driver was courteous and professional.
1998,2390,1312,1,2025-01-11,Very Negative,Unacceptable delay! Over two weeks late with zero customer support response.
1999,2391,846,4,2025-01-01,Positive,Arrived earlier than promised! Driver was courteous and professional.
2000,2392,390,3,2024-12-07,Neutral,"Delivery arrived as scheduled, minor paperwork delay at hand-off."
2001,2394,861,3,2024-11-27,Neutral,"Delivery arrived as scheduled, minor paperwork delay at hand-off."
2002,2395,345,5,2024-12-13,Very Positive,"Excellent vehicle, smooth delivery process. Highly recommend New Wheels."
2003,2396,1091,2,2024-11-21,Negative,Delivery took over a week past the promised date. Very stressful experience.
2004,2397,616,5,2024-10-22,Very Positive,Seamless delivery experience and fantastic performance so far.
2005,2398,1083,5,2024-12-07,Very Positive,Arrived earlier than promised! Driver was courteous and professional.
2006,2399,1092,1,2024-12-20,Very Negative,Terrible logistics breakdown. Had to rent a car due to unannounced delivery delays.
2007,2400,922,4,2024-12-04,Positive,Vehicle delivered in showroom condition. Very impressed with the quick turnaround!
2008,2401,1467,1,2025-01-01,Very Negative,Unacceptable delay! Over two weeks late with zero customer support response.
2009,2402,439,4,2024-11-17,Positive,"Excellent vehicle, smooth delivery process. Highly recommend New Wheels."
2010,2403,537,5,2024-12-06,Very Positive,Vehicle delivered in showroom condition. Very impressed with the quick turnaround!
2011,2404,289,2,2024-12-10,Negative,Delayed transit by several days with vague tracking updates.
2012,2406,1029,4,2024-10-30,Positive,Seamless delivery experience and fantastic performance so far.
2013,2407,741,5,2024-10-18,Very Positive,Arrived earlier than promised! Driver was courteous and professional.
2014,2408,992,5,2024-10-28,Very Positive,"Excellent vehicle, smooth delivery process. Highly recommend New Wheels."
2015,2409,1512,1,2024-11-27,Very Negative,Delivery breached SLA by 10 days. Vehicle was sitting at Chicago hub for days with no movement.
2016,2410,778,1,2024-12-01,Very Negative,Delivery breached SLA by 10 days. Vehicle was sitting at Chicago hub for days with no movement.
2017,2411,1345,4,2025-01-04,Positive,Vehicle delivered in showroom condition. Very impressed with the quick turnaround!
2018,2412,1573,3,2024-11-24,Neutral,Average delivery experience. Vehicle meets expectations.
2019,2413,741,4,2024-10-16,Positive,"Delivery on schedule, vehicle is spotless and driving like a dream."
2020,2414,905,5,2024-12-12,Very Positive,"Delivery on schedule, vehicle is spotless and driving like a dream."
2021,2415,659,4,2024-11-08,Positive,"Excellent vehicle, smooth delivery process. Highly recommend New Wheels."
2022,2416,194,1,2024-12-19,Very Negative,Delivery breached SLA by 10 days. Vehicle was sitting at Chicago hub for days with no movement.
2023,2417,50,5,2024-11-13,Very Positive,Arrived earlier than promised! Driver was courteous and professional.
2024,2418,317,5,2024-11-07,Very Positive,"Delivery on schedule, vehicle is spotless and driving like a dream."
2025,2419,825,4,2024-12-05,Positive,Seamless delivery experience and fantastic performance so far.
2026,2420,1252,5,2024-11-14,Very Positive,Arrived earlier than promised! Driver was courteous and professional.
2027,2421,1442,1,2024-11-30,Very Negative,Terrible logistics breakdown. Had to rent a car due to unannounced delivery delays.
2028,2422,611,1,2024-12-25,Very Negative,Terrible logistics breakdown. Had to rent a car due to unannounced delivery delays.
2029,2424,998,2,2024-11-12,Negative,Poor carrier communication regarding rescheduled drop-off.
2030,2425,456,5,2025-01-01,Very Positive,Vehicle delivered in showroom condition. Very impressed with the quick turnaround!
2031,2428,328,5,2024-12-13,Very Positive,"Delivery on schedule, vehicle is spotless and driving like a dream."
2032,2429,516,5,2024-11-08,Very Positive,Seamless delivery experience and fantastic performance so far.
2033,2430,748,2,2024-12-03,Negative,Expected faster fulfillment given the premium price point.
2034,2432,869,5,2024-10-17,Very Positive,Arrived earlier than promised! Driver was courteous and professional.
2035,2433,1428,5,2024-10-14,Very Positive,Seamless delivery experience and fantastic performance so far.
2036,2434,1423,5,2024-12-25,Very Positive,"Excellent vehicle, smooth delivery process. Highly recommend New Wheels."
2037,2436,737,1,2024-11-12,Very Negative,Unacceptable delay! Over two weeks late with zero customer support response.
2038,2438,117,1,2024-12-31,Very Negative,Delivery breached SLA by 10 days. Vehicle was sitting at Chicago hub for days with no movement.
2039,2439,1041,5,2024-12-06,Very Positive,Arrived earlier than promised! Driver was courteous and professional.
2040,2440,1513,5,2024-12-13,Very Positive,"Delivery on schedule, vehicle is spotless and driving like a dream."
2041,2442,1562,4,2024-11-14,Positive,"Excellent vehicle, smooth delivery process. Highly recommend New Wheels."
2042,2444,1400,1,2024-11-27,Very Negative,Terrible logistics breakdown. Had to rent a car due to unannounced delivery delays.
2043,2445,969,1,2024-12-05,Very Negative,Delivery breached SLA by 10 days. Vehicle was sitting at Chicago hub for days with no movement.
2044,2446,1371,2,2024-11-23,Negative,Poor carrier communication regarding rescheduled drop-off.
2045,2447,32,5,2024-10-28,Very Positive,"Excellent vehicle, smooth delivery process. Highly recommend New Wheels."
2046,2448,711,1,2024-12-05,Very Negative,Horrible experience! Promised delivery date missed repeatedly. Will not purchase again.
2047,2449,1357,5,2024-12-14,Very Positive,Seamless delivery experience and fantastic performance so far.
2048,2450,1274,3,2024-11-13,Neutral,"Decent service overall, communication could be slightly clearer."
2049,2451,435,5,2024-12-30,Very Positive,"Excellent vehicle, smooth delivery process. Highly recommend New Wheels."
2050,2452,714,4,2024-11-23,Positive,"Excellent vehicle, smooth delivery process. Highly recommend New Wheels."
2051,2453,1462,1,2024-10-24,Very Negative,Terrible logistics breakdown. Had to rent a car due to unannounced delivery delays.
2052,2454,458,4,2024-12-22,Positive,"Excellent vehicle, smooth delivery process. Highly recommend New Wheels."
2053,2455,1511,5,2024-10-15,Very Positive,Seamless delivery experience and fantastic performance so far.
2054,2456,849,2,2024-10-23,Negative,Delivery took over a week past the promised date. Very stressful experience.
2055,2457,1004,5,2024-12-02,Very Positive,Arrived earlier than promised! Driver was courteous and professional.
2056,2458,193,5,2024-11-22,Very Positive,Arrived earlier than promised! Driver was courteous and professional.
2057,2459,536,5,2024-10-23,Very Positive,"Excellent vehicle, smooth delivery process. Highly recommend New Wheels."
2058,2460,1569,5,2024-10-18,Very Positive,"Delivery on schedule, vehicle is spotless and driving like a dream."
2059,2462,608,3,2024-12-10,Neutral,Vehicle is solid. Transit took the full promised duration.
2060,2464,467,2,2024-10-24,Negative,Delivery took over a week past the promised date. Very stressful experience.
2061,2465,1480,4,2024-11-27,Positive,Seamless delivery experience and fantastic performance so far.
2062,2466,158,5,2024-10-13,Very Positive,Seamless delivery experience and fantastic performance so far.
2063,2467,1541,1,2024-11-10,Very Negative,Unacceptable delay! Over two weeks late with zero customer support response.
2064,2468,1140,1,2024-12-26,Very Negative,Delivery breached SLA by 10 days. Vehicle was sitting at Chicago hub for days with no movement.
2065,2470,54,5,2024-11-12,Very Positive,Arrived earlier than promised! Driver was courteous and professional.
2066,2475,1524,5,2024-10-25,Very Positive,Seamless delivery experience and fantastic performance so far.
2067,2477,1427,5,2024-12-01,Very Positive,Arrived earlier than promised! Driver was courteous and professional.
2068,2478,564,1,2024-11-10,Very Negative,Delivery breached SLA by 10 days. Vehicle was sitting at Chicago hub for days with no movement.
2069,2480,1172,5,2024-12-24,Very Positive,"Excellent vehicle, smooth delivery process. Highly recommend New Wheels."
2070,2481,340,3,2024-10-30,Neutral,"Delivery arrived as scheduled, minor paperwork delay at hand-off."
2071,2482,835,4,2024-11-26,Positive,Seamless delivery experience and fantastic performance so far.
2072,2486,1525,5,2024-10-11,Very Positive,Seamless delivery experience and fantastic performance so far.
2073,2487,144,4,2024-10-09,Positive,Vehicle delivered in showroom condition. Very impressed with the quick turnaround!
2074,2488,1516,1,2024-11-28,Very Negative,Unacceptable delay! Over two weeks late with zero customer support response.
2075,2490,841,3,2024-11-23,Neutral,"Decent service overall, communication could be slightly clearer."
2076,2491,991,5,2024-12-17,Very Positive,Arrived earlier than promised! Driver was courteous and professional.
2077,2493,708,1,2024-11-11,Very Negative,Terrible logistics breakdown. Had to rent a car due to unannounced delivery delays.
2078,2494,160,5,2024-11-07,Very Positive,"Excellent vehicle, smooth delivery process. Highly recommend New Wheels."
2079,2495,781,5,2024-12-31,Very Positive,Vehicle delivered in showroom condition. Very impressed with the quick turnaround!
2080,2497,630,4,2024-10-22,Positive,Arrived earlier than promised! Driver was courteous and professional.
2081,2502,525,3,2024-12-05,Neutral,"Decent service overall, communication could be slightly clearer."
2082,2503,1018,3,2024-11-24,Neutral,Vehicle is solid. Transit took the full promised duration.
2083,2504,1124,5,2024-11-14,Very Positive,"Delivery on schedule, vehicle is spotless and driving like a dream."
2084,2505,487,3,2025-01-03,Neutral,Average delivery experience. Vehicle meets expectations.
2085,2506,144,5,2025-01-06,Very Positive,Arrived earlier than promised! Driver was courteous and professional.
2086,2507,611,5,2024-11-12,Very Positive,"Excellent vehicle, smooth delivery process. Highly recommend New Wheels."
2087,2509,965,4,2024-11-10,Positive,Vehicle delivered in showroom condition. Very impressed with the quick turnaround!
2088,2510,457,5,2024-12-09,Very Positive,Seamless delivery experience and fantastic performance so far.
2089,2511,1297,5,2024-12-29,Very Positive,"Excellent vehicle, smooth delivery process. Highly recommend New Wheels."
2090,2512,822,5,2024-12-29,Very Positive,Vehicle delivered in showroom condition. Very impressed with the quick turnaround!
2091,2514,424,1,2024-11-17,Very Negative,Terrible logistics breakdown. Had to rent a car due to unannounced delivery delays.
2092,2515,1023,2,2024-11-30,Negative,Delayed transit by several days with vague tracking updates.
2093,2516,760,5,2024-11-23,Very Positive,Vehicle delivered in showroom condition. Very impressed with the quick turnaround!
2094,2517,1222,4,2024-11-25,Positive,Arrived earlier than promised! Driver was courteous and professional.
2095,2519,1425,5,2024-12-21,Very Positive,Seamless delivery experience and fantastic performance so far.
2096,2520,913,4,2024-10-29,Positive,Seamless delivery experience and fantastic performance so far.
2097,2521,1138,4,2024-12-20,Positive,Seamless delivery experience and fantastic performance so far.
2098,2522,1012,3,2024-11-14,Neutral,"Delivery arrived as scheduled, minor paperwork delay at hand-off."
2099,2523,12,2,2024-10-17,Negative,Expected faster fulfillment given the premium price point.
2100,2524,812,1,2024-12-08,Very Negative,Delivery breached SLA by 10 days. Vehicle was sitting at Chicago hub for days with no movement.
2101,2525,955,3,2024-10-28,Neutral,Average delivery experience. Vehicle meets expectations.
2102,2526,369,4,2024-10-11,Positive,"Delivery on schedule, vehicle is spotless and driving like a dream."
2103,2527,394,5,2024-12-22,Very Positive,"Excellent vehicle, smooth delivery process. Highly recommend New Wheels."
2104,2528,623,5,2024-10-15,Very Positive,Vehicle delivered in showroom condition. Very impressed with the quick turnaround!
2105,2530,1490,1,2025-01-06,Very Negative,Delivery breached SLA by 10 days. Vehicle was sitting at Chicago hub for days with no movement.
2106,2531,874,1,2024-11-02,Very Negative,Delivery breached SLA by 10 days. Vehicle was sitting at Chicago hub for days with no movement.
2107,2532,1506,1,2025-01-14,Very Negative,Terrible logistics breakdown. Had to rent a car due to unannounced delivery delays.
2108,2533,1177,3,2024-10-13,Neutral,Average delivery experience. Vehicle meets expectations.
2109,2534,445,5,2024-10-14,Very Positive,"Delivery on schedule, vehicle is spotless and driving like a dream."
2110,2535,597,1,2024-10-26,Very Negative,Delivery breached SLA by 10 days. Vehicle was sitting at Chicago hub for days with no movement.
2111,2536,145,4,2024-11-12,Positive,"Delivery on schedule, vehicle is spotless and driving like a dream."
2112,2537,1451,5,2024-12-11,Very Positive,Vehicle delivered in showroom condition. Very impressed with the quick turnaround!
2113,2538,916,4,2024-12-03,Positive,Seamless delivery experience and fantastic performance so far.
2114,2539,140,5,2024-11-04,Very Positive,"Excellent vehicle, smooth delivery process. Highly recommend New Wheels."
2115,2540,1314,5,2024-11-29,Very Positive,Seamless delivery experience and fantastic performance so far.
2116,2541,741,5,2025-01-03,Very Positive,Arrived earlier than promised! Driver was courteous and professional.
2117,2542,628,4,2024-10-20,Positive,"Excellent vehicle, smooth delivery process. Highly recommend New Wheels."
2118,2543,511,2,2024-10-30,Negative,Poor carrier communication regarding rescheduled drop-off.
2119,2544,1350,4,2024-11-21,Positive,"Excellent vehicle, smooth delivery process. Highly recommend New Wheels."
2120,2545,367,1,2024-12-20,Very Negative,Terrible logistics breakdown. Had to rent a car due to unannounced delivery delays.
2121,2546,486,5,2024-12-26,Very Positive,"Excellent vehicle, smooth delivery process. Highly recommend New Wheels."
2122,2548,22,3,2024-12-28,Neutral,"Decent service overall, communication could be slightly clearer."
2123,2549,1412,5,2024-11-04,Very Positive,Arrived earlier than promised! Driver was courteous and professional.
2124,2550,618,4,2024-12-17,Positive,Seamless delivery experience and fantastic performance so far.
2125,2552,971,1,2024-11-15,Very Negative,Unacceptable delay! Over two weeks late with zero customer support response.
2126,2553,1587,4,2024-11-28,Positive,Vehicle delivered in showroom condition. Very impressed with the quick turnaround!
2127,2555,1063,3,2024-10-18,Neutral,"Delivery arrived as scheduled, minor paperwork delay at hand-off."
2128,2556,388,1,2024-10-18,Very Negative,Terrible logistics breakdown. Had to rent a car due to unannounced delivery delays.
2129,2557,381,1,2024-12-01,Very Negative,Horrible experience! Promised delivery date missed repeatedly. Will not purchase again.
2130,2558,876,5,2024-12-04,Very Positive,Seamless delivery experience and fantastic performance so far.
2131,2559,331,4,2024-11-26,Positive,Vehicle delivered in showroom condition. Very impressed with the quick turnaround!
2132,2560,1430,5,2024-10-14,Very Positive,Seamless delivery experience and fantastic performance so far.
2133,2561,984,4,2024-10-21,Positive,Arrived earlier than promised! Driver was courteous and professional.
2134,2562,396,1,2024-12-01,Very Negative,Terrible logistics breakdown. Had to rent a car due to unannounced delivery delays.
2135,2564,1454,3,2024-10-14,Neutral,"Decent service overall, communication could be slightly clearer."
2136,2565,1292,,2024-11-03,Unrated,
2137,2566,442,2,2024-10-28,Negative,Poor carrier communication regarding rescheduled drop-off.
2138,2568,1428,4,2024-10-09,Positive,"Excellent vehicle, smooth delivery process. Highly recommend New Wheels."
2139,2569,1011,2,2024-10-10,Negative,Expected faster fulfillment given the premium price point.
