order_id,customer_id,order_date,order_status,vehicle_id,quantity,list_price,discount,net_sales,order_region,dispatch_center_id
1,1250,2024-03-13,Completed,14,1,48500.0,3440.32,45059.68,West,5
2,73,2024-01-14,Completed,16,1,23000.0,1275.49,21724.51,Southeast,6
3,1585,2024-01-04,Completed,7,1,36500.0,2082.37,34417.63,Southeast,2
4,1261,2024-01-15,Completed,12,1,84500.0,3896.07,80603.93,Southeast,2
5,157,2024-02-01,Completed,2,1,37500.0,1924.25,35575.75,Midwest,7
6,1250,2024-03-25,Completed,19,1,49500.0,1848.91,47651.09,West,8
7,654,2024-03-08,Completed,15,1,54500.0,3008.77,51491.23,Midwest,7
8,1133,2024-01-30,Completed,7,1,36500.0,1181.32,35318.68,Southeast,2
9,554,2024-03-04,Completed,5,1,42000.0,2018.13,39981.87,Midwest,3
10,1352,2024-02-26,Completed,9,1,44000.0,1237.97,42762.03,West,8
11,876,2024-03-20,Completed,2,1,37500.0,2754.14,34745.86,Southeast,6
12,488,2024-02-29,Completed,3,1,34000.0,880.97,33119.03,Midwest,7
13,1581,2024-02-16,Completed,3,3,102000.0,6028.86,95971.14,Southwest,6
14,1140,2024-03-02,Completed,2,1,37500.0,3049.88,34450.12,Southwest,6
15,73,2024-01-17,Completed,20,1,62000.0,3990.24,58009.76,Southeast,2
16,531,2024-01-08,Completed,20,1,62000.0,1609.96,60390.04,Midwest,7
17,157,2024-03-06,Completed,6,1,31000.0,2305.21,28694.79,Midwest,7
18,603,2024-03-01,Completed,13,1,56000.0,1938.65,54061.35,Midwest,3
19,531,2024-03-15,Cancelled,15,1,54500.0,3485.42,51014.58,Midwest,3
20,1244,2024-03-08,Completed,16,1,23000.0,1484.69,21515.31,Southeast,6
21,1533,2024-01-30,Completed,4,1,46500.0,3096.17,43403.83,Southeast,6
22,858,2024-01-30,Completed,17,1,38500.0,3241.88,35258.12,Midwest,3
23,304,2024-02-22,Completed,11,1,69000.0,4344.09,64655.91,Southwest,4
24,50,2024-01-05,Completed,6,1,31000.0,2616.28,28383.72,Northeast,1
25,690,2024-02-13,Returned,12,1,84500.0,5238.81,79261.19,Midwest,3
26,1434,2024-02-07,Completed,3,1,34000.0,1224.24,32775.76,Southwest,4
27,1205,2024-01-23,Completed,9,1,44000.0,3594.19,40405.81,Northeast,1
28,570,2024-01-19,Completed,19,1,49500.0,3849.86,45650.14,Southeast,6
29,1544,2024-02-03,Completed,4,1,46500.0,3741.9,42758.1,Southeast,2
30,400,2024-03-10,Completed,1,1,28500.0,1547.61,26952.39,Southeast,6
31,1467,2024-02-07,Completed,4,1,46500.0,2402.39,44097.61,Southeast,6
32,670,2024-01-29,Completed,11,2,138000.0,5736.18,132263.82,Southeast,2
33,1283,2024-03-25,Completed,1,2,57000.0,2266.02,54733.98,Southeast,2
34,1482,2024-01-17,Completed,1,1,28500.0,827.52,27672.48,West,5
35,1087,2024-03-22,Completed,14,1,48500.0,1736.49,46763.51,Southwest,4
36,50,2024-01-13,Completed,15,1,54500.0,2426.55,52073.45,Northeast,1
37,1002,2024-03-02,Completed,12,1,84500.0,5596.72,78903.28,Midwest,7
38,843,2024-02-03,Completed,13,1,56000.0,4118.34,51881.66,Southeast,6
39,342,2024-01-29,Completed,11,1,69000.0,4952.35,64047.65,West,8
40,723,2024-03-31,Completed,18,1,82000.0,2362.25,79637.75,Southeast,2
41,766,2024-02-07,Completed,4,1,46500.0,3208.5,43291.5,Southwest,4
42,472,2024-01-04,Completed,14,1,48500.0,1310.79,47189.21,West,8
43,851,2024-03-31,Completed,1,1,28500.0,737.71,27762.29,Northeast,1
44,619,2024-03-06,Completed,9,1,44000.0,2311.51,41688.49,Southeast,6
45,1093,2024-02-06,Completed,17,1,38500.0,1527.56,36972.44,Southeast,6
46,916,2024-02-20,Completed,19,2,99000.0,3122.16,95877.84,Northeast,1
47,970,2024-01-19,Completed,10,1,78500.0,5917.25,72582.75,West,5
48,12,2024-03-17,Completed,7,1,36500.0,2566.03,33933.97,Southeast,6
49,332,2024-03-30,Completed,9,1,44000.0,1420.7,42579.3,Southwest,4
50,608,2024-02-23,Completed,4,1,46500.0,2377.49,44122.51,Northeast,1
51,761,2024-03-28,Completed,9,1,44000.0,2346.37,41653.63,Northeast,1
52,12,2024-01-20,Completed,7,1,36500.0,1348.9,35151.1,Southeast,6
53,395,2024-02-14,Completed,5,1,42000.0,3118.3,38881.7,Southwest,6
54,574,2024-01-14,Completed,11,2,138000.0,4499.1,133500.9,Midwest,7
55,188,2024-01-30,Completed,20,1,62000.0,2094.95,59905.05,Southeast,2
56,967,2024-02-26,Completed,11,1,69000.0,2977.59,66022.41,Southeast,2
57,1240,2024-02-10,Completed,7,1,36500.0,3004.74,33495.26,Northeast,1
58,365,2024-02-25,Completed,1,1,28500.0,1337.83,27162.17,Southwest,6
59,402,2024-01-02,Completed,15,1,54500.0,2542.94,51957.06,Northeast,1
60,843,2024-03-23,Completed,9,1,44000.0,1823.82,42176.18,Southeast,2
61,314,2024-03-19,Completed,6,3,93000.0,7184.7,85815.3,Northeast,1
62,398,2024-02-05,Completed,13,1,56000.0,3877.84,52122.16,West,8
63,402,2024-01-09,Completed,9,1,44000.0,1321.68,42678.32,Northeast,1
64,1427,2024-02-14,Completed,2,1,37500.0,3030.61,34469.39,Midwest,3
65,943,2024-01-28,Completed,3,1,34000.0,2639.48,31360.52,Southeast,6
66,463,2024-03-13,Completed,17,1,38500.0,1592.67,36907.33,West,8
67,1408,2024-02-27,Completed,6,1,31000.0,843.32,30156.68,Northeast,1
68,551,2024-03-11,Completed,3,1,34000.0,1897.08,32102.92,Southeast,2
69,1155,2024-03-16,Completed,6,1,31000.0,1869.41,29130.59,Midwest,3
70,628,2024-01-24,Completed,6,1,31000.0,1643.32,29356.68,Northeast,1
71,1231,2024-02-02,Completed,6,1,31000.0,2037.11,28962.89,Southwest,4
72,1429,2024-03-06,Completed,4,2,93000.0,7751.14,85248.86,West,5
73,411,2024-02-20,Completed,17,1,38500.0,1658.46,36841.54,Southwest,4
74,965,2024-02-17,Completed,10,1,78500.0,3818.46,74681.54,Midwest,7
75,670,2024-01-18,Completed,14,3,145500.0,8848.77,136651.23,Southeast,6
76,1251,2024-03-05,Completed,12,1,84500.0,4131.28,80368.72,Southwest,4
77,488,2024-03-24,Completed,6,1,31000.0,2302.57,28697.43,Midwest,7
78,208,2024-02-14,Completed,13,1,56000.0,2759.03,53240.97,West,5
79,621,2024-02-24,Completed,4,1,46500.0,2846.64,43653.36,Southeast,6
80,786,2024-02-24,Completed,17,1,38500.0,1147.32,37352.68,Southwest,6
81,1228,2024-02-28,Completed,5,1,42000.0,1900.4,40099.6,Southwest,4
82,1352,2024-03-22,Completed,1,1,28500.0,1975.64,26524.36,West,5
83,939,2024-02-05,Completed,14,1,48500.0,1922.83,46577.17,Midwest,7
84,208,2024-03-22,Completed,8,1,21500.0,1802.04,19697.96,West,8
85,1170,2024-01-15,Completed,9,1,44000.0,3726.58,40273.42,Northeast,1
86,94,2024-02-05,Completed,20,1,62000.0,3033.05,58966.95,Southeast,6
87,1301,2024-01-17,Completed,4,1,46500.0,1212.92,45287.08,Midwest,3
88,975,2024-02-12,Completed,18,1,82000.0,2111.83,79888.17,Southeast,6
89,826,2024-03-27,Cancelled,1,1,28500.0,2169.92,26330.08,Midwest,7
90,958,2024-02-10,Completed,1,1,28500.0,979.09,27520.91,Southeast,6
91,1101,2024-01-31,Completed,5,1,42000.0,2003.64,39996.36,Southeast,2
92,721,2024-02-21,Completed,15,1,54500.0,2729.95,51770.05,Southwest,6
93,951,2024-02-20,Completed,5,1,42000.0,3379.87,38620.13,Southwest,4
94,857,2024-02-19,Completed,20,1,62000.0,3076.29,58923.71,Southwest,4
95,967,2024-01-22,Completed,3,1,34000.0,2791.77,31208.23,Southeast,6
96,1460,2024-01-23,Completed,19,1,49500.0,2195.99,47304.01,West,5
97,228,2024-02-29,Completed,11,3,207000.0,16006.29,190993.71,Northeast,1
98,1467,2024-02-19,Completed,18,1,82000.0,2645.23,79354.77,Southeast,2
99,1468,2024-01-06,Completed,19,1,49500.0,3106.43,46393.57,Southwest,4
100,291,2024-02-22,Completed,18,1,82000.0,5964.12,76035.88,Southwest,4
101,678,2024-02-07,Completed,15,1,54500.0,3650.07,50849.93,Southeast,2
102,597,2024-03-13,Completed,10,1,78500.0,6412.47,72087.53,Southeast,6
103,527,2024-01-17,Completed,8,1,21500.0,573.63,20926.37,Northeast,1
104,1203,2024-02-14,Completed,18,1,82000.0,3596.34,78403.66,West,8
105,342,2024-02-13,Completed,6,1,31000.0,2222.11,28777.89,West,5
106,745,2024-01-30,Completed,2,1,37500.0,1834.11,35665.89,Northeast,1
107,508,2024-02-27,Completed,8,1,21500.0,867.83,20632.17,Southeast,2
108,131,2024-01-25,Completed,19,1,49500.0,1631.17,47868.83,West,5
109,150,2024-02-10,Completed,4,1,46500.0,1487.27,45012.73,Southwest,4
110,399,2024-02-26,Returned,20,2,124000.0,8721.24,115278.76,Northeast,1
111,510,2024-02-03,Completed,11,1,69000.0,2864.69,66135.31,Southeast,6
112,367,2024-03-01,Completed,2,1,37500.0,1909.53,35590.47,Southwest,6
113,656,2024-02-09,Completed,15,1,54500.0,2905.53,51594.47,Midwest,3
114,667,2024-03-19,Completed,20,2,124000.0,7961.98,116038.02,Midwest,7
115,1527,2024-02-12,Completed,7,1,36500.0,1587.06,34912.94,West,8
116,1443,2024-01-03,Completed,7,1,36500.0,1369.35,35130.65,Northeast,1
117,902,2024-01-28,Completed,18,1,82000.0,2575.63,79424.37,West,8
118,1243,2024-02-01,Completed,12,1,84500.0,2413.24,82086.76,Midwest,7
119,1501,2024-02-11,Completed,14,1,48500.0,3611.24,44888.76,Northeast,1
120,597,2024-03-12,Completed,1,1,28500.0,952.7,27547.3,Southeast,6
121,1388,2024-02-16,Completed,20,1,62000.0,2513.58,59486.42,West,5
122,1050,2024-01-08,Completed,12,1,84500.0,2194.64,82305.36,Northeast,1
123,1090,2024-03-13,Completed,6,1,31000.0,2260.38,28739.62,Southeast,2
124,1514,2024-02-05,Completed,11,2,138000.0,4054.66,133945.34,Southeast,6
125,18,2024-01-03,Completed,4,1,46500.0,2354.25,44145.75,Southwest,4
126,1465,2024-02-15,Completed,5,2,84000.0,3051.8,80948.2,Northeast,1
127,1348,2024-02-10,Completed,7,1,36500.0,1354.23,35145.77,Northeast,1
128,721,2024-02-26,Completed,17,1,38500.0,2935.67,35564.33,Southwest,4
129,1038,2024-01-12,Completed,19,1,49500.0,3389.32,46110.68,West,5
130,737,2024-01-12,Completed,9,1,44000.0,2443.06,41556.94,West,5
131,1336,2024-01-09,Completed,3,2,68000.0,4353.76,63646.24,Southeast,6
132,263,2024-01-23,Completed,9,1,44000.0,1470.18,42529.82,Southwest,4
133,1520,2024-02-23,Completed,16,1,23000.0,1497.76,21502.24,Midwest,3
134,53,2024-03-20,Completed,6,1,31000.0,2428.21,28571.79,Midwest,3
135,189,2024-02-14,Cancelled,7,1,36500.0,1057.75,35442.25,Southwest,6
136,527,2024-03-22,Completed,5,1,42000.0,1863.65,40136.35,Northeast,1
137,293,2024-01-17,Completed,4,1,46500.0,1391.81,45108.19,Southwest,6
138,1059,2024-03-26,Completed,19,1,49500.0,4170.8,45329.2,Northeast,1
139,789,2024-01-05,Cancelled,13,1,56000.0,4068.49,51931.51,Southwest,4
140,1172,2024-02-20,Completed,16,1,23000.0,1242.71,21757.29,Northeast,1
141,691,2024-03-24,Completed,18,1,82000.0,3306.0,78694.0,Midwest,7
142,874,2024-01-09,Completed,13,1,56000.0,4641.57,51358.43,Southwest,4
143,170,2024-02-27,Completed,17,1,38500.0,1384.33,37115.67,Northeast,1
144,1076,2024-03-13,Completed,1,1,28500.0,1624.2,26875.8,Midwest,3
145,1249,2024-03-10,Completed,14,1,48500.0,3710.14,44789.86,Southeast,6
146,1369,2024-02-08,Completed,10,1,78500.0,2945.74,75554.26,Southeast,2
147,1324,2024-02-20,Completed,7,1,36500.0,2207.7,34292.3,Southwest,6
148,1155,2024-03-27,Completed,5,1,42000.0,1875.22,40124.78,Midwest,7
149,1250,2024-01-16,Cancelled,9,1,44000.0,1285.86,42714.14,West,8
150,873,2024-01-15,Completed,19,1,49500.0,1737.81,47762.19,Southeast,6
151,495,2024-03-17,Cancelled,13,2,112000.0,8422.68,103577.32,West,8
152,1312,2024-02-05,Completed,9,1,44000.0,2207.86,41792.14,Southwest,6
153,1000,2024-03-26,Completed,11,1,69000.0,5191.89,63808.11,Midwest,7
154,1378,2024-01-31,Completed,15,1,54500.0,3336.94,51163.06,Midwest,3
155,443,2024-03-26,Completed,11,1,69000.0,1824.96,67175.04,West,5
156,510,2024-02-15,Completed,9,1,44000.0,2277.46,41722.54,Southeast,6
157,183,2024-01-23,Completed,11,1,69000.0,3181.47,65818.53,Northeast,1
158,737,2024-02-18,Completed,17,1,38500.0,3031.75,35468.25,West,5
159,156,2024-02-20,Completed,7,1,36500.0,1116.97,35383.03,Southeast,6
160,1508,2024-01-14,Completed,17,1,38500.0,3012.51,35487.49,West,5
161,54,2024-03-26,Completed,16,1,23000.0,884.77,22115.23,Northeast,1
162,1254,2024-01-03,Completed,16,1,23000.0,1731.34,21268.66,Northeast,1
163,747,2024-02-03,Completed,19,1,49500.0,4020.16,45479.84,West,8
164,1097,2024-01-17,Completed,11,1,69000.0,2158.9,66841.1,Southeast,2
165,133,2024-03-04,Completed,19,1,49500.0,1746.38,47753.62,Midwest,3
166,566,2024-01-09,Completed,11,1,69000.0,5647.03,63352.97,West,8
167,293,2024-02-12,Completed,10,1,78500.0,5171.53,73328.47,Southwest,4
168,1501,2024-03-19,Completed,7,1,36500.0,1457.37,35042.63,Northeast,1
169,1404,2024-02-21,Completed,6,1,31000.0,1533.09,29466.91,Southwest,4
170,18,2024-01-12,Completed,6,1,31000.0,1978.84,29021.16,Southwest,6
171,1443,2024-01-22,Completed,11,1,69000.0,3317.88,65682.12,Northeast,1
172,317,2024-01-13,Completed,20,1,62000.0,2941.91,59058.09,Northeast,1
173,221,2024-02-09,Completed,6,1,31000.0,1110.58,29889.42,Midwest,3
174,239,2024-02-19,Completed,18,1,82000.0,2372.08,79627.92,Northeast,1
175,1211,2024-03-25,Completed,3,1,34000.0,1910.48,32089.52,Midwest,7
176,1283,2024-01-26,Completed,14,2,97000.0,4619.52,92380.48,Southeast,6
177,1081,2024-03-28,Completed,2,1,37500.0,1360.68,36139.32,Southeast,2
178,1102,2024-01-25,Completed,2,1,37500.0,2794.64,34705.36,Midwest,3
179,454,2024-02-28,Completed,15,1,54500.0,1601.09,52898.91,Southwest,4
180,678,2024-01-31,Completed,6,1,31000.0,2610.98,28389.02,Southeast,6
181,1283,2024-03-28,Completed,9,2,88000.0,4360.6,83639.4,Southeast,6
182,86,2024-03-21,Completed,15,1,54500.0,1783.96,52716.04,Southeast,2
183,526,2024-01-22,Completed,19,1,49500.0,3361.12,46138.88,Midwest,7
184,1137,2024-01-26,Completed,16,1,23000.0,852.09,22147.91,Southeast,2
185,139,2024-01-11,Completed,20,1,62000.0,2929.76,59070.24,Southeast,6
186,313,2024-01-06,Completed,9,2,88000.0,7067.32,80932.68,Northeast,1
187,899,2024-02-12,Completed,1,1,28500.0,2202.49,26297.51,Southeast,2
188,1095,2024-01-08,Completed,15,2,109000.0,7460.48,101539.52,West,5
189,1575,2024-01-08,Completed,11,1,69000.0,5272.99,63727.01,Midwest,3
190,487,2024-02-27,Completed,14,1,48500.0,2995.19,45504.81,Southwest,6
191,329,2024-02-19,Completed,1,1,28500.0,1450.77,27049.23,Northeast,1
192,832,2024-03-21,Completed,7,1,36500.0,1827.32,34672.68,Midwest,7
193,1494,2024-01-27,Completed,20,1,62000.0,2901.9,59098.1,Southeast,6
194,1587,2024-03-24,Completed,20,1,62000.0,3083.08,58916.92,Northeast,1
195,791,2024-01-04,Completed,19,1,49500.0,3218.47,46281.53,Southeast,2
196,1564,2024-03-03,Completed,20,1,62000.0,3523.79,58476.21,Northeast,1
197,731,2024-02-10,Completed,4,1,46500.0,1582.68,44917.32,Southwest,4
198,1151,2024-02-07,Completed,4,1,46500.0,3619.27,42880.73,Southwest,4
199,511,2024-03-29,Completed,20,1,62000.0,4019.59,57980.41,Southwest,6
200,743,2024-03-16,Completed,15,1,54500.0,3275.09,51224.91,Northeast,1
201,807,2024-03-20,Completed,5,1,42000.0,1329.65,40670.35,Southeast,2
202,1274,2024-01-03,Completed,19,1,49500.0,2478.18,47021.82,Southeast,6
203,1435,2024-01-07,Completed,5,1,42000.0,2181.31,39818.69,Midwest,3
204,1505,2024-01-02,Completed,12,1,84500.0,3647.24,80852.76,West,8
205,272,2024-02-22,Completed,12,1,84500.0,5758.42,78741.58,Southeast,6
206,48,2024-03-06,Completed,5,1,42000.0,3081.69,38918.31,Northeast,1
207,1265,2024-02-13,Cancelled,2,1,37500.0,2248.7,35251.3,Southwest,6
208,1482,2024-01-18,Completed,2,1,37500.0,1911.68,35588.32,West,5
209,1240,2024-03-31,Completed,6,1,31000.0,1647.73,29352.27,Northeast,1
210,388,2024-02-03,Completed,4,1,46500.0,3123.5,43376.5,Southeast,2
211,874,2024-03-22,Completed,5,1,42000.0,1918.79,40081.21,Southwest,4
212,124,2024-02-14,Completed,20,1,62000.0,4361.02,57638.98,Northeast,1
213,1166,2024-03-27,Completed,6,1,31000.0,2336.89,28663.11,West,8
214,840,2024-01-06,Completed,15,1,54500.0,4240.02,50259.98,Southeast,6
215,286,2024-02-23,Completed,11,1,69000.0,3304.23,65695.77,Southeast,2
216,555,2024-01-28,Completed,11,1,69000.0,2543.71,66456.29,Southeast,2
217,123,2024-03-03,Cancelled,6,1,31000.0,972.18,30027.82,Midwest,7
218,853,2024-03-04,Completed,16,1,23000.0,592.9,22407.1,Northeast,1
219,765,2024-02-06,Cancelled,18,2,164000.0,7736.54,156263.46,West,5
220,641,2024-02-11,Completed,13,1,56000.0,4430.18,51569.82,Midwest,7
221,469,2024-03-21,Completed,15,1,54500.0,3355.2,51144.8,Midwest,3
222,1084,2024-03-20,Completed,10,1,78500.0,4800.74,73699.26,West,8
223,458,2024-01-08,Completed,7,3,109500.0,8156.67,101343.33,West,5
224,606,2024-03-17,Completed,7,1,36500.0,2058.97,34441.03,Southeast,2
225,566,2024-02-07,Completed,9,1,44000.0,3501.89,40498.11,West,8
226,1435,2024-02-05,Completed,12,1,84500.0,3749.11,80750.89,Midwest,3
227,365,2024-03-23,Completed,5,1,42000.0,3156.9,38843.1,Southwest,6
228,140,2024-01-17,Completed,3,1,34000.0,1058.6,32941.4,Southwest,4
229,128,2024-03-04,Completed,9,1,44000.0,2794.4,41205.6,Southwest,4
230,50,2024-01-30,Completed,2,1,37500.0,2384.03,35115.97,Northeast,1
231,794,2024-03-05,Completed,16,1,23000.0,1499.96,21500.04,West,8
232,716,2024-01-05,Completed,14,1,48500.0,2904.91,45595.09,West,5
233,1140,2024-03-20,Completed,6,1,31000.0,2327.77,28672.23,Southwest,6
234,1335,2024-01-04,Completed,14,1,48500.0,3453.25,45046.75,Midwest,3
235,1381,2024-02-08,Completed,12,2,169000.0,7301.18,161698.82,Midwest,3
236,423,2024-01-24,Completed,10,1,78500.0,5353.43,73146.57,West,8
237,1,2024-01-10,Completed,1,1,28500.0,1771.46,26728.54,Southeast,6
238,867,2024-01-28,Completed,12,1,84500.0,2498.32,82001.68,Northeast,1
239,1525,2024-01-16,Completed,19,1,49500.0,3592.0,45908.0,Midwest,7
240,965,2024-03-02,Completed,7,1,36500.0,1739.06,34760.94,Midwest,7
241,1473,2024-03-25,Completed,16,1,23000.0,608.69,22391.31,Southwest,4
242,1001,2024-03-12,Completed,16,1,23000.0,1562.49,21437.51,Midwest,7
243,1488,2024-03-25,Completed,18,1,82000.0,4710.57,77289.43,Northeast,1
244,1013,2024-03-27,Completed,8,1,21500.0,1777.69,19722.31,West,8
245,1281,2024-01-06,Completed,3,1,34000.0,1546.97,32453.03,Midwest,3
246,1115,2024-01-15,Completed,1,1,28500.0,890.02,27609.98,West,5
247,805,2024-03-07,Completed,4,1,46500.0,2142.16,44357.84,Midwest,3
248,148,2024-01-14,Completed,14,1,48500.0,2104.58,46395.42,West,8
249,138,2024-01-27,Completed,5,1,42000.0,3446.55,38553.45,West,8
250,980,2024-02-24,Completed,20,1,62000.0,3757.21,58242.79,Southeast,2
251,866,2024-03-09,Completed,14,1,48500.0,3017.37,45482.63,Midwest,7
252,1535,2024-01-11,Completed,6,1,31000.0,1897.71,29102.29,Midwest,7
253,1037,2024-03-27,Completed,8,1,21500.0,1185.17,20314.83,Midwest,7
254,601,2024-01-23,Completed,17,1,38500.0,1054.48,37445.52,Southwest,6
255,90,2024-02-01,Completed,5,1,42000.0,1613.03,40386.97,Southwest,6
256,1240,2024-01-17,Completed,19,1,49500.0,1307.82,48192.18,Northeast,1
257,1438,2024-02-05,Completed,2,1,37500.0,1528.75,35971.25,Southwest,6
258,1362,2024-01-12,Returned,7,1,36500.0,1889.46,34610.54,Northeast,1
259,621,2024-03-12,Completed,13,1,56000.0,1437.61,54562.39,Southeast,2
260,500,2024-01-18,Completed,18,1,82000.0,5992.03,76007.97,West,8
261,149,2024-03-06,Completed,11,1,69000.0,2747.86,66252.14,Midwest,7
262,801,2024-01-04,Completed,8,1,21500.0,1616.42,19883.58,Midwest,3
263,154,2024-02-06,Completed,1,2,57000.0,2852.22,54147.78,Northeast,1
264,632,2024-03-18,Completed,8,3,64500.0,3500.25,60999.75,Southwest,4
265,1218,2024-02-04,Completed,9,1,44000.0,1926.46,42073.54,Southwest,4
266,386,2024-02-05,Completed,20,1,62000.0,4862.85,57137.15,Northeast,1
267,422,2024-03-07,Completed,20,1,62000.0,4488.6,57511.4,Northeast,1
268,522,2024-03-09,Cancelled,12,1,84500.0,3392.86,81107.14,Midwest,7
269,1128,2024-03-04,Completed,19,1,49500.0,3676.34,45823.66,Northeast,1
270,245,2024-02-25,Returned,3,2,68000.0,4801.3,63198.7,Southwest,4
271,82,2024-03-28,Completed,19,2,99000.0,2830.68,96169.32,Northeast,1
272,1562,2024-01-31,Completed,17,2,77000.0,5737.06,71262.94,West,5
273,942,2024-01-13,Completed,12,1,84500.0,6634.36,77865.64,West,8
274,837,2024-01-13,Completed,15,1,54500.0,2809.57,51690.43,Northeast,1
275,906,2024-02-11,Completed,20,1,62000.0,2314.35,59685.65,Northeast,1
276,778,2024-02-05,Completed,8,1,21500.0,568.82,20931.18,Southwest,4
277,1006,2024-02-16,Completed,9,1,44000.0,2275.66,41724.34,West,8
278,1321,2024-01-29,Completed,10,1,78500.0,4463.21,74036.79,West,5
279,1133,2024-01-12,Completed,2,1,37500.0,1500.88,35999.12,Southeast,6
280,342,2024-01-30,Completed,10,1,78500.0,3054.35,75445.65,West,5
281,401,2024-01-03,Completed,12,1,84500.0,2503.13,81996.87,West,8
282,504,2024-03-09,Completed,1,1,28500.0,1269.07,27230.93,Northeast,1
283,1427,2024-03-01,Completed,13,1,56000.0,2633.76,53366.24,Midwest,7
284,87,2024-03-22,Completed,3,1,34000.0,2855.03,31144.97,Northeast,1
285,725,2024-03-23,Completed,16,1,23000.0,1371.91,21628.09,West,8
286,753,2024-01-10,Completed,10,1,78500.0,2506.68,75993.32,Northeast,1
287,1537,2024-02-25,Completed,5,1,42000.0,2183.85,39816.15,Southeast,2
288,953,2024-02-26,Completed,6,1,31000.0,1155.73,29844.27,Southwest,4
289,1339,2024-02-29,Completed,3,3,102000.0,6211.2,95788.8,Northeast,1
290,1151,2024-01-19,Completed,5,1,42000.0,1112.2,40887.8,Southwest,6
291,1059,2024-02-06,Completed,19,1,49500.0,1603.69,47896.31,Northeast,1
292,1463,2024-02-18,Completed,9,1,44000.0,3007.51,40992.49,West,5
293,273,2024-01-02,Completed,7,1,36500.0,1828.74,34671.26,Southeast,2
294,136,2024-02-03,Cancelled,8,1,21500.0,1141.62,20358.38,Northeast,1
295,763,2024-02-13,Completed,17,1,38500.0,3170.09,35329.91,Midwest,7
296,889,2024-01-29,Completed,16,1,23000.0,950.62,22049.38,Northeast,1
297,510,2024-03-12,Completed,15,1,54500.0,4322.42,50177.58,Southeast,6
298,1358,2024-03-02,Completed,2,1,37500.0,1643.9,35856.1,Southwest,6
299,997,2024-01-16,Cancelled,17,1,38500.0,2098.7,36401.3,Southwest,4
300,689,2024-03-19,Completed,3,1,34000.0,1517.37,32482.63,West,5
301,1429,2024-01-12,Completed,20,1,62000.0,1557.76,60442.24,West,5
302,791,2024-01-06,Completed,2,1,37500.0,3179.21,34320.79,Southeast,2
303,1078,2024-01-14,Completed,3,1,34000.0,2546.88,31453.12,Northeast,1
304,806,2024-03-29,Completed,11,1,69000.0,4478.14,64521.86,Northeast,1
305,432,2024-02-09,Completed,8,1,21500.0,1132.56,20367.44,Northeast,1
306,342,2024-02-27,Completed,7,1,36500.0,1613.19,34886.81,West,8
307,746,2024-03-01,Completed,4,1,46500.0,1696.75,44803.25,Southwest,4
308,1449,2024-02-27,Cancelled,14,1,48500.0,3128.46,45371.54,Northeast,1
309,686,2024-03-03,Completed,3,1,34000.0,2653.81,31346.19,West,8
310,6,2024-03-19,Cancelled,3,1,34000.0,2424.0,31576.0,Southwest,4
311,1210,2024-03-05,Completed,20,1,62000.0,4996.87,57003.13,Northeast,1
312,129,2024-02-22,Completed,16,1,23000.0,1719.78,21280.22,Southeast,6
313,470,2024-03-24,Completed,19,1,49500.0,1992.3,47507.7,Southeast,2
314,561,2024-01-10,Completed,11,1,69000.0,5448.9,63551.1,West,5
315,589,2024-03-09,Completed,15,1,54500.0,4159.11,50340.89,Midwest,7
316,983,2024-02-12,Completed,1,1,28500.0,934.59,27565.41,Midwest,7
317,221,2024-02-16,Completed,10,1,78500.0,4546.79,73953.21,Midwest,3
318,233,2024-02-04,Completed,15,1,54500.0,2466.22,52033.78,Southeast,6
319,513,2024-02-15,Completed,15,1,54500.0,4341.21,50158.79,Southwest,4
320,798,2024-01-04,Completed,16,1,23000.0,1171.71,21828.29,Midwest,7
321,1600,2024-03-25,Completed,9,1,44000.0,3135.02,40864.98,Midwest,7
322,1329,2024-03-26,Completed,1,1,28500.0,2370.49,26129.51,Northeast,1
323,1130,2024-03-04,Completed,11,1,69000.0,2220.78,66779.22,Southeast,6
324,281,2024-02-08,Returned,9,1,44000.0,3253.43,40746.57,Northeast,1
325,54,2024-02-08,Completed,10,1,78500.0,3506.22,74993.78,Northeast,1
326,254,2024-02-12,Completed,4,1,46500.0,1754.85,44745.15,Midwest,3
327,1119,2024-03-14,Completed,5,1,42000.0,2441.96,39558.04,Midwest,7
328,1281,2024-01-18,Completed,18,1,82000.0,2259.22,79740.78,Midwest,7
329,1166,2024-01-24,Completed,14,1,48500.0,1514.77,46985.23,West,8
330,560,2024-03-28,Completed,19,1,49500.0,3597.64,45902.36,Northeast,1
331,829,2024-02-07,Completed,20,1,62000.0,3080.94,58919.06,Midwest,7
332,1530,2024-02-21,Completed,9,1,44000.0,2925.03,41074.97,Southeast,2
333,447,2024-03-28,Completed,9,1,44000.0,3632.82,40367.18,Northeast,1
334,842,2024-02-17,Completed,8,1,21500.0,1206.84,20293.16,West,5
335,325,2024-02-25,Completed,2,1,37500.0,2937.61,34562.39,West,8
336,970,2024-02-06,Completed,16,1,23000.0,1305.84,21694.16,West,8
337,274,2024-02-04,Completed,8,1,21500.0,1369.83,20130.17,Southeast,2
338,42,2024-02-09,Completed,3,1,34000.0,2007.0,31993.0,Southeast,2
339,306,2024-01-01,Completed,20,1,62000.0,2767.84,59232.16,West,8
340,557,2024-02-02,Completed,19,1,49500.0,1829.92,47670.08,Northeast,1
341,494,2024-02-15,Completed,11,1,69000.0,3766.64,65233.36,West,5
342,1513,2024-01-06,Completed,18,1,82000.0,4221.1,77778.9,Northeast,1
343,1317,2024-01-16,Completed,12,1,84500.0,4393.17,80106.83,Midwest,7
344,14,2024-03-10,Completed,10,2,157000.0,13272.06,143727.94,West,8
345,1140,2024-02-15,Completed,1,1,28500.0,879.24,27620.76,Southwest,4
346,1254,2024-01-23,Completed,10,1,78500.0,4133.13,74366.87,Northeast,1
347,326,2024-01-20,Completed,8,1,21500.0,547.33,20952.67,Southwest,4
348,341,2024-01-30,Completed,5,1,42000.0,2361.06,39638.94,Southwest,6
349,912,2024-01-23,Completed,5,1,42000.0,1705.78,40294.22,Southwest,4
350,260,2024-01-15,Completed,18,1,82000.0,3180.31,78819.69,Midwest,3
351,259,2024-03-09,Completed,4,1,46500.0,1304.12,45195.88,Southwest,4
352,91,2024-01-18,Completed,7,1,36500.0,2774.54,33725.46,Midwest,3
353,136,2024-03-10,Returned,6,1,31000.0,2042.29,28957.71,Northeast,1
354,1552,2024-01-11,Completed,16,1,23000.0,1454.11,21545.89,West,5
355,724,2024-01-04,Completed,5,1,42000.0,2743.89,39256.11,Southwest,6
356,1006,2024-03-10,Completed,10,1,78500.0,5579.72,72920.28,West,8
357,1281,2024-03-17,Completed,4,1,46500.0,2126.03,44373.97,Midwest,7
358,659,2024-02-04,Completed,6,1,31000.0,866.14,30133.86,Southwest,4
359,1258,2024-02-22,Completed,10,1,78500.0,4873.71,73626.29,Midwest,3
360,518,2024-01-16,Completed,17,1,38500.0,1249.55,37250.45,Southwest,4
361,1083,2024-03-07,Completed,13,1,56000.0,2299.81,53700.19,Northeast,1
362,43,2024-02-22,Completed,5,1,42000.0,2107.9,39892.1,West,8
363,1294,2024-02-19,Completed,6,2,62000.0,4341.08,57658.92,Southwest,4
364,48,2024-02-07,Completed,3,1,34000.0,1808.46,32191.54,Northeast,1
365,399,2024-03-07,Completed,15,4,218000.0,13430.04,204569.96,Northeast,1
366,131,2024-01-31,Completed,16,1,23000.0,1064.99,21935.01,West,8
367,185,2024-01-19,Completed,2,1,37500.0,2287.17,35212.83,West,5
368,463,2024-03-04,Completed,1,1,28500.0,1407.87,27092.13,West,5
369,1476,2024-02-22,Completed,18,2,164000.0,4205.02,159794.98,Midwest,3
370,1305,2024-01-02,Completed,15,1,54500.0,2225.41,52274.59,Midwest,3
371,157,2024-01-18,Completed,5,1,42000.0,1228.7,40771.3,Midwest,7
372,1076,2024-03-16,Completed,16,1,23000.0,792.6,22207.4,Midwest,3
373,1497,2024-01-05,Completed,6,1,31000.0,1741.61,29258.39,West,5
374,1524,2024-02-25,Completed,14,1,48500.0,1551.55,46948.45,Southwest,4
375,1245,2024-02-16,Completed,2,1,37500.0,2897.78,34602.22,West,5
376,729,2024-02-02,Completed,1,1,28500.0,1447.45,27052.55,West,8
377,595,2024-03-20,Completed,2,1,37500.0,1198.11,36301.89,Southeast,2
378,858,2024-03-08,Completed,13,1,56000.0,1817.1,54182.9,Midwest,7
379,133,2024-03-13,Completed,16,1,23000.0,969.35,22030.65,Midwest,3
380,1346,2024-02-18,Completed,10,1,78500.0,4810.45,73689.55,Southwest,6
381,601,2024-02-01,Completed,1,1,28500.0,1568.25,26931.75,Southwest,4
382,113,2024-02-21,Returned,7,1,36500.0,2444.79,34055.21,Southwest,6
383,1535,2024-03-23,Returned,4,1,46500.0,2729.53,43770.47,Midwest,3
384,1150,2024-01-18,Completed,10,3,235500.0,17587.32,217912.68,Northeast,1
385,1563,2024-01-19,Completed,12,1,84500.0,4873.12,79626.88,Southeast,6
386,873,2024-01-02,Completed,4,1,46500.0,3037.41,43462.59,Southeast,2
387,306,2024-02-04,Completed,5,1,42000.0,3056.63,38943.37,West,8
388,798,2024-02-25,Completed,2,1,37500.0,1061.59,36438.41,Midwest,7
389,769,2024-01-07,Completed,12,1,84500.0,3528.28,80971.72,West,5
390,295,2024-03-23,Completed,8,1,21500.0,1359.88,20140.12,West,8
391,1563,2024-01-18,Completed,14,1,48500.0,3166.25,45333.75,Southeast,6
392,1233,2024-01-21,Completed,9,1,44000.0,1160.02,42839.98,Northeast,1
393,351,2024-02-15,Cancelled,7,1,36500.0,1667.48,34832.52,Northeast,1
394,161,2024-01-22,Completed,12,1,84500.0,2114.85,82385.15,Midwest,7
395,1368,2024-01-28,Completed,11,1,69000.0,2996.39,66003.61,West,5
396,420,2024-02-25,Completed,14,1,48500.0,3633.62,44866.38,Southwest,4
397,331,2024-01-02,Completed,13,1,56000.0,4350.69,51649.31,West,5
398,1007,2024-02-13,Completed,20,1,62000.0,3179.1,58820.9,Northeast,1
399,921,2024-02-22,Completed,20,1,62000.0,1635.26,60364.74,Midwest,7
400,1062,2024-01-31,Completed,16,1,23000.0,777.23,22222.77,West,8
401,458,2024-01-24,Completed,20,2,124000.0,8149.88,115850.12,West,5
402,357,2024-03-07,Completed,3,1,34000.0,2852.67,31147.33,Northeast,1
403,1120,2024-03-18,Completed,1,1,28500.0,2342.28,26157.72,Southeast,2
404,1226,2024-02-25,Completed,9,1,44000.0,2439.43,41560.57,Southeast,2
405,1118,2024-02-14,Completed,10,1,78500.0,6495.55,72004.45,West,5
406,1345,2024-01-26,Completed,4,1,46500.0,3768.09,42731.91,Southwest,6
407,308,2024-03-04,Completed,20,1,62000.0,3687.49,58312.51,Northeast,1
408,1396,2024-03-23,Completed,17,1,38500.0,964.01,37535.99,Southeast,2
409,680,2024-02-18,Completed,14,1,48500.0,2868.85,45631.15,Southwest,4
410,867,2024-02-02,Completed,19,1,49500.0,2407.88,47092.12,Northeast,1
411,802,2024-03-14,Completed,8,1,21500.0,1655.02,19844.98,Southeast,2
412,990,2024-02-11,Completed,6,1,31000.0,2474.95,28525.05,Southeast,2
413,458,2024-03-28,Completed,19,3,148500.0,4658.85,143841.15,West,8
414,1549,2024-01-03,Completed,8,1,21500.0,1414.83,20085.17,Midwest,3
415,338,2024-03-02,Completed,2,1,37500.0,1385.58,36114.42,Northeast,1
416,181,2024-01-27,Completed,7,1,36500.0,1906.05,34593.95,West,8
417,650,2024-03-08,Completed,20,1,62000.0,2538.61,59461.39,Northeast,1
418,969,2024-03-30,Completed,18,1,82000.0,2345.9,79654.1,Southeast,2
419,1571,2024-03-08,Completed,7,1,36500.0,1269.01,35230.99,West,8
420,612,2024-03-09,Completed,3,2,68000.0,4580.9,63419.1,Southwest,6
421,1029,2024-03-19,Completed,5,1,42000.0,1817.45,40182.55,Northeast,1
422,81,2024-01-01,Completed,1,1,28500.0,2083.27,26416.73,Southwest,4
423,650,2024-01-15,Completed,1,1,28500.0,1266.5,27233.5,Northeast,1
424,1202,2024-03-19,Completed,13,1,56000.0,3808.24,52191.76,Midwest,3
425,266,2024-01-01,Completed,17,1,38500.0,3237.36,35262.64,Northeast,1
426,217,2024-01-23,Completed,7,1,36500.0,2744.08,33755.92,Northeast,1
427,851,2024-01-12,Completed,9,1,44000.0,2392.38,41607.62,Northeast,1
428,371,2024-03-26,Completed,12,1,84500.0,4546.5,79953.5,Northeast,1
429,1589,2024-01-12,Completed,15,1,54500.0,2612.99,51887.01,Southeast,2
430,441,2024-01-09,Completed,7,1,36500.0,1882.45,34617.55,Southeast,2
431,1260,2024-03-14,Cancelled,14,1,48500.0,3777.84,44722.16,Northeast,1
432,745,2024-03-11,Completed,8,1,21500.0,1555.76,19944.24,Northeast,1
433,1010,2024-02-29,Completed,8,1,21500.0,745.91,20754.09,Northeast,1
434,1237,2024-01-24,Completed,16,1,23000.0,1762.65,21237.35,Midwest,3
435,1020,2024-02-29,Completed,15,1,54500.0,2063.06,52436.94,Southwest,6
436,1,2024-01-13,Completed,2,1,37500.0,2170.45,35329.55,Southeast,2
437,1401,2024-03-13,Completed,7,1,36500.0,2430.87,34069.13,Northeast,1
438,139,2024-01-26,Completed,3,1,34000.0,2511.93,31488.07,Southeast,6
439,1596,2024-03-23,Completed,19,4,198000.0,13851.44,184148.56,Northeast,1
440,1181,2024-01-01,Completed,7,1,36500.0,1942.01,34557.99,Midwest,7
441,1038,2024-01-20,Completed,14,1,48500.0,3250.67,45249.33,West,8
442,873,2024-01-14,Completed,20,1,62000.0,4234.61,57765.39,Southeast,6
443,691,2024-01-25,Completed,1,1,28500.0,1018.31,27481.69,Midwest,7
444,1399,2024-01-03,Completed,7,1,36500.0,2061.85,34438.15,Southwest,4
445,1435,2024-01-17,Completed,17,1,38500.0,3259.95,35240.05,Midwest,7
446,1590,2024-03-04,Completed,4,1,46500.0,1801.03,44698.97,Northeast,1
447,267,2024-02-09,Completed,4,1,46500.0,1237.95,45262.05,Midwest,3
448,1142,2024-01-21,Completed,9,1,44000.0,1259.22,42740.78,Midwest,3
449,1088,2024-01-17,Completed,13,1,56000.0,4427.76,51572.24,West,8
450,831,2024-01-16,Completed,20,1,62000.0,3649.67,58350.33,West,8
451,713,2024-03-27,Completed,12,1,84500.0,3557.67,80942.33,Northeast,1
452,227,2024-02-29,Completed,1,1,28500.0,814.07,27685.93,West,5
453,868,2024-01-12,Completed,10,1,78500.0,4526.5,73973.5,West,8
454,950,2024-02-13,Completed,2,1,37500.0,2081.32,35418.68,West,5
455,565,2024-02-16,Completed,7,1,36500.0,2666.75,33833.25,Northeast,1
456,304,2024-03-17,Returned,11,1,69000.0,3106.78,65893.22,Southwest,4
457,305,2024-02-20,Completed,2,1,37500.0,2254.08,35245.92,Southwest,4
458,1547,2024-03-21,Completed,2,1,37500.0,1199.58,36300.42,Midwest,7
459,1114,2024-02-03,Completed,15,1,54500.0,3167.65,51332.35,Midwest,7
460,266,2024-01-06,Completed,20,1,62000.0,4606.77,57393.23,Northeast,1
461,500,2024-03-28,Completed,11,1,69000.0,2936.43,66063.57,West,8
462,895,2024-02-04,Cancelled,4,1,46500.0,3218.64,43281.36,Southwest,6
463,1181,2024-01-02,Completed,7,1,36500.0,3076.32,33423.68,Midwest,3
464,1354,2024-01-08,Completed,13,1,56000.0,1492.16,54507.84,West,8
465,46,2024-01-11,Completed,18,1,82000.0,4527.96,77472.04,Northeast,1
466,730,2024-03-09,Completed,9,1,44000.0,3046.86,40953.14,Midwest,7
467,1274,2024-01-04,Completed,11,1,69000.0,3684.36,65315.64,Southeast,2
468,1024,2024-01-21,Completed,12,1,84500.0,6125.22,78374.78,Southwest,6
469,1078,2024-02-04,Completed,4,1,46500.0,1884.14,44615.86,Northeast,1
470,1416,2024-03-27,Completed,11,1,69000.0,2652.9,66347.1,West,8
471,1438,2024-03-18,Completed,17,1,38500.0,1831.79,36668.21,Southwest,6
472,210,2024-01-20,Cancelled,13,1,56000.0,1878.26,54121.74,Southeast,6
473,1,2024-03-10,Cancelled,17,1,38500.0,3197.8,35302.2,Southeast,2
474,233,2024-03-19,Completed,9,1,44000.0,2143.3,41856.7,Southeast,6
475,232,2024-01-28,Completed,16,2,46000.0,3150.36,42849.64,West,5
476,90,2024-01-24,Completed,18,1,82000.0,3630.39,78369.61,Southwest,6
477,1332,2024-01-19,Completed,1,1,28500.0,1042.96,27457.04,West,5
478,1531,2024-03-02,Completed,2,1,37500.0,2098.02,35401.98,Southwest,4
479,215,2024-02-26,Completed,16,1,23000.0,1733.83,21266.17,Southwest,6
480,1126,2024-02-20,Completed,8,1,21500.0,1737.6,19762.4,Southwest,6
481,1392,2024-01-15,Completed,4,1,46500.0,3519.54,42980.46,Midwest,7
482,1240,2024-03-01,Completed,20,1,62000.0,3550.68,58449.32,Northeast,1
483,1228,2024-02-03,Completed,8,1,21500.0,600.91,20899.09,Southwest,6
484,562,2024-02-18,Completed,16,1,23000.0,1596.97,21403.03,Southwest,6
485,746,2024-02-09,Completed,9,1,44000.0,2269.77,41730.23,Southwest,4
486,60,2024-03-05,Completed,9,1,44000.0,1740.24,42259.76,West,8
487,223,2024-03-30,Completed,13,1,56000.0,3525.62,52474.38,Northeast,1
488,980,2024-02-07,Completed,16,1,23000.0,1003.65,21996.35,Southeast,6
489,190,2024-03-31,Completed,6,1,31000.0,2583.69,28416.31,Southwest,6
490,812,2024-03-09,Completed,8,1,21500.0,1175.45,20324.55,Southwest,4
491,1472,2024-02-04,Completed,7,1,36500.0,1488.74,35011.26,Southwest,6
492,981,2024-01-30,Completed,7,1,36500.0,1854.38,34645.62,West,8
493,508,2024-03-06,Completed,18,1,82000.0,5468.0,76532.0,Southeast,6
494,753,2024-02-02,Completed,10,1,78500.0,5034.4,73465.6,Northeast,1
495,1101,2024-02-27,Completed,20,1,62000.0,4397.1,57602.9,Southeast,6
496,1314,2024-03-26,Completed,6,1,31000.0,1685.07,29314.93,Southeast,6
497,793,2024-01-09,Completed,8,1,21500.0,1603.95,19896.05,Southeast,2
498,547,2024-03-05,Completed,20,1,62000.0,4874.91,57125.09,Southeast,2
499,138,2024-02-06,Completed,18,1,82000.0,3749.07,78250.93,West,8
500,923,2024-03-29,Completed,18,1,82000.0,2577.19,79422.81,Southeast,6
501,872,2024-03-20,Completed,17,2,77000.0,4301.96,72698.04,Northeast,1
502,1,2024-03-28,Returned,3,1,34000.0,2608.17,31391.83,Southeast,6
503,94,2024-03-07,Completed,4,1,46500.0,3911.57,42588.43,Southeast,6
504,1059,2024-01-27,Completed,17,1,38500.0,3097.3,35402.7,Northeast,1
505,34,2024-01-01,Completed,2,1,37500.0,2112.05,35387.95,Southwest,6
506,606,2024-01-02,Completed,13,1,56000.0,4077.45,51922.55,Southeast,2
507,18,2024-03-02,Completed,5,1,42000.0,3233.21,38766.79,Southwest,4
508,1521,2024-01-24,Completed,19,1,49500.0,2363.69,47136.31,Northeast,1
509,613,2024-01-10,Completed,17,1,38500.0,2600.19,35899.81,Midwest,3
510,962,2024-02-04,Completed,1,1,28500.0,1764.45,26735.55,Midwest,3
511,327,2024-03-13,Completed,8,1,21500.0,1129.76,20370.24,West,5
512,304,2024-03-19,Completed,12,1,84500.0,3028.19,81471.81,Southwest,4
513,1050,2024-01-17,Cancelled,12,1,84500.0,4417.08,80082.92,Northeast,1
514,1559,2024-01-01,Completed,18,2,164000.0,7726.48,156273.52,Midwest,3
515,1375,2024-02-07,Completed,5,1,42000.0,2280.46,39719.54,Northeast,1
516,283,2024-03-16,Completed,7,1,36500.0,1300.19,35199.81,Midwest,7
517,216,2024-02-04,Completed,18,1,82000.0,3755.33,78244.67,Southeast,6
518,752,2024-01-17,Completed,1,1,28500.0,1694.93,26805.07,Southwest,4
519,1336,2024-02-28,Completed,6,3,93000.0,5132.28,87867.72,Southeast,6
520,149,2024-02-27,Completed,6,1,31000.0,2512.17,28487.83,Midwest,7
521,1251,2024-02-17,Completed,4,1,46500.0,2456.56,44043.44,Southwest,4
522,753,2024-02-26,Completed,2,1,37500.0,1011.36,36488.64,Northeast,1
523,1339,2024-03-30,Completed,17,2,77000.0,4576.9,72423.1,Northeast,1
524,1138,2024-02-29,Completed,11,1,69000.0,5306.95,63693.05,Midwest,3
525,1055,2024-03-20,Completed,20,4,248000.0,9208.52,238791.48,Southwest,4
526,826,2024-03-12,Completed,4,1,46500.0,1673.56,44826.44,Midwest,7
527,831,2024-02-23,Completed,18,1,82000.0,6866.75,75133.25,West,8
528,652,2024-03-05,Cancelled,17,1,38500.0,1846.36,36653.64,West,8
529,910,2024-01-07,Completed,9,1,44000.0,2960.38,41039.62,Southeast,6
530,20,2024-01-24,Completed,12,1,84500.0,4854.57,79645.43,West,8
531,205,2024-01-14,Completed,19,1,49500.0,4197.94,45302.06,West,8
532,345,2024-03-28,Completed,1,1,28500.0,1406.97,27093.03,Northeast,1
533,170,2024-01-01,Completed,5,1,42000.0,1509.25,40490.75,Northeast,1
534,711,2024-02-13,Completed,19,4,198000.0,8034.4,189965.6,Southeast,6
535,1128,2024-03-31,Completed,2,1,37500.0,3031.69,34468.31,Northeast,1
536,1274,2024-02-06,Completed,7,1,36500.0,3036.44,33463.56,Southeast,2
537,1038,2024-01-28,Completed,12,1,84500.0,7042.08,77457.92,West,5
538,357,2024-03-19,Completed,18,1,82000.0,3817.14,78182.86,Northeast,1
539,1183,2024-03-03,Completed,1,1,28500.0,745.37,27754.63,Midwest,3
540,1423,2024-03-02,Cancelled,14,1,48500.0,3297.97,45202.03,West,5
541,43,2024-02-17,Completed,1,1,28500.0,1551.73,26948.27,West,5
542,267,2024-02-18,Completed,18,1,82000.0,2953.53,79046.47,Midwest,7
543,196,2024-02-09,Completed,2,1,37500.0,2596.26,34903.74,Southwest,4
544,848,2024-03-10,Completed,10,1,78500.0,3106.92,75393.08,West,5
545,686,2024-02-06,Completed,20,1,62000.0,4985.53,57014.47,West,8
546,367,2024-02-23,Completed,16,1,23000.0,1795.95,21204.05,Southwest,6
547,912,2024-01-01,Completed,3,1,34000.0,2484.35,31515.65,Southwest,4
548,1075,2024-03-25,Completed,16,1,23000.0,1295.71,21704.29,Southwest,4
549,168,2024-02-12,Completed,19,1,49500.0,3853.25,45646.75,Southeast,6
550,1537,2024-01-06,Completed,11,1,69000.0,5522.07,63477.93,Southeast,2
551,1043,2024-03-02,Completed,9,1,44000.0,1975.68,42024.32,Southeast,2
552,1281,2024-03-11,Completed,19,1,49500.0,4146.27,45353.73,Midwest,3
553,136,2024-03-08,Cancelled,14,1,48500.0,4046.66,44453.34,Northeast,1
554,568,2024-01-17,Completed,19,1,49500.0,3304.26,46195.74,West,5
555,398,2024-02-01,Completed,1,1,28500.0,2040.91,26459.09,West,5
556,1219,2024-02-14,Completed,8,1,21500.0,1743.52,19756.48,Southeast,6
557,1401,2024-01-17,Returned,1,1,28500.0,1827.01,26672.99,Northeast,1
558,1088,2024-03-15,Completed,4,1,46500.0,3796.57,42703.43,West,5
559,29,2024-01-16,Completed,9,1,44000.0,2068.6,41931.4,Southwest,6
560,742,2024-01-20,Completed,8,1,21500.0,928.62,20571.38,West,8
561,1163,2024-01-25,Completed,9,1,44000.0,1122.54,42877.46,West,8
562,301,2024-01-12,Completed,9,1,44000.0,1671.41,42328.59,Northeast,1
563,81,2024-03-06,Returned,10,1,78500.0,4284.49,74215.51,Southwest,4
564,1399,2024-03-25,Completed,6,1,31000.0,1185.32,29814.68,Southwest,4
565,461,2024-02-16,Completed,19,2,99000.0,8114.22,90885.78,West,5
566,957,2024-02-04,Completed,15,1,54500.0,2639.12,51860.88,Southwest,6
567,492,2024-01-26,Returned,9,1,44000.0,2589.8,41410.2,West,8
568,778,2024-02-25,Completed,5,1,42000.0,1105.76,40894.24,Southwest,4
569,1221,2024-01-24,Completed,3,1,34000.0,2454.52,31545.48,West,8
570,170,2024-01-18,Completed,13,1,56000.0,1811.73,54188.27,Northeast,1
571,438,2024-02-10,Completed,2,1,37500.0,1956.31,35543.69,Southeast,6
572,730,2024-03-04,Completed,18,1,82000.0,2749.08,79250.92,Midwest,7
573,1036,2024-01-23,Completed,16,1,23000.0,933.47,22066.53,Midwest,7
574,700,2024-03-29,Completed,5,1,42000.0,1610.86,40389.14,Southeast,6
575,96,2024-01-15,Completed,12,1,84500.0,6246.03,78253.97,Southeast,2
576,365,2024-03-02,Completed,15,1,54500.0,1577.38,52922.62,Southwest,6
577,1084,2024-01-28,Completed,17,1,38500.0,2565.94,35934.06,West,5
578,361,2024-03-07,Completed,18,1,82000.0,2181.8,79818.2,Southwest,6
579,1579,2024-01-31,Completed,17,1,38500.0,1486.5,37013.5,West,5
580,1354,2024-01-17,Completed,7,1,36500.0,988.62,35511.38,West,5
581,410,2024-03-05,Completed,13,1,56000.0,1529.61,54470.39,Northeast,1
582,1291,2024-03-26,Completed,14,1,48500.0,3898.55,44601.45,Southeast,6
583,313,2024-01-28,Completed,6,2,62000.0,4971.08,57028.92,Northeast,1
584,1160,2024-03-26,Completed,5,1,42000.0,2857.73,39142.27,Northeast,1
585,1479,2024-02-19,Completed,9,1,44000.0,3208.67,40791.33,West,5
586,995,2024-01-01,Completed,14,1,48500.0,1879.23,46620.77,Southwest,6
587,118,2024-01-23,Completed,9,1,44000.0,1857.21,42142.79,Southwest,6
588,1352,2024-03-13,Cancelled,2,1,37500.0,1132.08,36367.92,West,8
589,557,2024-02-13,Completed,1,1,28500.0,1686.47,26813.53,Northeast,1
590,2,2024-01-08,Completed,5,1,42000.0,1095.76,40904.24,Northeast,1
591,414,2024-01-20,Completed,19,1,49500.0,1961.14,47538.86,Northeast,1
592,991,2024-02-24,Completed,8,1,21500.0,640.57,20859.43,Southeast,2
593,1087,2024-03-30,Completed,10,1,78500.0,4200.48,74299.52,Southwest,6
594,783,2024-01-12,Cancelled,7,1,36500.0,1325.04,35174.96,West,8
595,721,2024-01-16,Completed,17,1,38500.0,2751.82,35748.18,Southwest,6
596,288,2024-01-01,Completed,14,1,48500.0,4029.87,44470.13,Southeast,6
597,413,2024-01-12,Completed,6,1,31000.0,1421.46,29578.54,Midwest,3
598,1024,2024-01-26,Completed,7,1,36500.0,1320.87,35179.13,Southwest,4
599,955,2024-03-29,Completed,15,1,54500.0,1948.64,52551.36,West,5
600,1075,2024-02-10,Completed,13,1,56000.0,3280.23,52719.77,Southwest,6
601,599,2024-02-03,Completed,16,1,23000.0,999.2,22000.8,West,5
602,530,2024-03-31,Completed,6,1,31000.0,1613.66,29386.34,West,8
603,263,2024-02-12,Completed,12,1,84500.0,4531.03,79968.97,Southwest,6
604,1560,2024-01-15,Completed,1,1,28500.0,1271.37,27228.63,Southwest,6
605,258,2024-01-17,Completed,1,1,28500.0,729.87,27770.13,West,8
606,50,2024-03-13,Completed,12,1,84500.0,2653.14,81846.86,Northeast,1
607,966,2024-02-13,Completed,20,1,62000.0,3616.0,58384.0,Midwest,3
608,813,2024-02-03,Completed,3,1,34000.0,997.86,33002.14,Northeast,1
609,400,2024-01-05,Completed,10,1,78500.0,4117.42,74382.58,Southeast,6
610,67,2024-03-10,Returned,18,1,82000.0,5944.03,76055.97,Northeast,1
611,998,2024-03-23,Completed,9,1,44000.0,1855.16,42144.84,West,5
612,575,2024-01-07,Completed,7,1,36500.0,1653.47,34846.53,Midwest,7
613,34,2024-01-02,Completed,11,1,69000.0,2171.32,66828.68,Southwest,4
614,935,2024-03-26,Completed,17,1,38500.0,1973.22,36526.78,West,8
615,1505,2024-01-27,Completed,12,1,84500.0,6014.28,78485.72,West,5
616,1191,2024-02-07,Completed,16,1,23000.0,1675.09,21324.91,Midwest,3
617,1480,2024-01-08,Completed,17,1,38500.0,2488.38,36011.62,West,5
618,103,2024-01-24,Completed,13,1,56000.0,2608.8,53391.2,Northeast,1
619,703,2024-03-17,Completed,13,1,56000.0,2724.52,53275.48,Southeast,6
620,1482,2024-01-24,Completed,11,1,69000.0,5724.28,63275.72,West,8
621,993,2024-02-28,Completed,5,1,42000.0,1140.86,40859.14,Southwest,4
622,1566,2024-03-17,Completed,3,1,34000.0,1058.13,32941.87,Midwest,7
623,939,2024-02-07,Completed,6,1,31000.0,1371.14,29628.86,Midwest,7
624,1095,2024-01-26,Completed,19,2,99000.0,2585.02,96414.98,West,8
625,774,2024-02-17,Completed,14,1,48500.0,1420.19,47079.81,Midwest,7
626,1225,2024-01-21,Completed,11,1,69000.0,3439.44,65560.56,Northeast,1
627,181,2024-02-23,Completed,2,1,37500.0,2758.92,34741.08,West,8
628,769,2024-01-28,Completed,12,1,84500.0,3291.74,81208.26,West,5
629,531,2024-01-10,Completed,13,1,56000.0,1490.95,54509.05,Midwest,7
630,460,2024-01-06,Completed,6,1,31000.0,894.47,30105.53,Southeast,2
631,231,2024-03-06,Completed,15,1,54500.0,3122.83,51377.17,Southwest,6
632,537,2024-01-15,Completed,18,1,82000.0,4693.19,77306.81,Northeast,1
633,1067,2024-02-01,Completed,5,1,42000.0,2906.61,39093.39,Midwest,7
634,370,2024-01-28,Completed,2,1,37500.0,1254.55,36245.45,West,5
635,1253,2024-01-06,Completed,9,1,44000.0,2504.21,41495.79,Southeast,2
636,1217,2024-02-27,Completed,20,1,62000.0,2582.99,59417.01,Northeast,1
637,1511,2024-02-24,Completed,14,1,48500.0,1701.65,46798.35,Southwest,4
638,910,2024-01-13,Completed,6,1,31000.0,1277.48,29722.52,Southeast,2
639,1157,2024-01-22,Completed,15,1,54500.0,1566.7,52933.3,Southwest,6
640,1028,2024-01-27,Cancelled,8,1,21500.0,1556.09,19943.91,West,5
641,1293,2024-02-13,Completed,20,1,62000.0,4946.55,57053.45,Midwest,7
642,153,2024-01-01,Completed,17,1,38500.0,2789.95,35710.05,Northeast,1
643,1451,2024-03-08,Completed,1,2,57000.0,2813.72,54186.28,Southeast,6
644,1301,2024-01-01,Completed,10,2,157000.0,4871.24,152128.76,Midwest,7
645,1423,2024-02-28,Completed,2,1,37500.0,3119.86,34380.14,West,5
646,755,2024-03-30,Completed,14,1,48500.0,3604.45,44895.55,West,5
647,1039,2024-01-27,Cancelled,19,1,49500.0,2917.05,46582.95,Southeast,6
648,1565,2024-03-21,Completed,15,1,54500.0,3776.33,50723.67,Northeast,1
649,624,2024-02-24,Completed,2,1,37500.0,1922.71,35577.29,West,8
650,1405,2024-02-02,Completed,20,1,62000.0,4714.26,57285.74,Northeast,1
651,939,2024-02-01,Completed,9,1,44000.0,2762.97,41237.03,Midwest,3
652,808,2024-03-18,Completed,1,1,28500.0,1271.1,27228.9,Southeast,2
653,38,2024-03-18,Completed,18,1,82000.0,2931.38,79068.62,West,8
654,1364,2024-03-14,Completed,17,1,38500.0,1724.52,36775.48,West,5
655,27,2024-01-31,Completed,1,1,28500.0,1076.48,27423.52,Midwest,7
656,199,2024-02-15,Completed,10,1,78500.0,5576.27,72923.73,Midwest,7
657,983,2024-03-24,Completed,17,1,38500.0,2818.92,35681.08,Midwest,3
658,517,2024-02-07,Completed,3,1,34000.0,2064.42,31935.58,Midwest,7
659,80,2024-01-22,Completed,13,1,56000.0,1876.32,54123.68,Southeast,2
660,153,2024-01-23,Completed,11,1,69000.0,2701.68,66298.32,Northeast,1
661,763,2024-03-28,Completed,12,1,84500.0,5158.47,79341.53,Midwest,3
662,447,2024-02-12,Completed,4,1,46500.0,1626.27,44873.73,Northeast,1
663,27,2024-03-01,Completed,20,1,62000.0,3390.11,58609.89,Midwest,7
664,626,2024-01-24,Completed,6,1,31000.0,2042.16,28957.84,Southeast,6
665,1084,2024-02-13,Completed,18,1,82000.0,2282.04,79717.96,West,5
666,610,2024-02-15,Completed,8,1,21500.0,1219.81,20280.19,Midwest,7
667,423,2024-03-18,Completed,10,1,78500.0,2105.14,76394.86,West,5
668,1231,2024-03-23,Completed,20,1,62000.0,3138.9,58861.1,Southwest,6
669,20,2024-03-10,Completed,6,1,31000.0,1807.02,29192.98,West,5
670,989,2024-02-11,Completed,17,1,38500.0,1078.01,37421.99,Southeast,2
671,907,2024-01-12,Completed,15,1,54500.0,4415.1,50084.9,Midwest,7
672,881,2024-03-14,Completed,9,1,44000.0,3665.21,40334.79,Northeast,1
673,336,2024-03-28,Completed,2,1,37500.0,2275.01,35224.99,Southwest,6
674,898,2024-02-28,Completed,4,1,46500.0,3703.74,42796.26,Southwest,6
675,106,2024-01-15,Completed,3,1,34000.0,995.77,33004.23,West,8
676,673,2024-01-11,Completed,19,1,49500.0,2808.99,46691.01,Southeast,6
677,1072,2024-03-07,Completed,3,1,34000.0,1221.74,32778.26,Midwest,3
678,1007,2024-02-01,Completed,18,1,82000.0,2442.55,79557.45,Northeast,1
679,1475,2024-03-25,Completed,6,1,31000.0,2325.11,28674.89,Southeast,2
680,1103,2024-02-17,Completed,15,1,54500.0,4505.57,49994.43,Northeast,1
681,1198,2024-01-16,Cancelled,3,1,34000.0,871.29,33128.71,Southeast,2
682,499,2024-02-10,Completed,15,1,54500.0,1500.7,52999.3,West,8
683,1464,2024-01-18,Completed,8,1,21500.0,1054.09,20445.91,Southwest,6
684,1044,2024-01-28,Completed,8,1,21500.0,854.0,20646.0,West,5
685,177,2024-02-27,Completed,13,1,56000.0,4292.2,51707.8,Midwest,3
686,1391,2024-02-01,Completed,20,1,62000.0,1708.42,60291.58,Northeast,1
687,1569,2024-03-17,Completed,13,1,56000.0,2777.13,53222.87,Northeast,1
688,1427,2024-01-10,Completed,8,1,21500.0,1761.44,19738.56,Midwest,3
689,1120,2024-01-25,Cancelled,1,1,28500.0,943.98,27556.02,Southeast,2
690,1043,2024-01-18,Completed,4,1,46500.0,1897.1,44602.9,Southeast,6
691,92,2024-03-14,Completed,7,1,36500.0,1793.17,34706.83,Midwest,3
692,656,2024-02-28,Completed,15,1,54500.0,2508.98,51991.02,Midwest,3
693,871,2024-01-03,Completed,18,2,164000.0,13793.58,150206.42,Northeast,1
694,1336,2024-03-11,Completed,17,3,115500.0,4429.05,111070.95,Southeast,6
695,715,2024-03-18,Completed,4,1,46500.0,3466.77,43033.23,Southwest,4
696,349,2024-01-09,Completed,8,2,43000.0,3382.66,39617.34,Southeast,6
697,1413,2024-03-31,Completed,12,1,84500.0,5682.56,78817.44,Southwest,4
698,1300,2024-03-19,Completed,19,1,49500.0,1665.77,47834.23,Southwest,6
699,526,2024-02-22,Completed,20,1,62000.0,4682.17,57317.83,Midwest,3
700,1274,2024-01-14,Completed,2,1,37500.0,1017.25,36482.75,Southeast,6
701,115,2024-03-29,Completed,19,1,49500.0,1687.3,47812.7,West,8
702,1114,2024-01-26,Completed,11,1,69000.0,1766.3,67233.7,Midwest,7
703,54,2024-03-13,Completed,15,1,54500.0,2069.43,52430.57,Northeast,1
704,1523,2024-02-18,Completed,9,1,44000.0,3435.34,40564.66,Midwest,7
705,141,2024-03-04,Completed,1,2,57000.0,2303.38,54696.62,Southwest,4
706,32,2024-01-12,Completed,3,2,68000.0,5418.38,62581.62,West,5
707,47,2024-01-24,Completed,4,1,46500.0,1672.04,44827.96,Midwest,7
708,615,2024-03-24,Cancelled,18,1,82000.0,2168.6,79831.4,Northeast,1
709,783,2024-03-10,Completed,1,1,28500.0,893.36,27606.64,West,5
710,848,2024-03-18,Completed,5,1,42000.0,2451.13,39548.87,West,8
711,49,2024-02-09,Completed,17,1,38500.0,2693.16,35806.84,Southeast,2
712,1565,2024-01-06,Completed,17,1,38500.0,3118.4,35381.6,Northeast,1
713,920,2024-03-06,Completed,1,4,114000.0,3928.8,110071.2,West,8
714,1050,2024-01-22,Completed,16,1,23000.0,1522.12,21477.88,Northeast,1
715,510,2024-03-11,Returned,10,1,78500.0,5465.69,73034.31,Southeast,6
716,249,2024-03-13,Completed,5,1,42000.0,2073.61,39926.39,West,5
717,1192,2024-02-28,Completed,13,1,56000.0,4575.44,51424.56,West,8
718,529,2024-03-11,Completed,6,1,31000.0,850.57,30149.43,Southwest,6
719,175,2024-01-13,Completed,14,2,97000.0,5656.82,91343.18,Southwest,6
720,1362,2024-01-25,Completed,1,1,28500.0,829.49,27670.51,Northeast,1
721,1442,2024-02-06,Completed,5,1,42000.0,2069.14,39930.86,Southwest,4
722,312,2024-01-12,Completed,18,1,82000.0,5260.88,76739.12,Southwest,6
723,1411,2024-01-09,Completed,5,1,42000.0,1392.58,40607.42,Midwest,7
724,606,2024-01-03,Completed,18,1,82000.0,6726.06,75273.94,Southeast,6
725,588,2024-02-14,Completed,14,1,48500.0,3808.96,44691.04,Southwest,4
726,939,2024-01-07,Completed,2,1,37500.0,1139.39,36360.61,Midwest,3
727,1465,2024-01-17,Completed,16,1,23000.0,1589.89,21410.11,Northeast,1
728,449,2024-02-26,Completed,5,2,84000.0,6259.1,77740.9,Midwest,3
729,532,2024-03-03,Completed,18,1,82000.0,6778.62,75221.38,Northeast,1
730,376,2024-02-28,Completed,7,1,36500.0,3073.74,33426.26,Midwest,7
731,1273,2024-01-10,Completed,17,1,38500.0,3004.25,35495.75,Southwest,6
732,170,2024-03-15,Completed,2,1,37500.0,1866.26,35633.74,Northeast,1
733,630,2024-01-27,Completed,19,1,49500.0,3476.58,46023.42,West,5
734,1178,2024-01-21,Completed,6,1,31000.0,806.98,30193.02,Northeast,1
735,1120,2024-03-04,Completed,18,1,82000.0,2445.11,79554.89,Southeast,2
736,1082,2024-01-23,Completed,10,1,78500.0,4725.79,73774.21,West,5
737,760,2024-01-06,Completed,7,1,36500.0,2350.26,34149.74,West,5
738,491,2024-03-08,Completed,9,1,44000.0,1365.27,42634.73,Southwest,6
739,1128,2024-01-14,Completed,19,1,49500.0,3087.51,46412.49,Northeast,1
740,973,2024-02-08,Completed,4,1,46500.0,1834.06,44665.94,Northeast,1
741,319,2024-03-21,Completed,15,1,54500.0,4436.0,50064.0,Midwest,3
742,1288,2024-02-16,Completed,3,1,34000.0,1270.31,32729.69,Southwest,4
743,909,2024-03-12,Completed,10,1,78500.0,1978.81,76521.19,West,8
744,228,2024-03-11,Completed,16,3,69000.0,5765.43,63234.57,Northeast,1
745,83,2024-02-13,Completed,15,1,54500.0,4234.56,50265.44,Southeast,2
746,1371,2024-03-05,Completed,10,1,78500.0,2876.97,75623.03,Southeast,2
747,784,2024-03-18,Completed,10,1,78500.0,5951.47,72548.53,Midwest,7
748,291,2024-03-29,Completed,3,1,34000.0,962.03,33037.97,Southwest,6
749,1329,2024-01-28,Completed,9,1,44000.0,3456.96,40543.04,Northeast,1
750,1231,2024-01-04,Completed,16,1,23000.0,677.94,22322.06,Southwest,4
751,1461,2024-03-30,Completed,16,1,23000.0,893.9,22106.1,Midwest,7
752,566,2024-01-16,Completed,19,1,49500.0,2486.72,47013.28,West,5
753,1525,2024-03-11,Completed,15,1,54500.0,4188.52,50311.48,Midwest,3
754,1020,2024-02-17,Completed,9,1,44000.0,2001.21,41998.79,Southwest,6
755,758,2024-02-25,Completed,9,1,44000.0,2216.33,41783.67,Northeast,1
756,741,2024-03-05,Completed,13,1,56000.0,4106.51,51893.49,Northeast,1
757,1086,2024-02-09,Completed,1,1,28500.0,1030.07,27469.93,Midwest,3
758,1579,2024-01-23,Completed,16,1,23000.0,1520.65,21479.35,West,5
759,773,2024-02-02,Completed,7,1,36500.0,1227.46,35272.54,Southeast,2
760,447,2024-02-15,Completed,17,1,38500.0,1958.66,36541.34,Northeast,1
761,1212,2024-03-07,Completed,14,1,48500.0,1725.72,46774.28,West,8
762,671,2024-02-23,Completed,20,1,62000.0,4725.97,57274.03,Northeast,1
763,949,2024-03-01,Completed,9,1,44000.0,1994.96,42005.04,Midwest,7
764,267,2024-03-02,Completed,8,1,21500.0,803.55,20696.45,Midwest,3
765,1334,2024-02-29,Completed,16,1,23000.0,1162.78,21837.22,Northeast,1
766,828,2024-02-17,Completed,19,1,49500.0,2881.27,46618.73,Southeast,2
767,1165,2024-01-23,Returned,17,1,38500.0,994.64,37505.36,West,8
768,1556,2024-01-10,Returned,1,1,28500.0,1081.92,27418.08,Southwest,6
769,597,2024-01-02,Completed,19,1,49500.0,1826.4,47673.6,Southeast,6
770,909,2024-01-21,Completed,9,1,44000.0,1738.0,42262.0,West,5
771,1255,2024-02-14,Completed,18,1,82000.0,3649.25,78350.75,Southeast,2
772,242,2024-01-21,Completed,16,1,23000.0,881.65,22118.35,Southwest,6
773,341,2024-01-22,Cancelled,10,1,78500.0,3393.03,75106.97,Southwest,6
774,6,2024-03-10,Completed,7,1,36500.0,1996.9,34503.1,Southwest,6
775,761,2024-03-17,Completed,10,1,78500.0,6117.27,72382.73,Northeast,1
776,507,2024-02-14,Completed,4,1,46500.0,1180.8,45319.2,Southwest,6
777,1494,2024-01-15,Completed,8,1,21500.0,1813.71,19686.29,Southeast,2
778,1191,2024-03-20,Completed,17,1,38500.0,1642.89,36857.11,Midwest,3
779,552,2024-03-23,Completed,3,1,34000.0,1179.85,32820.15,Southeast,6
780,1549,2024-01-19,Completed,2,1,37500.0,1972.02,35527.98,Midwest,7
781,701,2024-04-27,Completed,12,1,84500.0,6997.43,77502.57,West,5
782,562,2024-05-22,Completed,8,1,21500.0,947.48,20552.52,Southwest,6
783,1092,2024-04-04,Completed,5,2,84000.0,3632.64,80367.36,Southwest,4
784,133,2024-04-13,Completed,13,1,56000.0,2966.36,53033.64,Midwest,3
785,1519,2024-04-17,Cancelled,5,1,42000.0,1800.86,40199.14,Midwest,3
786,1508,2024-04-15,Completed,19,1,49500.0,1754.55,47745.45,West,8
787,1144,2024-04-22,Completed,7,1,36500.0,1486.15,35013.85,Southwest,4
788,684,2024-04-08,Completed,17,1,38500.0,3162.26,35337.74,Northeast,1
789,353,2024-04-18,Completed,1,1,28500.0,1866.04,26633.96,West,5
790,1138,2024-06-14,Completed,4,1,46500.0,2139.65,44360.35,Midwest,3
791,1043,2024-05-28,Completed,9,1,44000.0,3865.34,40134.66,Southeast,2
792,1342,2024-06-16,Completed,7,1,36500.0,1650.33,34849.67,Southwest,4
793,398,2024-06-14,Completed,3,1,34000.0,2163.52,31836.48,West,5
794,1104,2024-06-13,Completed,20,1,62000.0,2830.81,59169.19,Northeast,1
795,295,2024-04-03,Completed,13,1,56000.0,3036.45,52963.55,West,5
796,725,2024-06-30,Completed,1,1,28500.0,1976.38,26523.62,West,5
797,235,2024-06-26,Completed,19,1,49500.0,3565.64,45934.36,Southwest,4
798,951,2024-05-07,Completed,8,1,21500.0,1906.74,19593.26,Southwest,6
799,569,2024-06-19,Completed,17,2,77000.0,4882.02,72117.98,West,5
800,1084,2024-04-25,Completed,3,1,34000.0,2333.14,31666.86,West,8
801,797,2024-04-26,Returned,15,1,54500.0,3772.29,50727.71,Northeast,1
802,85,2024-05-24,Completed,9,1,44000.0,3356.89,40643.11,Northeast,1
803,1282,2024-06-04,Completed,17,1,38500.0,2460.25,36039.75,Southwest,4
804,977,2024-06-14,Completed,18,1,82000.0,3252.05,78747.95,Northeast,1
805,1071,2024-06-04,Completed,4,1,46500.0,1770.43,44729.57,Southwest,4
806,270,2024-05-24,Completed,14,1,48500.0,2825.71,45674.29,Southwest,4
807,1170,2024-06-06,Completed,2,1,37500.0,3423.86,34076.14,Northeast,1
808,484,2024-04-03,Completed,6,1,31000.0,2485.39,28514.61,Southwest,6
809,1364,2024-04-28,Completed,4,1,46500.0,3908.11,42591.89,West,5
810,1590,2024-06-13,Completed,3,1,34000.0,2443.19,31556.81,Northeast,1
811,421,2024-05-20,Completed,12,1,84500.0,3993.56,80506.44,West,5
812,45,2024-06-21,Completed,17,1,38500.0,2818.51,35681.49,Midwest,3
813,61,2024-06-27,Completed,7,1,36500.0,1728.49,34771.51,Midwest,3
814,165,2024-06-14,Completed,13,1,56000.0,3863.95,52136.05,West,5
815,938,2024-04-30,Completed,1,1,28500.0,1910.46,26589.54,Southeast,6
816,1362,2024-06-08,Completed,8,1,21500.0,2006.99,19493.01,Northeast,1
817,858,2024-06-12,Completed,20,1,62000.0,4397.59,57602.41,Midwest,7
818,1050,2024-04-30,Completed,9,1,44000.0,3278.94,40721.06,Northeast,1
819,1313,2024-05-20,Completed,5,1,42000.0,2028.92,39971.08,Southwest,4
820,410,2024-04-12,Completed,15,1,54500.0,4440.8,50059.2,Northeast,1
821,1105,2024-04-04,Completed,1,1,28500.0,2092.96,26407.04,West,5
822,669,2024-05-09,Completed,1,1,28500.0,2452.13,26047.87,Southwest,6
823,789,2024-06-09,Completed,17,1,38500.0,1743.64,36756.36,Southwest,6
824,863,2024-05-29,Completed,4,1,46500.0,4142.28,42357.72,Southwest,6
825,993,2024-06-06,Completed,18,1,82000.0,3269.62,78730.38,Southwest,6
826,940,2024-06-14,Completed,6,1,31000.0,1101.66,29898.34,Midwest,7
827,2,2024-06-23,Completed,5,1,42000.0,3784.09,38215.91,Northeast,1
828,871,2024-04-29,Completed,3,1,34000.0,2617.82,31382.18,Northeast,1
829,1168,2024-06-09,Completed,15,1,54500.0,5171.21,49328.79,Northeast,1
830,950,2024-05-19,Completed,12,1,84500.0,6125.89,78374.11,West,8
831,526,2024-04-18,Completed,4,1,46500.0,3090.67,43409.33,Midwest,7
832,1209,2024-04-23,Completed,19,1,49500.0,4548.01,44951.99,West,5
833,1455,2024-06-11,Completed,9,1,44000.0,3152.82,40847.18,Southwest,6
834,196,2024-06-17,Completed,5,1,42000.0,2989.87,39010.13,Southwest,4
835,1337,2024-05-08,Completed,15,1,54500.0,4948.42,49551.58,Northeast,1
836,175,2024-04-03,Completed,17,4,154000.0,9733.52,144266.48,Southwest,6
837,1453,2024-05-13,Completed,13,1,56000.0,2146.85,53853.15,Southwest,6
838,1145,2024-06-19,Completed,19,1,49500.0,2922.52,46577.48,West,5
839,6,2024-05-02,Completed,8,1,21500.0,1279.45,20220.55,Southwest,6
840,595,2024-06-22,Completed,1,2,57000.0,3053.9,53946.1,Southeast,6
841,647,2024-06-01,Completed,13,1,56000.0,2285.7,53714.3,Southeast,6
842,1479,2024-05-15,Cancelled,12,1,84500.0,6320.13,78179.87,West,5
843,1499,2024-04-25,Completed,6,1,31000.0,2592.28,28407.72,Southeast,6
844,1095,2024-05-27,Returned,2,2,75000.0,3639.72,71360.28,West,5
845,1600,2024-06-28,Completed,20,1,62000.0,2504.16,59495.84,Midwest,3
846,1043,2024-06-11,Completed,1,1,28500.0,1586.28,26913.72,Southeast,2
847,510,2024-05-21,Completed,20,1,62000.0,4649.03,57350.97,Southeast,2
848,654,2024-04-02,Completed,18,1,82000.0,3446.77,78553.23,Midwest,3
849,329,2024-05-19,Completed,2,1,37500.0,1849.23,35650.77,Northeast,1
850,693,2024-04-21,Completed,19,1,49500.0,2571.48,46928.52,West,5
851,615,2024-06-17,Completed,9,1,44000.0,3784.01,40215.99,Northeast,1
852,1228,2024-06-26,Completed,3,1,34000.0,2901.76,31098.24,Southwest,6
853,703,2024-06-08,Completed,6,1,31000.0,2573.64,28426.36,Southeast,2
854,964,2024-04-29,Cancelled,1,1,28500.0,1811.54,26688.46,Southeast,6
855,1391,2024-04-08,Completed,5,1,42000.0,3784.71,38215.29,Northeast,1
856,996,2024-05-05,Completed,16,1,23000.0,2181.97,20818.03,Southwest,6
857,283,2024-04-30,Completed,15,1,54500.0,2148.41,52351.59,Midwest,3
858,678,2024-06-06,Completed,2,1,37500.0,2197.58,35302.42,Southeast,6
859,545,2024-06-22,Completed,20,2,124000.0,8394.94,115605.06,Northeast,1
860,1024,2024-06-21,Completed,6,1,31000.0,2365.72,28634.28,Southwest,6
861,273,2024-05-21,Completed,15,1,54500.0,3048.13,51451.87,Southeast,6
862,577,2024-06-11,Completed,14,1,48500.0,4391.37,44108.63,Southwest,4
863,718,2024-05-20,Completed,10,1,78500.0,4082.28,74417.72,West,8
864,253,2024-06-27,Completed,10,1,78500.0,4230.67,74269.33,West,5
865,316,2024-05-28,Completed,14,1,48500.0,4321.73,44178.27,Northeast,1
866,139,2024-04-04,Completed,3,1,34000.0,2053.25,31946.75,Southeast,6
867,429,2024-05-03,Completed,8,1,21500.0,1514.54,19985.46,Southeast,6
868,958,2024-06-28,Completed,19,1,49500.0,1894.11,47605.89,Southeast,2
869,880,2024-05-22,Completed,11,1,69000.0,4022.74,64977.26,Northeast,1
870,101,2024-05-18,Returned,6,1,31000.0,2890.26,28109.74,Northeast,1
871,886,2024-06-12,Completed,8,1,21500.0,1032.45,20467.55,Southwest,4
872,274,2024-05-08,Completed,6,1,31000.0,2601.79,28398.21,Southeast,6
873,693,2024-04-29,Completed,1,1,28500.0,1404.99,27095.01,West,5
874,145,2024-04-18,Completed,12,1,84500.0,5620.63,78879.37,Midwest,3
875,118,2024-04-17,Completed,18,1,82000.0,5047.42,76952.58,Southwest,4
876,438,2024-05-07,Completed,5,1,42000.0,1934.45,40065.55,Southeast,2
877,70,2024-06-04,Completed,19,1,49500.0,2925.87,46574.13,Southwest,6
878,642,2024-04-05,Completed,6,1,31000.0,2245.46,28754.54,Northeast,1
879,110,2024-06-30,Completed,2,1,37500.0,2428.63,35071.37,West,8
880,881,2024-04-01,Completed,6,1,31000.0,1110.66,29889.34,Northeast,1
881,580,2024-05-23,Completed,12,1,84500.0,4312.54,80187.46,West,5
882,528,2024-06-30,Completed,20,1,62000.0,5569.69,56430.31,Northeast,1
883,426,2024-06-29,Completed,5,1,42000.0,3545.34,38454.66,Southeast,6
884,214,2024-04-17,Completed,10,2,157000.0,10792.66,146207.34,Southeast,6
885,1212,2024-04-18,Completed,20,1,62000.0,4785.9,57214.1,West,8
886,132,2024-06-04,Completed,17,1,38500.0,3136.25,35363.75,Northeast,1
887,1165,2024-05-08,Completed,14,1,48500.0,4570.98,43929.02,West,8
888,909,2024-06-05,Completed,12,1,84500.0,5834.06,78665.94,West,5
889,289,2024-04-16,Completed,9,1,44000.0,2554.26,41445.74,West,5
890,1363,2024-05-06,Completed,17,1,38500.0,3535.12,34964.88,Northeast,1
891,915,2024-04-07,Completed,11,1,69000.0,4572.02,64427.98,Southeast,2
892,533,2024-04-20,Completed,2,1,37500.0,2465.16,35034.84,Southwest,6
893,963,2024-05-25,Completed,2,1,37500.0,2955.43,34544.57,Northeast,1
894,125,2024-06-05,Completed,4,1,46500.0,3852.0,42648.0,Southwest,4
895,1307,2024-06-14,Completed,2,1,37500.0,2679.15,34820.85,Southwest,6
896,1249,2024-04-27,Completed,9,1,44000.0,2930.29,41069.71,Southeast,2
897,1021,2024-04-02,Completed,19,1,49500.0,3434.42,46065.58,West,8
898,185,2024-05-03,Cancelled,7,1,36500.0,2439.18,34060.82,West,5
899,1118,2024-05-30,Completed,5,1,42000.0,2890.07,39109.93,West,8
900,1052,2024-06-24,Returned,19,1,49500.0,3923.81,45576.19,West,5
901,812,2024-06-22,Completed,15,1,54500.0,4543.06,49956.94,Southwest,6
902,1276,2024-06-10,Completed,6,1,31000.0,1939.2,29060.8,Northeast,1
903,745,2024-06-15,Completed,17,1,38500.0,3480.38,35019.62,Northeast,1
904,1154,2024-05-17,Completed,12,1,84500.0,5967.66,78532.34,West,8
905,1187,2024-05-28,Completed,1,1,28500.0,1256.57,27243.43,Southwest,6
906,1131,2024-04-08,Completed,5,1,42000.0,2644.36,39355.64,Southwest,6
907,1116,2024-06-15,Completed,18,1,82000.0,5941.63,76058.37,Northeast,1
908,620,2024-04-08,Completed,12,1,84500.0,5542.83,78957.17,Southeast,6
909,35,2024-05-23,Completed,16,1,23000.0,1355.06,21644.94,Southeast,6
910,1106,2024-06-09,Completed,8,1,21500.0,1598.31,19901.69,West,5
911,450,2024-05-29,Completed,9,1,44000.0,1927.38,42072.62,West,8
912,497,2024-05-29,Completed,15,1,54500.0,2052.16,52447.84,West,8
913,914,2024-05-14,Completed,1,1,28500.0,1829.99,26670.01,Southwest,4
914,68,2024-05-27,Completed,13,1,56000.0,3723.32,52276.68,West,5
915,1460,2024-06-08,Completed,7,1,36500.0,2336.14,34163.86,West,5
916,1591,2024-05-27,Completed,11,1,69000.0,2724.04,66275.96,West,8
917,540,2024-06-20,Completed,9,1,44000.0,2788.8,41211.2,West,5
918,983,2024-05-26,Completed,4,1,46500.0,3018.62,43481.38,Midwest,3
919,214,2024-06-24,Completed,18,2,164000.0,13356.38,150643.62,Southeast,2
920,1243,2024-04-30,Completed,20,1,62000.0,3557.0,58443.0,Midwest,7
921,788,2024-05-09,Completed,16,1,23000.0,1783.45,21216.55,Southeast,2
922,906,2024-04-15,Completed,1,1,28500.0,1573.21,26926.79,Northeast,1
923,615,2024-04-30,Completed,9,1,44000.0,3302.59,40697.41,Northeast,1
924,264,2024-04-04,Completed,12,1,84500.0,6602.66,77897.34,Southwest,6
925,1535,2024-06-21,Completed,1,1,28500.0,2238.98,26261.02,Midwest,3
926,160,2024-05-24,Completed,1,1,28500.0,2703.02,25796.98,West,5
927,451,2024-04-18,Completed,9,1,44000.0,3160.22,40839.78,Southeast,2
928,148,2024-04-03,Completed,7,1,36500.0,2669.61,33830.39,West,8
929,810,2024-04-09,Completed,12,1,84500.0,5159.3,79340.7,Northeast,1
930,1537,2024-06-12,Completed,12,1,84500.0,6684.28,77815.72,Southeast,6
931,93,2024-04-12,Cancelled,1,1,28500.0,2583.17,25916.83,Midwest,7
932,427,2024-04-09,Completed,9,1,44000.0,3597.85,40402.15,Northeast,1
933,479,2024-05-31,Completed,3,1,34000.0,1705.49,32294.51,Northeast,1
934,956,2024-04-15,Completed,12,1,84500.0,4563.75,79936.25,Southwest,4
935,805,2024-05-25,Completed,9,1,44000.0,2527.3,41472.7,Midwest,3
936,133,2024-04-11,Completed,5,1,42000.0,2561.5,39438.5,Midwest,3
937,1075,2024-06-25,Completed,5,1,42000.0,2229.0,39771.0,Southwest,6
938,501,2024-06-14,Completed,19,1,49500.0,3875.31,45624.69,Midwest,7
939,885,2024-04-24,Completed,17,1,38500.0,3603.92,34896.08,Southwest,6
940,272,2024-04-13,Completed,14,1,48500.0,3095.46,45404.54,Southeast,2
941,422,2024-05-25,Completed,17,1,38500.0,1672.4,36827.6,Northeast,1
942,287,2024-04-07,Completed,13,1,56000.0,2281.24,53718.76,Southwest,4
943,423,2024-04-13,Completed,10,1,78500.0,7247.23,71252.77,West,5
944,612,2024-04-17,Completed,5,1,42000.0,2585.65,39414.35,Southwest,4
945,970,2024-05-16,Completed,12,1,84500.0,7353.04,77146.96,West,8
946,828,2024-05-20,Completed,12,1,84500.0,7084.86,77415.14,Southeast,2
947,1269,2024-06-21,Completed,14,2,97000.0,5141.86,91858.14,Northeast,1
948,807,2024-05-05,Completed,14,1,48500.0,3791.77,44708.23,Southeast,6
949,1214,2024-05-08,Completed,5,1,42000.0,2220.48,39779.52,Southeast,2
950,769,2024-05-12,Completed,16,1,23000.0,1144.96,21855.04,West,8
951,1262,2024-06-15,Completed,20,1,62000.0,4967.63,57032.37,Northeast,1
952,1157,2024-06-23,Completed,4,1,46500.0,3014.42,43485.58,Southwest,4
953,988,2024-06-08,Completed,20,1,62000.0,5532.27,56467.73,Southwest,4
954,403,2024-05-07,Completed,6,1,31000.0,2523.27,28476.73,West,8
955,421,2024-05-15,Completed,19,1,49500.0,2300.53,47199.47,West,5
956,785,2024-06-25,Completed,15,1,54500.0,3762.1,50737.9,Midwest,7
957,221,2024-06-16,Completed,4,1,46500.0,3818.4,42681.6,Midwest,3
958,442,2024-04-25,Completed,8,1,21500.0,1611.49,19888.51,Southwest,4
959,1011,2024-04-10,Returned,12,1,84500.0,3148.62,81351.38,Southwest,4
960,331,2024-05-10,Completed,19,1,49500.0,1847.3,47652.7,West,8
961,505,2024-06-19,Completed,6,1,31000.0,1311.91,29688.09,West,5
962,370,2024-05-11,Completed,9,1,44000.0,4138.74,39861.26,West,5
963,201,2024-06-03,Completed,11,1,69000.0,3696.07,65303.93,Midwest,3
964,181,2024-06-11,Completed,6,1,31000.0,1306.77,29693.23,West,8
965,976,2024-04-28,Completed,17,1,38500.0,2198.74,36301.26,Southeast,6
966,228,2024-05-09,Completed,13,3,168000.0,7110.9,160889.1,Northeast,1
967,54,2024-04-07,Completed,11,1,69000.0,3316.67,65683.33,Northeast,1
968,1018,2024-04-23,Completed,15,1,54500.0,4828.99,49671.01,Midwest,7
969,1444,2024-06-14,Completed,13,1,56000.0,3709.2,52290.8,Midwest,7
970,713,2024-05-18,Completed,13,1,56000.0,2659.58,53340.42,Northeast,1
971,741,2024-04-18,Completed,13,1,56000.0,3192.98,52807.02,Northeast,1
972,228,2024-06-23,Completed,1,3,85500.0,8054.94,77445.06,Northeast,1
973,844,2024-06-21,Completed,7,1,36500.0,2590.42,33909.58,Southwest,4
974,228,2024-04-25,Completed,6,2,62000.0,2690.82,59309.18,Northeast,1
975,66,2024-06-07,Completed,1,1,28500.0,1155.28,27344.72,West,8
976,1586,2024-05-15,Completed,7,1,36500.0,1975.42,34524.58,West,8
977,1310,2024-05-26,Completed,12,1,84500.0,7806.97,76693.03,Southeast,2
978,49,2024-04-03,Completed,10,1,78500.0,3229.46,75270.54,Southeast,6
979,931,2024-06-23,Completed,10,1,78500.0,6198.82,72301.18,Southeast,2
980,1146,2024-05-15,Completed,13,1,56000.0,5212.71,50787.29,West,5
981,1472,2024-06-19,Completed,8,1,21500.0,1953.7,19546.3,Southwest,6
982,627,2024-05-18,Completed,15,1,54500.0,1975.7,52524.3,Midwest,3
983,314,2024-06-28,Completed,18,2,164000.0,9962.84,154037.16,Northeast,1
984,170,2024-05-27,Completed,13,1,56000.0,3029.65,52970.35,Northeast,1
985,1332,2024-06-10,Completed,1,1,28500.0,1476.9,27023.1,West,8
986,370,2024-06-03,Completed,7,1,36500.0,3196.9,33303.1,West,8
987,561,2024-04-01,Completed,2,1,37500.0,2908.74,34591.26,West,8
988,1198,2024-05-11,Completed,1,1,28500.0,1654.44,26845.56,Southeast,6
989,1271,2024-04-29,Completed,20,1,62000.0,3252.95,58747.05,Northeast,1
990,1240,2024-04-06,Completed,14,1,48500.0,2839.12,45660.88,Northeast,1
991,1576,2024-05-09,Completed,6,1,31000.0,2768.62,28231.38,Northeast,1
992,1540,2024-05-21,Completed,1,1,28500.0,1365.92,27134.08,Midwest,3
993,1376,2024-04-06,Completed,12,1,84500.0,3496.15,81003.85,West,5
994,1140,2024-04-01,Completed,6,1,31000.0,1269.98,29730.02,Southwest,6
995,634,2024-05-16,Returned,1,1,28500.0,1766.14,26733.86,Midwest,3
996,1334,2024-04-11,Completed,15,1,54500.0,3429.6,51070.4,Northeast,1
997,243,2024-04-02,Completed,13,1,56000.0,5135.14,50864.86,Southwest,4
998,1350,2024-04-08,Completed,19,1,49500.0,2974.23,46525.77,West,5
999,427,2024-06-24,Completed,5,1,42000.0,2089.68,39910.32,Northeast,1
1000,1255,2024-04-20,Completed,12,1,84500.0,5927.37,78572.63,Southeast,2
1001,312,2024-04-11,Completed,12,1,84500.0,3933.81,80566.19,Southwest,4
1002,1103,2024-04-27,Completed,17,1,38500.0,3314.36,35185.64,Northeast,1
1003,1018,2024-04-26,Completed,7,1,36500.0,2526.07,33973.93,Midwest,7
1004,805,2024-04-21,Completed,5,1,42000.0,2556.33,39443.67,Midwest,3
1005,510,2024-04-29,Completed,16,1,23000.0,2116.25,20883.75,Southeast,6
1006,328,2024-05-08,Completed,3,1,34000.0,2850.86,31149.14,West,8
1007,316,2024-06-14,Completed,13,1,56000.0,3753.68,52246.32,Northeast,1
1008,474,2024-04-23,Completed,11,1,69000.0,5321.91,63678.09,Northeast,1
1009,1346,2024-05-09,Completed,1,1,28500.0,1249.46,27250.54,Southwest,6
1010,1065,2024-04-18,Completed,5,1,42000.0,3121.71,38878.29,Southwest,4
1011,320,2024-05-27,Completed,14,1,48500.0,4393.51,44106.49,Midwest,7
1012,834,2024-04-02,Completed,12,1,84500.0,6358.97,78141.03,West,8
1013,1031,2024-06-26,Completed,3,2,68000.0,5713.8,62286.2,Southwest,4
1014,1416,2024-04-22,Completed,11,1,69000.0,4093.65,64906.35,West,5
1015,1228,2024-05-26,Completed,11,1,69000.0,3948.75,65051.25,Southwest,4
1016,1250,2024-05-18,Completed,19,1,49500.0,2599.07,46900.93,West,8
1017,1552,2024-06-05,Completed,15,1,54500.0,2024.31,52475.69,West,5
1018,1408,2024-06-05,Completed,7,1,36500.0,3103.17,33396.83,Northeast,1
1019,25,2024-04-06,Completed,4,1,46500.0,4200.37,42299.63,Northeast,1
1020,1246,2024-04-12,Completed,19,1,49500.0,4079.72,45420.28,West,8
1021,798,2024-05-17,Cancelled,7,1,36500.0,3026.94,33473.06,Midwest,3
1022,1460,2024-05-16,Completed,10,1,78500.0,5874.92,72625.08,West,5
1023,138,2024-05-18,Completed,12,1,84500.0,5096.95,79403.05,West,5
1024,1435,2024-06-05,Completed,14,1,48500.0,1971.81,46528.19,Midwest,7
1025,427,2024-06-10,Completed,1,1,28500.0,2390.79,26109.21,Northeast,1
1026,1326,2024-05-26,Completed,8,1,21500.0,1081.51,20418.49,Southeast,6
1027,10,2024-04-14,Completed,17,1,38500.0,2426.54,36073.46,West,5
1028,342,2024-06-11,Completed,19,1,49500.0,4088.77,45411.23,West,5
1029,799,2024-06-23,Completed,7,1,36500.0,1279.9,35220.1,Northeast,1
1030,1002,2024-05-06,Completed,4,1,46500.0,3518.59,42981.41,Midwest,7
1031,717,2024-06-30,Completed,15,1,54500.0,3224.12,51275.88,Midwest,7
1032,751,2024-04-03,Completed,5,1,42000.0,1876.92,40123.08,Northeast,1
1033,1187,2024-04-17,Cancelled,2,1,37500.0,1893.84,35606.16,Southwest,4
1034,686,2024-06-25,Completed,10,1,78500.0,5764.44,72735.56,West,8
1035,1291,2024-06-04,Completed,19,1,49500.0,3864.27,45635.73,Southeast,6
1036,424,2024-06-04,Completed,12,1,84500.0,5451.92,79048.08,Southeast,2
1037,1456,2024-05-02,Cancelled,17,1,38500.0,3482.23,35017.77,Southeast,6
1038,1347,2024-04-27,Completed,7,1,36500.0,2076.56,34423.44,Midwest,3
1039,1585,2024-06-25,Completed,5,1,42000.0,1522.39,40477.61,Southeast,2
1040,693,2024-04-04,Completed,17,1,38500.0,2492.12,36007.88,West,5
1041,1562,2024-05-19,Completed,4,3,139500.0,4990.17,134509.83,West,5
1042,635,2024-06-06,Completed,18,1,82000.0,7628.51,74371.49,Northeast,1
1043,1447,2024-04-07,Completed,4,1,46500.0,2864.81,43635.19,Midwest,3
1044,1382,2024-04-18,Completed,14,1,48500.0,3210.45,45289.55,Southeast,6
1045,181,2024-04-10,Completed,1,1,28500.0,1594.04,26905.96,West,5
1046,286,2024-06-04,Returned,4,1,46500.0,3183.48,43316.52,Southeast,6
1047,1465,2024-06-22,Completed,16,1,23000.0,1757.31,21242.69,Northeast,1
1048,484,2024-04-28,Completed,7,1,36500.0,2429.36,34070.64,Southwest,6
1049,377,2024-04-23,Completed,7,1,36500.0,2230.11,34269.89,Southwest,4
1050,1190,2024-04-22,Completed,11,1,69000.0,5761.87,63238.13,Midwest,3
1051,779,2024-06-17,Completed,10,1,78500.0,2864.96,75635.04,Northeast,1
1052,1599,2024-04-14,Completed,6,1,31000.0,1983.09,29016.91,Midwest,3
1053,632,2024-04-11,Completed,1,2,57000.0,4980.78,52019.22,Southwest,4
1054,1007,2024-06-11,Returned,12,1,84500.0,6199.52,78300.48,Northeast,1
1055,28,2024-04-20,Completed,2,1,37500.0,2453.65,35046.35,Southwest,4
1056,1115,2024-05-15,Completed,18,1,82000.0,4877.73,77122.27,West,5
1057,354,2024-06-21,Completed,13,1,56000.0,4148.06,51851.94,Northeast,1
1058,1414,2024-06-03,Completed,3,1,34000.0,2499.68,31500.32,Midwest,7
1059,427,2024-06-09,Completed,12,1,84500.0,6232.42,78267.58,Northeast,1
1060,1099,2024-05-25,Completed,14,1,48500.0,2727.45,45772.55,Northeast,1
1061,879,2024-06-23,Completed,6,1,31000.0,2674.7,28325.3,Northeast,1
1062,965,2024-05-31,Completed,1,1,28500.0,1866.0,26634.0,Midwest,3
1063,1415,2024-05-09,Completed,11,1,69000.0,6002.4,62997.6,Southeast,2
1064,339,2024-05-05,Completed,15,1,54500.0,1934.28,52565.72,West,8
1065,1209,2024-04-19,Completed,7,1,36500.0,2668.01,33831.99,West,5
1066,1262,2024-06-26,Completed,11,1,69000.0,2510.88,66489.12,Northeast,1
1067,1407,2024-05-04,Completed,8,1,21500.0,1815.93,19684.07,Southeast,6
1068,60,2024-06-24,Completed,6,1,31000.0,2701.22,28298.78,West,5
1069,1073,2024-04-15,Completed,12,1,84500.0,5471.76,79028.24,Northeast,1
1070,1237,2024-05-26,Completed,16,1,23000.0,1668.62,21331.38,Midwest,7
1071,451,2024-05-11,Completed,15,1,54500.0,4191.72,50308.28,Southeast,6
1072,288,2024-05-27,Completed,3,1,34000.0,2552.31,31447.69,Southeast,6
1073,1077,2024-04-04,Completed,4,1,46500.0,3053.65,43446.35,Southeast,6
1074,1225,2024-05-01,Completed,11,1,69000.0,6347.26,62652.74,Northeast,1
1075,858,2024-06-26,Completed,14,1,48500.0,1988.38,46511.62,Midwest,3
1076,1332,2024-04-12,Completed,3,1,34000.0,1486.31,32513.69,West,5
1077,1572,2024-04-14,Completed,12,1,84500.0,5196.23,79303.77,Southeast,2
1078,1449,2024-05-04,Completed,7,1,36500.0,2694.2,33805.8,Northeast,1
1079,1389,2024-06-01,Completed,4,1,46500.0,2522.23,43977.77,Southeast,2
1080,1043,2024-04-28,Completed,4,1,46500.0,3976.27,42523.73,Southeast,2
1081,155,2024-05-02,Completed,16,1,23000.0,1415.86,21584.14,Southwest,6
1082,1219,2024-06-22,Completed,20,1,62000.0,5296.61,56703.39,Southeast,2
1083,1067,2024-04-23,Completed,4,1,46500.0,3006.78,43493.22,Midwest,3
1084,365,2024-05-21,Completed,12,1,84500.0,6601.95,77898.05,Southwest,6
1085,198,2024-04-19,Completed,2,1,37500.0,1482.41,36017.59,Northeast,1
1086,305,2024-05-19,Completed,1,1,28500.0,1399.39,27100.61,Southwest,4
1087,249,2024-06-26,Completed,15,1,54500.0,3991.06,50508.94,West,5
1088,1046,2024-04-02,Completed,12,1,84500.0,4510.22,79989.78,West,8
1089,971,2024-04-13,Completed,1,1,28500.0,1778.55,26721.45,Southeast,6
1090,657,2024-06-08,Completed,3,1,34000.0,1632.05,32367.95,Midwest,7
1091,968,2024-05-17,Completed,3,1,34000.0,1996.67,32003.33,West,5
1092,1027,2024-06-28,Completed,17,1,38500.0,2306.78,36193.22,Northeast,1
1093,903,2024-05-19,Completed,18,1,82000.0,3946.29,78053.71,Northeast,1
1094,446,2024-04-22,Cancelled,10,1,78500.0,5890.09,72609.91,Northeast,1
1095,273,2024-05-25,Completed,4,1,46500.0,1827.32,44672.68,Southeast,2
1096,1246,2024-06-05,Completed,9,1,44000.0,3882.14,40117.86,West,8
1097,474,2024-04-03,Completed,1,1,28500.0,1045.9,27454.1,Northeast,1
1098,297,2024-04-24,Completed,15,1,54500.0,4219.22,50280.78,Midwest,3
1099,168,2024-05-04,Completed,18,1,82000.0,5092.18,76907.82,Southeast,2
1100,821,2024-06-29,Completed,13,1,56000.0,4809.22,51190.78,Midwest,7
1101,647,2024-06-19,Completed,6,1,31000.0,2814.54,28185.46,Southeast,6
1102,1133,2024-06-06,Completed,20,1,62000.0,4158.48,57841.52,Southeast,2
1103,410,2024-04-13,Completed,4,1,46500.0,2096.67,44403.33,Northeast,1
1104,447,2024-05-10,Completed,16,1,23000.0,2066.12,20933.88,Northeast,1
1105,27,2024-06-29,Completed,9,1,44000.0,2664.69,41335.31,Midwest,3
1106,971,2024-05-01,Completed,19,1,49500.0,1841.29,47658.71,Southeast,6
1107,1032,2024-06-06,Completed,5,1,42000.0,3221.01,38778.99,West,5
1108,1592,2024-04-19,Completed,20,1,62000.0,3442.34,58557.66,West,8
1109,368,2024-06-03,Returned,4,1,46500.0,3912.23,42587.77,Southeast,2
1110,1137,2024-05-16,Completed,9,1,44000.0,2380.42,41619.58,Southeast,6
1111,1068,2024-05-31,Cancelled,13,1,56000.0,3094.59,52905.41,West,5
1112,278,2024-06-14,Completed,9,1,44000.0,3954.72,40045.28,Northeast,1
1113,132,2024-05-24,Completed,3,1,34000.0,2979.78,31020.22,Northeast,1
1114,23,2024-06-30,Completed,14,1,48500.0,2222.06,46277.94,West,5
1115,889,2024-04-24,Completed,11,1,69000.0,3692.36,65307.64,Northeast,1
1116,502,2024-04-21,Completed,12,1,84500.0,2994.63,81505.37,Northeast,1
1117,689,2024-05-25,Completed,9,1,44000.0,2263.27,41736.73,West,8
1118,1304,2024-04-05,Completed,5,1,42000.0,2226.21,39773.79,Northeast,1
1119,652,2024-04-04,Completed,8,1,21500.0,1547.79,19952.21,West,5
1120,479,2024-06-16,Completed,8,1,21500.0,1445.56,20054.44,Northeast,1
1121,626,2024-06-19,Completed,5,1,42000.0,2176.72,39823.28,Southeast,2
1122,1382,2024-04-26,Completed,17,1,38500.0,2592.12,35907.88,Southeast,2
1123,1254,2024-06-07,Completed,9,1,44000.0,3471.57,40528.43,Northeast,1
1124,704,2024-04-18,Completed,1,1,28500.0,1457.47,27042.53,Southwest,4
1125,510,2024-06-20,Completed,19,1,49500.0,3000.45,46499.55,Southeast,6
1126,1126,2024-05-04,Completed,9,1,44000.0,1551.96,42448.04,Southwest,6
1127,1366,2024-06-18,Completed,8,1,21500.0,1994.6,19505.4,West,8
1128,175,2024-06-22,Completed,13,3,168000.0,15034.5,152965.5,Southwest,4
1129,858,2024-06-01,Completed,5,1,42000.0,3114.6,38885.4,Midwest,7
1130,425,2024-04-27,Completed,20,1,62000.0,3538.73,58461.27,Midwest,7
1131,1181,2024-05-23,Completed,16,1,23000.0,1121.47,21878.53,Midwest,3
1132,255,2024-06-15,Completed,6,1,31000.0,1146.92,29853.08,West,5
1133,147,2024-05-09,Completed,14,1,48500.0,3910.82,44589.18,Northeast,1
1134,453,2024-05-12,Completed,1,1,28500.0,2433.73,26066.27,Midwest,3
1135,1032,2024-06-23,Completed,18,1,82000.0,3595.35,78404.65,West,8
1136,106,2024-05-12,Completed,19,1,49500.0,3952.15,45547.85,West,8
1137,309,2024-04-30,Completed,4,1,46500.0,2661.99,43838.01,Southwest,4
1138,945,2024-05-06,Completed,15,1,54500.0,4805.18,49694.82,Southeast,6
1139,1136,2024-06-18,Completed,20,4,248000.0,15947.16,232052.84,Northeast,1
1140,390,2024-04-18,Completed,9,1,44000.0,2753.6,41246.4,West,5
1141,957,2024-04-20,Completed,6,1,31000.0,1658.11,29341.89,Southwest,4
1142,1318,2024-04-08,Completed,2,1,37500.0,2597.19,34902.81,Southeast,2
1143,1076,2024-05-04,Completed,20,1,62000.0,5147.82,56852.18,Midwest,7
1144,66,2024-05-23,Completed,13,1,56000.0,5035.82,50964.18,West,5
1145,1544,2024-05-10,Completed,12,1,84500.0,7137.57,77362.43,Southeast,6
1146,157,2024-05-06,Completed,5,1,42000.0,2242.16,39757.84,Midwest,3
1147,1334,2024-05-23,Completed,13,1,56000.0,3799.8,52200.2,Northeast,1
1148,1417,2024-04-09,Completed,8,1,21500.0,757.16,20742.84,Southeast,2
1149,319,2024-06-27,Completed,2,1,37500.0,1435.79,36064.21,Midwest,3
1150,185,2024-04-28,Completed,5,1,42000.0,3317.75,38682.25,West,5
1151,1348,2024-06-17,Completed,6,1,31000.0,2789.36,28210.64,Northeast,1
1152,418,2024-06-01,Completed,3,1,34000.0,3167.52,30832.48,Northeast,1
1153,161,2024-05-11,Completed,6,1,31000.0,2853.61,28146.39,Midwest,7
1154,1071,2024-04-08,Completed,17,1,38500.0,3180.84,35319.16,Southwest,4
1155,353,2024-06-19,Completed,18,1,82000.0,5760.98,76239.02,West,5
1156,355,2024-04-25,Completed,10,1,78500.0,7055.87,71444.13,Northeast,1
1157,867,2024-04-23,Returned,7,1,36500.0,1923.97,34576.03,Northeast,1
1158,111,2024-05-16,Completed,3,1,34000.0,1844.28,32155.72,Northeast,1
1159,621,2024-05-17,Completed,11,1,69000.0,3738.83,65261.17,Southeast,6
1160,290,2024-06-16,Completed,7,1,36500.0,2621.89,33878.11,Southwest,6
1161,1313,2024-06-28,Completed,6,1,31000.0,2230.5,28769.5,Southwest,4
1162,312,2024-06-04,Completed,14,1,48500.0,3539.01,44960.99,Southwest,6
1163,1451,2024-06-07,Completed,1,1,28500.0,1016.52,27483.48,Southeast,2
1164,324,2024-04-07,Completed,3,1,34000.0,1285.12,32714.88,Midwest,7
1165,297,2024-05-30,Completed,13,1,56000.0,2256.93,53743.07,Midwest,3
1166,779,2024-06-06,Completed,2,1,37500.0,1960.58,35539.42,Northeast,1
1167,818,2024-05-28,Completed,14,1,48500.0,3463.83,45036.17,West,5
1168,989,2024-04-27,Completed,12,1,84500.0,5144.77,79355.23,Southeast,6
1169,152,2024-06-19,Cancelled,7,1,36500.0,2130.18,34369.82,Northeast,1
1170,1489,2024-04-12,Completed,17,1,38500.0,2631.89,35868.11,Southwest,6
1171,531,2024-04-02,Completed,3,1,34000.0,2660.9,31339.1,Midwest,7
1172,1154,2024-05-04,Completed,20,1,62000.0,3038.09,58961.91,West,5
1173,453,2024-06-12,Completed,3,1,34000.0,2679.51,31320.49,Midwest,7
1174,306,2024-05-19,Completed,12,1,84500.0,3803.17,80696.83,West,5
1175,86,2024-05-02,Completed,14,1,48500.0,4311.49,44188.51,Southeast,6
1176,414,2024-06-04,Cancelled,18,1,82000.0,3946.55,78053.45,Northeast,1
1177,167,2024-04-19,Completed,16,1,23000.0,1249.88,21750.12,Northeast,1
1178,597,2024-05-06,Completed,17,1,38500.0,2238.63,36261.37,Southeast,2
1179,1268,2024-04-16,Completed,10,1,78500.0,3958.78,74541.22,West,8
1180,1085,2024-06-18,Completed,8,2,43000.0,3918.24,39081.76,Northeast,1
1181,78,2024-05-21,Completed,15,1,54500.0,3789.74,50710.26,West,5
1182,841,2024-04-22,Completed,19,2,99000.0,7197.88,91802.12,Northeast,1
1183,1134,2024-04-26,Completed,1,1,28500.0,2431.34,26068.66,Southwest,4
1184,669,2024-04-14,Completed,7,1,36500.0,1312.04,35187.96,Southwest,4
1185,1016,2024-06-21,Completed,5,1,42000.0,1591.16,40408.84,Southeast,2
1186,715,2024-04-20,Completed,7,1,36500.0,2895.66,33604.34,Southwest,4
1187,1330,2024-05-12,Completed,17,1,38500.0,1849.94,36650.06,Southwest,4
1188,1083,2024-05-20,Completed,13,1,56000.0,3565.05,52434.95,Northeast,1
1189,1153,2024-04-11,Completed,19,1,49500.0,3535.74,45964.26,Southwest,6
1190,565,2024-05-14,Completed,6,1,31000.0,2052.23,28947.77,Northeast,1
1191,1193,2024-05-19,Completed,2,1,37500.0,2395.67,35104.33,Southeast,6
1192,1009,2024-06-08,Completed,3,1,34000.0,2944.04,31055.96,Midwest,3
1193,709,2024-05-09,Completed,4,1,46500.0,3284.04,43215.96,Southwest,4
1194,539,2024-05-07,Completed,8,1,21500.0,1608.04,19891.96,Northeast,1
1195,213,2024-05-14,Completed,5,2,84000.0,7810.68,76189.32,Midwest,7
1196,487,2024-06-25,Cancelled,17,1,38500.0,2586.6,35913.4,Southwest,6
1197,705,2024-06-14,Completed,10,1,78500.0,5563.16,72936.84,West,8
1198,241,2024-05-04,Completed,7,1,36500.0,2176.59,34323.41,Southeast,6
1199,197,2024-05-27,Completed,5,1,42000.0,3937.26,38062.74,Midwest,7
1200,1023,2024-06-06,Completed,10,1,78500.0,4503.69,73996.31,Southeast,2
1201,64,2024-05-15,Completed,13,1,56000.0,2092.09,53907.91,West,5
1202,1084,2024-06-29,Completed,7,1,36500.0,2766.49,33733.51,West,5
1203,878,2024-05-16,Completed,16,1,23000.0,2184.8,20815.2,Northeast,1
1204,438,2024-05-05,Completed,8,1,21500.0,1785.59,19714.41,Southeast,2
1205,465,2024-05-10,Completed,14,1,48500.0,2876.6,45623.4,Southeast,2
1206,1573,2024-06-28,Completed,1,1,28500.0,2133.27,26366.73,Southeast,2
1207,232,2024-06-05,Completed,9,4,176000.0,15631.56,160368.44,West,8
1208,402,2024-04-14,Completed,6,1,31000.0,1225.54,29774.46,Northeast,1
1209,1120,2024-06-02,Completed,19,1,49500.0,4126.41,45373.59,Southeast,6
1210,774,2024-06-20,Completed,15,2,109000.0,4997.84,104002.16,Midwest,7
1211,1566,2024-06-28,Completed,18,1,82000.0,4555.64,77444.36,Midwest,7
1212,206,2024-06-22,Completed,4,1,46500.0,3964.13,42535.87,West,8
1213,574,2024-04-22,Cancelled,4,2,93000.0,5060.92,87939.08,Midwest,3
1214,1593,2024-05-20,Completed,13,1,56000.0,5051.65,50948.35,Northeast,1
1215,773,2024-05-01,Completed,5,1,42000.0,3335.97,38664.03,Southeast,6
1216,86,2024-04-13,Completed,10,1,78500.0,5317.28,73182.72,Southeast,6
1217,1375,2024-06-13,Completed,6,1,31000.0,1805.05,29194.95,Northeast,1
1218,42,2024-05-22,Completed,13,1,56000.0,4596.35,51403.65,Southeast,2
1219,923,2024-06-30,Completed,2,1,37500.0,1590.11,35909.89,Southeast,6
1220,359,2024-04-02,Completed,4,1,46500.0,4307.92,42192.08,Southeast,2
1221,8,2024-04-22,Completed,5,1,42000.0,1909.07,40090.93,Southeast,2
1222,1549,2024-04-30,Completed,9,1,44000.0,2326.83,41673.17,Midwest,3
1223,520,2024-05-10,Completed,8,1,21500.0,1033.3,20466.7,West,8
1224,501,2024-04-20,Completed,4,1,46500.0,3221.59,43278.41,Midwest,7
1225,1433,2024-04-11,Completed,1,1,28500.0,1326.24,27173.76,Southeast,6
1226,1293,2024-05-21,Completed,10,1,78500.0,4258.28,74241.72,Midwest,7
1227,128,2024-04-08,Completed,5,1,42000.0,3874.51,38125.49,Southwest,6
1228,1480,2024-04-23,Completed,7,1,36500.0,2930.8,33569.2,West,8
1229,899,2024-06-15,Completed,7,1,36500.0,3125.2,33374.8,Southeast,6
1230,1196,2024-06-16,Completed,6,2,62000.0,4326.56,57673.44,Midwest,7
1231,1523,2024-05-17,Completed,6,1,31000.0,1720.04,29279.96,Midwest,7
1232,1247,2024-06-27,Completed,9,1,44000.0,4065.53,39934.47,Midwest,7
1233,1123,2024-04-09,Completed,12,1,84500.0,7329.37,77170.63,West,8
1234,1018,2024-04-19,Completed,8,1,21500.0,989.52,20510.48,Midwest,7
1235,532,2024-04-23,Completed,6,1,31000.0,1619.6,29380.4,Northeast,1
1236,1451,2024-04-03,Cancelled,13,2,112000.0,7723.52,104276.48,Southeast,2
1237,1102,2024-04-25,Completed,17,1,38500.0,2093.9,36406.1,Midwest,7
1238,700,2024-05-04,Completed,16,1,23000.0,1881.22,21118.78,Southeast,2
1239,910,2024-04-01,Completed,14,1,48500.0,3909.49,44590.51,Southeast,2
1240,1391,2024-06-09,Completed,6,1,31000.0,1163.2,29836.8,Northeast,1
1241,1469,2024-04-12,Cancelled,11,1,69000.0,4734.16,64265.84,Northeast,1
1242,327,2024-06-07,Completed,19,1,49500.0,3275.1,46224.9,West,5
1243,1183,2024-05-31,Completed,6,1,31000.0,1643.78,29356.22,Midwest,3
1244,367,2024-04-11,Completed,9,1,44000.0,2364.26,41635.74,Southwest,4
1245,557,2024-05-17,Completed,3,1,34000.0,2002.63,31997.37,Northeast,1
1246,37,2024-05-11,Completed,4,1,46500.0,2619.38,43880.62,Southeast,6
1247,700,2024-05-21,Completed,10,1,78500.0,6209.09,72290.91,Southeast,2
1248,815,2024-06-28,Completed,1,1,28500.0,1726.38,26773.62,Northeast,1
1249,1187,2024-06-02,Completed,15,1,54500.0,3938.04,50561.96,Southwest,4
1250,427,2024-06-25,Completed,3,1,34000.0,2355.77,31644.23,Northeast,1
1251,1179,2024-04-01,Completed,7,1,36500.0,2928.65,33571.35,Northeast,1
1252,433,2024-04-10,Completed,20,1,62000.0,4572.84,57427.16,Northeast,1
1253,613,2024-05-10,Completed,11,1,69000.0,4351.46,64648.54,Midwest,7
1254,963,2024-05-09,Completed,15,1,54500.0,2678.02,51821.98,Northeast,1
1255,702,2024-04-26,Completed,10,1,78500.0,5680.12,72819.88,Southeast,6
1256,1327,2024-05-10,Completed,2,1,37500.0,3191.07,34308.93,Southeast,2
1257,104,2024-06-14,Completed,12,1,84500.0,6612.94,77887.06,West,5
1258,831,2024-05-07,Completed,8,1,21500.0,1757.68,19742.32,West,5
1259,473,2024-05-23,Completed,1,1,28500.0,2297.91,26202.09,West,8
1260,1067,2024-06-30,Completed,4,1,46500.0,2494.46,44005.54,Midwest,7
1261,494,2024-05-05,Completed,7,1,36500.0,2432.7,34067.3,West,8
1262,851,2024-06-18,Completed,16,1,23000.0,1891.77,21108.23,Northeast,1
1263,335,2024-05-26,Completed,15,1,54500.0,3427.96,51072.04,Southwest,6
1264,446,2024-06-13,Completed,10,1,78500.0,6715.33,71784.67,Northeast,1
1265,113,2024-05-07,Completed,13,1,56000.0,3971.6,52028.4,Southwest,4
1266,820,2024-06-19,Completed,12,1,84500.0,4362.79,80137.21,Midwest,3
1267,1047,2024-05-02,Completed,4,2,93000.0,3364.9,89635.1,Southwest,6
1268,367,2024-05-25,Completed,3,1,34000.0,2736.63,31263.37,Southwest,4
1269,150,2024-05-15,Completed,3,1,34000.0,2865.86,31134.14,Southwest,4
1270,1431,2024-05-05,Completed,2,1,37500.0,1927.61,35572.39,Northeast,1
1271,180,2024-05-18,Completed,5,1,42000.0,2278.27,39721.73,Southeast,2
1272,636,2024-04-29,Cancelled,9,1,44000.0,3999.43,40000.57,Southeast,6
1273,249,2024-05-11,Completed,19,1,49500.0,2897.73,46602.27,West,5
1274,275,2024-04-16,Completed,17,1,38500.0,1519.44,36980.56,Midwest,7
1275,150,2024-05-29,Completed,5,1,42000.0,2198.69,39801.31,Southwest,6
1276,866,2024-05-10,Completed,1,1,28500.0,2593.39,25906.61,Midwest,3
1277,995,2024-04-28,Completed,17,1,38500.0,2558.97,35941.03,Southwest,4
1278,835,2024-06-11,Completed,17,1,38500.0,2440.44,36059.56,Southeast,6
1279,685,2024-06-24,Completed,20,1,62000.0,4992.53,57007.47,Midwest,3
1280,321,2024-04-20,Cancelled,16,1,23000.0,1804.12,21195.88,Midwest,3
1281,580,2024-04-27,Completed,1,1,28500.0,1879.46,26620.54,West,5
1282,1245,2024-05-15,Completed,11,1,69000.0,4119.26,64880.74,West,8
1283,856,2024-06-07,Completed,8,1,21500.0,840.71,20659.29,Southwest,6
1284,425,2024-05-17,Completed,20,1,62000.0,3096.07,58903.93,Midwest,3
1285,709,2024-04-18,Completed,7,1,36500.0,2938.44,33561.56,Southwest,6
1286,1142,2024-05-19,Completed,8,1,21500.0,1516.05,19983.95,Midwest,7
1287,619,2024-04-19,Completed,12,1,84500.0,7800.9,76699.1,Southeast,6
1288,1128,2024-06-25,Completed,7,1,36500.0,2521.48,33978.52,Northeast,1
1289,122,2024-05-07,Completed,1,1,28500.0,1989.75,26510.25,Southwest,6
1290,1164,2024-04-14,Completed,19,1,49500.0,4588.97,44911.03,Northeast,1
1291,322,2024-06-17,Completed,5,1,42000.0,2609.9,39390.1,Northeast,1
1292,1523,2024-04-05,Cancelled,8,1,21500.0,1853.02,19646.98,Midwest,3
1293,210,2024-04-06,Completed,17,1,38500.0,3312.94,35187.06,Southeast,2
1294,1580,2024-06-14,Completed,6,1,31000.0,2265.89,28734.11,West,8
1295,31,2024-05-09,Cancelled,5,1,42000.0,1873.38,40126.62,Southeast,2
1296,508,2024-05-30,Completed,2,1,37500.0,1821.82,35678.18,Southeast,2
1297,1238,2024-05-04,Completed,15,1,54500.0,4096.88,50403.12,Southwest,6
1298,1189,2024-04-16,Completed,20,1,62000.0,2635.72,59364.28,Southeast,6
1299,463,2024-05-08,Completed,2,1,37500.0,1522.28,35977.72,West,5
1300,238,2024-04-21,Completed,15,1,54500.0,4765.07,49734.93,Southeast,6
1301,436,2024-05-29,Completed,4,1,46500.0,2360.37,44139.63,Southwest,6
1302,549,2024-06-16,Returned,1,1,28500.0,1364.8,27135.2,Southwest,6
1303,1451,2024-05-02,Completed,20,1,62000.0,3244.82,58755.18,Southeast,6
1304,134,2024-05-28,Completed,15,1,54500.0,3727.32,50772.68,Southwest,6
1305,1319,2024-06-08,Completed,14,1,48500.0,3987.1,44512.9,Northeast,1
1306,1228,2024-06-06,Completed,11,1,69000.0,5623.08,63376.92,Southwest,6
1307,934,2024-04-04,Completed,16,1,23000.0,810.42,22189.58,Midwest,7
1308,227,2024-05-27,Completed,19,1,49500.0,1951.94,47548.06,West,8
1309,177,2024-05-05,Completed,19,1,49500.0,4138.66,45361.34,Midwest,7
1310,767,2024-06-29,Returned,6,1,31000.0,1510.59,29489.41,Southeast,6
1311,1200,2024-05-10,Completed,11,1,69000.0,4007.77,64992.23,Southwest,6
1312,243,2024-05-01,Completed,11,1,69000.0,3671.24,65328.76,Southwest,4
1313,1078,2024-06-11,Cancelled,13,1,56000.0,4842.28,51157.72,Northeast,1
1314,1360,2024-05-20,Returned,3,1,34000.0,2620.64,31379.36,Midwest,3
1315,882,2024-05-27,Completed,1,1,28500.0,1619.66,26880.34,Midwest,7
1316,695,2024-04-16,Completed,1,1,28500.0,1669.87,26830.13,Southeast,2
1317,1323,2024-06-24,Completed,11,1,69000.0,3907.96,65092.04,Northeast,1
1318,810,2024-04-13,Completed,13,1,56000.0,5164.65,50835.35,Northeast,1
1319,110,2024-04-23,Completed,1,1,28500.0,2137.74,26362.26,West,5
1320,1580,2024-05-29,Completed,16,1,23000.0,1669.98,21330.02,West,5
1321,1174,2024-06-25,Completed,12,1,84500.0,6831.8,77668.2,West,8
1322,955,2024-06-07,Returned,19,1,49500.0,2460.19,47039.81,West,8
1323,287,2024-06-07,Completed,1,1,28500.0,1362.28,27137.72,Southwest,6
1324,319,2024-04-29,Completed,4,1,46500.0,2357.92,44142.08,Midwest,7
1325,1513,2024-05-26,Completed,3,1,34000.0,2644.55,31355.45,Northeast,1
1326,1234,2024-04-23,Completed,8,1,21500.0,1347.31,20152.69,Northeast,1
1327,571,2024-05-09,Completed,4,3,139500.0,12597.93,126902.07,Southwest,6
1328,48,2024-04-29,Completed,17,1,38500.0,1404.15,37095.85,Northeast,1
1329,1598,2024-06-29,Completed,9,1,44000.0,3149.74,40850.26,West,8
1330,959,2024-05-20,Completed,4,1,46500.0,2778.25,43721.75,Midwest,7
1331,706,2024-04-23,Cancelled,20,1,62000.0,4362.71,57637.29,Southeast,6
1332,736,2024-04-26,Completed,16,1,23000.0,1981.75,21018.25,Southeast,6
1333,934,2024-06-26,Completed,1,1,28500.0,2212.43,26287.57,Midwest,7
1334,329,2024-06-11,Completed,1,1,28500.0,2359.49,26140.51,Northeast,1
1335,458,2024-04-18,Completed,18,4,328000.0,14850.88,313149.12,West,8
1336,377,2024-06-09,Completed,1,1,28500.0,1226.19,27273.81,Southwest,6
1337,881,2024-06-02,Completed,7,1,36500.0,2655.52,33844.48,Northeast,1
1338,166,2024-04-03,Completed,1,1,28500.0,1193.85,27306.15,West,8
1339,276,2024-04-02,Completed,3,1,34000.0,1847.37,32152.63,Midwest,3
1340,1177,2024-05-13,Completed,3,1,34000.0,2076.87,31923.13,Southwest,4
1341,1144,2024-06-18,Completed,8,1,21500.0,1624.62,19875.38,Southwest,4
1342,541,2024-04-13,Completed,1,2,57000.0,4340.34,52659.66,Midwest,7
1343,606,2024-06-28,Completed,12,1,84500.0,2988.28,81511.72,Southeast,6
1344,328,2024-06-30,Completed,14,1,48500.0,3723.77,44776.23,West,5
1345,1461,2024-04-08,Completed,5,1,42000.0,3977.55,38022.45,Midwest,7
1346,655,2024-04-21,Completed,14,1,48500.0,4126.84,44373.16,Northeast,1
1347,1093,2024-05-01,Completed,17,1,38500.0,1363.65,37136.35,Southeast,6
1348,673,2024-05-18,Completed,10,1,78500.0,5859.64,72640.36,Southeast,2
1349,181,2024-06-03,Completed,2,1,37500.0,1736.33,35763.67,West,5
1350,1399,2024-05-12,Completed,3,1,34000.0,3224.53,30775.47,Southwest,6
1351,344,2024-05-15,Completed,6,1,31000.0,1301.29,29698.71,Northeast,1
1352,1302,2024-04-17,Completed,11,1,69000.0,4552.13,64447.87,Midwest,3
1353,982,2024-06-17,Completed,19,1,49500.0,4357.55,45142.45,Northeast,1
1354,995,2024-04-28,Completed,15,1,54500.0,4791.41,49708.59,Southwest,4
1355,529,2024-06-09,Completed,15,1,54500.0,5076.64,49423.36,Southwest,4
1356,1491,2024-06-14,Completed,13,1,56000.0,2958.55,53041.45,West,8
1357,278,2024-04-22,Completed,13,1,56000.0,4111.24,51888.76,Northeast,1
1358,1057,2024-05-04,Completed,11,1,69000.0,6367.89,62632.11,Southeast,2
1359,854,2024-06-26,Completed,18,1,82000.0,3224.45,78775.55,Northeast,1
1360,1407,2024-06-23,Completed,15,1,54500.0,3430.31,51069.69,Southeast,2
1361,321,2024-04-28,Completed,3,1,34000.0,1592.64,32407.36,Midwest,7
1362,89,2024-05-13,Completed,15,1,54500.0,2640.66,51859.34,Southwest,4
1363,923,2024-04-16,Completed,5,1,42000.0,2131.45,39868.55,Southeast,2
1364,1199,2024-05-13,Completed,8,1,21500.0,1668.87,19831.13,Southeast,6
1365,151,2024-04-15,Completed,4,1,46500.0,4346.01,42153.99,Southwest,6
1366,1358,2024-06-10,Completed,12,1,84500.0,7807.22,76692.78,Southwest,4
1367,1109,2024-04-20,Completed,13,1,56000.0,4164.88,51835.12,West,8
1368,664,2024-05-03,Completed,11,1,69000.0,4818.82,64181.18,Southeast,6
1369,444,2024-06-26,Completed,4,1,46500.0,2009.45,44490.55,Southwest,4
1370,501,2024-06-28,Completed,7,1,36500.0,2103.19,34396.81,Midwest,3
1371,1386,2024-05-18,Completed,1,1,28500.0,1175.65,27324.35,West,5
1372,428,2024-04-27,Completed,9,1,44000.0,2356.65,41643.35,Southeast,6
1373,1405,2024-06-10,Completed,8,1,21500.0,1726.33,19773.67,Northeast,1
1374,551,2024-04-29,Completed,14,1,48500.0,1820.08,46679.92,Southeast,2
1375,1147,2024-05-11,Completed,7,1,36500.0,2887.89,33612.11,West,8
1376,1531,2024-06-06,Cancelled,15,1,54500.0,5046.65,49453.35,Southwest,4
1377,1031,2024-06-30,Completed,3,1,34000.0,2987.32,31012.68,Southwest,4
1378,736,2024-05-27,Completed,11,1,69000.0,3147.3,65852.7,Southeast,6
1379,559,2024-06-29,Completed,9,1,44000.0,2803.38,41196.62,West,5
1380,817,2024-06-09,Completed,17,1,38500.0,1489.1,37010.9,Southeast,2
1381,1010,2024-04-01,Completed,3,1,34000.0,2506.77,31493.23,Northeast,1
1382,1314,2024-06-28,Returned,13,1,56000.0,3230.08,52769.92,Southeast,6
1383,740,2024-04-18,Completed,5,1,42000.0,2410.16,39589.84,West,5
1384,1418,2024-05-27,Completed,15,1,54500.0,3216.76,51283.24,Southwest,4
1385,461,2024-04-08,Completed,11,2,138000.0,7918.36,130081.64,West,8
1386,105,2024-04-09,Completed,14,1,48500.0,1845.9,46654.1,West,8
1387,1406,2024-06-12,Completed,8,1,21500.0,1659.8,19840.2,Southeast,2
1388,1328,2024-06-17,Completed,14,2,97000.0,7257.22,89742.78,Midwest,3
1389,786,2024-04-22,Completed,14,1,48500.0,3677.63,44822.37,Southwest,6
1390,1393,2024-05-27,Completed,12,1,84500.0,3428.58,81071.42,Northeast,1
1391,1580,2024-05-21,Completed,16,1,23000.0,1643.94,21356.06,West,5
1392,96,2024-05-09,Completed,12,1,84500.0,5598.79,78901.21,Southeast,6
1393,351,2024-05-14,Completed,10,1,78500.0,6206.86,72293.14,Northeast,1
1394,650,2024-05-18,Completed,15,1,54500.0,4316.3,50183.7,Northeast,1
1395,1048,2024-05-23,Completed,12,1,84500.0,6345.84,78154.16,West,5
1396,930,2024-04-07,Completed,15,1,54500.0,2556.79,51943.21,Southwest,4
1397,275,2024-06-03,Completed,1,1,28500.0,2453.67,26046.33,Midwest,3
1398,578,2024-04-09,Completed,14,1,48500.0,3469.25,45030.75,Midwest,7
1399,1398,2024-06-10,Completed,16,1,23000.0,2166.6,20833.4,Southeast,2
1400,371,2024-04-19,Completed,14,1,48500.0,2995.4,45504.6,Northeast,1
1401,1431,2024-05-08,Cancelled,15,1,54500.0,4387.77,50112.23,Northeast,1
1402,437,2024-06-14,Completed,7,1,36500.0,3227.74,33272.26,Southwest,6
1403,511,2024-05-03,Completed,9,1,44000.0,1611.85,42388.15,Southwest,6
1404,839,2024-05-23,Completed,18,1,82000.0,6822.32,75177.68,Southeast,2
1405,476,2024-06-18,Completed,4,1,46500.0,2684.26,43815.74,Northeast,1
1406,1008,2024-06-26,Completed,3,1,34000.0,2285.27,31714.73,Southeast,2
1407,943,2024-04-14,Completed,1,1,28500.0,1838.04,26661.96,Southeast,6
1408,1046,2024-05-15,Completed,7,1,36500.0,2156.43,34343.57,West,8
1409,1072,2024-04-22,Completed,15,1,54500.0,3154.11,51345.89,Midwest,7
1410,1091,2024-04-21,Completed,8,2,43000.0,1597.88,41402.12,Midwest,3
1411,35,2024-04-27,Completed,7,1,36500.0,3177.24,33322.76,Southeast,6
1412,1439,2024-05-25,Completed,11,3,207000.0,9557.01,197442.99,Southeast,6
1413,464,2024-06-01,Completed,17,1,38500.0,2358.43,36141.57,Midwest,3
1414,984,2024-06-21,Completed,4,1,46500.0,4112.57,42387.43,Southwest,4
1415,1446,2024-05-14,Completed,4,1,46500.0,4254.34,42245.66,Southwest,4
1416,522,2024-05-10,Completed,1,1,28500.0,2240.36,26259.64,Midwest,7
1417,601,2024-05-29,Cancelled,3,1,34000.0,2037.76,31962.24,Southwest,4
1418,943,2024-05-22,Completed,8,1,21500.0,1433.16,20066.84,Southeast,6
1419,425,2024-06-03,Completed,4,1,46500.0,2125.0,44375.0,Midwest,3
1420,103,2024-04-21,Completed,11,1,69000.0,4827.31,64172.69,Northeast,1
1421,1336,2024-05-12,Completed,8,3,64500.0,5583.6,58916.4,Southeast,2
1422,508,2024-04-19,Completed,12,1,84500.0,5108.69,79391.31,Southeast,6
1423,405,2024-05-29,Completed,5,1,42000.0,2625.13,39374.87,Midwest,7
1424,1272,2024-06-17,Completed,6,1,31000.0,2381.12,28618.88,Midwest,7
1425,1329,2024-05-14,Completed,13,1,56000.0,2410.25,53589.75,Northeast,1
1426,329,2024-04-29,Completed,5,1,42000.0,3332.45,38667.55,Northeast,1
1427,198,2024-05-21,Completed,3,1,34000.0,2434.93,31565.07,Northeast,1
1428,1362,2024-04-06,Completed,5,1,42000.0,2663.43,39336.57,Northeast,1
1429,353,2024-06-27,Completed,15,1,54500.0,2206.91,52293.09,West,8
1430,46,2024-04-30,Completed,3,1,34000.0,1549.1,32450.9,Northeast,1
1431,518,2024-06-01,Completed,3,1,34000.0,2822.97,31177.03,Southwest,4
1432,234,2024-04-12,Cancelled,5,1,42000.0,3897.35,38102.65,Midwest,7
1433,1277,2024-06-16,Completed,4,2,93000.0,5831.18,87168.82,Midwest,3
1434,1269,2024-04-04,Returned,7,1,36500.0,2377.98,34122.02,Northeast,1
1435,1457,2024-06-17,Completed,2,1,37500.0,2167.15,35332.85,Southwest,6
1436,338,2024-06-25,Completed,18,1,82000.0,6447.14,75552.86,Northeast,1
1437,992,2024-06-29,Completed,3,1,34000.0,1213.14,32786.86,Northeast,1
1438,47,2024-04-04,Completed,15,1,54500.0,5132.06,49367.94,Midwest,7
1439,707,2024-05-31,Completed,2,1,37500.0,3171.85,34328.15,Northeast,1
1440,1357,2024-04-27,Completed,16,1,23000.0,2129.36,20870.64,Northeast,1
1441,1175,2024-04-25,Completed,20,1,62000.0,3580.31,58419.69,Northeast,1
1442,1224,2024-06-17,Completed,13,1,56000.0,3294.64,52705.36,Northeast,1
1443,19,2024-06-27,Completed,15,1,54500.0,3804.09,50695.91,Midwest,3
1444,832,2024-04-04,Completed,6,1,31000.0,2079.2,28920.8,Midwest,7
1445,1010,2024-04-01,Completed,6,1,31000.0,1349.38,29650.62,Northeast,1
1446,231,2024-05-11,Completed,4,1,46500.0,3773.84,42726.16,Southwest,6
1447,1149,2024-05-25,Completed,19,1,49500.0,3359.48,46140.52,West,8
1448,847,2024-05-23,Completed,16,1,23000.0,1518.82,21481.18,Southwest,6
1449,707,2024-04-14,Completed,6,1,31000.0,2154.66,28845.34,Northeast,1
1450,758,2024-05-03,Completed,15,1,54500.0,2490.42,52009.58,Northeast,1
1451,407,2024-04-16,Completed,2,3,112500.0,7423.17,105076.83,Southwest,4
1452,1026,2024-04-23,Completed,6,2,62000.0,4971.38,57028.62,Southwest,4
1453,576,2024-06-20,Completed,20,1,62000.0,5323.07,56676.93,Southwest,6
1454,312,2024-06-22,Completed,9,1,44000.0,1935.57,42064.43,Southwest,6
1455,1087,2024-04-27,Completed,4,1,46500.0,2653.24,43846.76,Southwest,4
1456,1059,2024-05-04,Completed,12,1,84500.0,3125.55,81374.45,Northeast,1
1457,341,2024-06-20,Completed,15,1,54500.0,3457.03,51042.97,Southwest,4
1458,255,2024-05-13,Cancelled,7,1,36500.0,1674.42,34825.58,West,8
1459,1520,2024-04-18,Completed,15,1,54500.0,3463.95,51036.05,Midwest,7
1460,1521,2024-05-24,Completed,3,1,34000.0,2512.66,31487.34,Northeast,1
1461,839,2024-05-11,Completed,7,1,36500.0,2483.76,34016.24,Southeast,6
1462,212,2024-04-02,Completed,20,1,62000.0,3226.0,58774.0,Southeast,6
1463,185,2024-05-09,Completed,14,1,48500.0,4180.28,44319.72,West,5
1464,967,2024-04-22,Completed,12,1,84500.0,7314.89,77185.11,Southeast,2
1465,1148,2024-05-31,Cancelled,3,1,34000.0,2676.67,31323.33,Southwest,6
1466,575,2024-06-13,Completed,5,1,42000.0,2481.35,39518.65,Midwest,3
1467,1120,2024-06-02,Completed,11,1,69000.0,6431.08,62568.92,Southeast,6
1468,248,2024-05-31,Completed,11,3,207000.0,10253.76,196746.24,Southeast,2
1469,1171,2024-04-22,Completed,19,1,49500.0,1911.9,47588.1,Northeast,1
1470,740,2024-06-13,Completed,9,1,44000.0,2622.05,41377.95,West,5
1471,504,2024-04-03,Completed,16,1,23000.0,1522.86,21477.14,Northeast,1
1472,1378,2024-05-01,Completed,15,1,54500.0,3330.58,51169.42,Midwest,7
1473,905,2024-05-14,Completed,2,1,37500.0,2372.0,35128.0,West,8
1474,188,2024-05-15,Completed,11,1,69000.0,5580.92,63419.08,Southeast,2
1475,524,2024-05-20,Completed,6,1,31000.0,2857.64,28142.36,Southwest,6
1476,466,2024-04-06,Completed,7,1,36500.0,2225.07,34274.93,West,5
1477,1297,2024-04-26,Completed,11,1,69000.0,6486.46,62513.54,Southwest,6
1478,1497,2024-05-26,Completed,11,1,69000.0,3884.5,65115.5,West,5
1479,1188,2024-04-24,Completed,4,1,46500.0,1726.11,44773.89,Southwest,6
1480,1354,2024-04-05,Completed,4,1,46500.0,2278.19,44221.81,West,5
1481,26,2024-06-10,Completed,9,1,44000.0,2766.91,41233.09,Northeast,1
1482,1446,2024-05-08,Completed,5,1,42000.0,3566.64,38433.36,Southwest,6
1483,1289,2024-04-27,Cancelled,16,1,23000.0,1078.54,21921.46,Southwest,6
1484,1139,2024-04-17,Completed,4,1,46500.0,3867.28,42632.72,Midwest,7
1485,488,2024-06-28,Completed,4,1,46500.0,3284.38,43215.62,Midwest,7
1486,1509,2024-05-21,Completed,8,1,21500.0,1618.21,19881.79,West,8
1487,506,2024-06-26,Completed,11,1,69000.0,5413.02,63586.98,Southwest,4
1488,87,2024-04-22,Completed,13,1,56000.0,2773.17,53226.83,Northeast,1
1489,1413,2024-04-01,Completed,16,1,23000.0,1199.68,21800.32,Southwest,6
1490,958,2024-04-12,Completed,7,1,36500.0,2110.07,34389.93,Southeast,2
1491,926,2024-08-06,Cancelled,6,1,31000.0,2722.72,28277.28,West,8
1492,620,2024-07-05,Cancelled,18,1,82000.0,13285.4,68714.6,Southeast,2
1493,1548,2024-08-22,Completed,16,1,23000.0,2948.46,20051.54,West,5
1494,1263,2024-07-08,Completed,1,1,28500.0,3162.59,25337.41,Southeast,6
1495,1466,2024-09-01,Completed,5,1,42000.0,4247.03,37752.97,Southwest,6
1496,1173,2024-07-17,Completed,1,1,28500.0,3264.7,25235.3,Southeast,6
1497,959,2024-08-26,Completed,1,1,28500.0,3538.69,24961.31,Midwest,3
1498,1321,2024-09-04,Completed,12,1,84500.0,14077.76,70422.24,West,5
1499,230,2024-09-15,Completed,3,1,34000.0,3275.57,30724.43,Midwest,3
1500,782,2024-08-23,Completed,9,1,44000.0,5688.44,38311.56,West,5
1501,168,2024-07-16,Completed,14,1,48500.0,3873.4,44626.6,Southeast,6
1502,1438,2024-09-29,Completed,11,1,69000.0,10696.8,58303.2,Southwest,4
1503,822,2024-09-30,Completed,1,1,28500.0,3531.02,24968.98,West,8
1504,64,2024-07-14,Completed,2,1,37500.0,4737.53,32762.47,West,8
1505,1164,2024-09-15,Completed,19,1,49500.0,4056.83,45443.17,Northeast,1
1506,167,2024-08-22,Completed,17,1,38500.0,3887.96,34612.04,Northeast,1
1507,1144,2024-09-29,Returned,18,1,82000.0,16904.48,65095.52,Southwest,4
1508,566,2024-07-29,Completed,4,1,46500.0,5095.9,41404.1,West,5
1509,1070,2024-08-30,Completed,18,1,82000.0,11652.64,70347.36,Southeast,2
1510,122,2024-07-05,Completed,20,1,62000.0,6851.9,55148.1,Southwest,4
1511,1318,2024-09-09,Completed,3,1,34000.0,3655.77,30344.23,Southeast,2
1512,309,2024-07-08,Completed,4,1,46500.0,5693.59,40806.41,Southwest,6
1513,1593,2024-09-20,Completed,18,1,82000.0,10613.46,71386.54,Northeast,1
1514,1590,2024-08-21,Completed,4,1,46500.0,6114.08,40385.92,Northeast,1
1515,210,2024-09-27,Completed,9,1,44000.0,3400.69,40599.31,Southeast,2
1516,1516,2024-07-02,Completed,6,1,31000.0,4015.15,26984.85,Midwest,7
1517,998,2024-09-12,Completed,6,1,31000.0,3456.6,27543.4,West,8
1518,1382,2024-08-10,Completed,18,1,82000.0,12177.72,69822.28,Southeast,2
1519,962,2024-09-19,Completed,20,1,62000.0,7150.94,54849.06,Midwest,7
1520,793,2024-07-16,Completed,5,1,42000.0,5087.19,36912.81,Southeast,6
1521,1218,2024-08-21,Completed,18,1,82000.0,16554.18,65445.82,Southwest,4
1522,605,2024-09-01,Completed,1,1,28500.0,2245.07,26254.93,Midwest,7
1523,70,2024-08-13,Completed,1,1,28500.0,2686.46,25813.54,Southwest,6
1524,17,2024-08-13,Completed,12,1,84500.0,17354.21,67145.79,Northeast,1
1525,634,2024-09-18,Completed,3,1,34000.0,4030.23,29969.77,Midwest,3
1526,154,2024-09-28,Completed,1,2,57000.0,7036.46,49963.54,Northeast,1
1527,310,2024-09-14,Completed,14,1,48500.0,4521.37,43978.63,West,5
1528,1159,2024-09-01,Completed,17,1,38500.0,3074.17,35425.83,Northeast,1
1529,1546,2024-09-05,Completed,17,3,115500.0,13369.92,102130.08,West,8
1530,1092,2024-09-03,Completed,15,1,54500.0,7331.8,47168.2,Southwest,4
1531,1079,2024-07-09,Completed,14,1,48500.0,5841.03,42658.97,Southwest,6
1532,969,2024-07-21,Completed,14,1,48500.0,4742.4,43757.6,Southeast,2
1533,834,2024-08-27,Completed,12,1,84500.0,11550.69,72949.31,West,5
1534,1342,2024-09-29,Completed,1,1,28500.0,3576.29,24923.71,Southwest,4
1535,729,2024-08-05,Completed,3,1,34000.0,4158.45,29841.55,West,8
1536,743,2024-08-31,Completed,8,1,21500.0,1905.44,19594.56,Northeast,1
1537,1297,2024-07-06,Completed,5,1,42000.0,3892.12,38107.88,Southwest,6
1538,1456,2024-09-04,Completed,5,1,42000.0,3441.32,38558.68,Southeast,2
1539,93,2024-08-06,Completed,19,1,49500.0,4338.15,45161.85,Midwest,3
1540,424,2024-07-02,Completed,4,1,46500.0,6223.26,40276.74,Southeast,2
1541,216,2024-07-03,Cancelled,12,1,84500.0,11769.35,72730.65,Southeast,6
1542,1321,2024-07-24,Completed,11,1,69000.0,10723.64,58276.36,West,8
1543,1227,2024-09-29,Completed,4,1,46500.0,5860.36,40639.64,Midwest,7
1544,67,2024-09-23,Returned,9,1,44000.0,4733.73,39266.27,Northeast,1
1545,1152,2024-09-13,Completed,3,1,34000.0,4521.84,29478.16,Midwest,7
1546,181,2024-08-29,Completed,9,1,44000.0,5167.85,38832.15,West,5
1547,741,2024-09-13,Completed,18,1,82000.0,15725.91,66274.09,Northeast,1
1548,1389,2024-08-22,Completed,19,1,49500.0,5187.24,44312.76,Southeast,6
1549,1360,2024-07-10,Completed,8,1,21500.0,2900.46,18599.54,Midwest,7
1550,1392,2024-07-17,Completed,16,1,23000.0,2897.34,20102.66,Midwest,3
1551,1535,2024-08-09,Completed,4,1,46500.0,6198.88,40301.12,Midwest,3
1552,200,2024-09-06,Completed,16,1,23000.0,2255.57,20744.43,Southwest,6
1553,55,2024-07-29,Completed,13,1,56000.0,5726.08,50273.92,Northeast,1
1554,939,2024-07-16,Completed,4,1,46500.0,4339.99,42160.01,Midwest,3
1555,1542,2024-07-14,Completed,13,1,56000.0,5416.02,50583.98,Midwest,3
1556,956,2024-09-25,Completed,14,1,48500.0,4235.8,44264.2,Southwest,6
1557,1239,2024-09-06,Completed,16,1,23000.0,2001.64,20998.36,Northeast,1
1558,115,2024-08-05,Completed,8,1,21500.0,1806.49,19693.51,West,8
1559,794,2024-08-26,Completed,8,1,21500.0,1946.98,19553.02,West,8
1560,1327,2024-08-02,Completed,2,1,37500.0,4425.53,33074.47,Southeast,2
1561,1074,2024-09-25,Completed,12,1,84500.0,12080.87,72419.13,West,8
1562,768,2024-08-31,Completed,5,1,42000.0,3694.1,38305.9,West,8
1563,1517,2024-08-18,Completed,17,1,38500.0,2986.6,35513.4,Southeast,2
1564,792,2024-08-05,Completed,4,1,46500.0,5749.63,40750.37,West,5
1565,1191,2024-09-07,Completed,7,1,36500.0,3180.08,33319.92,Midwest,7
1566,995,2024-08-01,Completed,4,1,46500.0,5674.28,40825.72,Southwest,6
1567,44,2024-07-07,Completed,6,1,31000.0,3493.61,27506.39,Northeast,1
1568,946,2024-08-03,Completed,9,1,44000.0,4973.36,39026.64,West,5
1569,1446,2024-09-22,Completed,9,2,88000.0,7710.78,80289.22,Southwest,6
1570,887,2024-09-06,Completed,15,1,54500.0,4285.21,50214.79,Southwest,4
1571,27,2024-07-17,Cancelled,12,1,84500.0,15962.95,68537.05,Midwest,3
1572,1035,2024-08-12,Completed,1,1,28500.0,2974.17,25525.83,Southeast,2
1573,1560,2024-08-28,Completed,10,1,78500.0,13453.64,65046.36,Southwest,4
1574,1390,2024-09-23,Completed,1,1,28500.0,2635.2,25864.8,Midwest,3
1575,1037,2024-08-27,Completed,4,1,46500.0,5337.88,41162.12,Midwest,7
1576,548,2024-08-04,Completed,18,1,82000.0,14301.55,67698.45,Midwest,3
1577,1280,2024-07-20,Completed,2,1,37500.0,3091.95,34408.05,Northeast,1
1578,339,2024-07-03,Cancelled,19,1,49500.0,4776.4,44723.6,West,8
1579,241,2024-09-15,Completed,12,1,84500.0,13799.25,70700.75,Southeast,2
1580,441,2024-09-19,Completed,3,1,34000.0,3689.19,30310.81,Southeast,2
1581,943,2024-09-05,Completed,4,1,46500.0,5668.62,40831.38,Southeast,2
1582,995,2024-08-15,Completed,12,1,84500.0,16188.1,68311.9,Southwest,4
1583,385,2024-09-07,Completed,15,1,54500.0,6933.51,47566.49,Midwest,7
1584,957,2024-08-16,Completed,14,1,48500.0,5889.86,42610.14,Southwest,4
1585,537,2024-08-12,Completed,17,1,38500.0,3935.04,34564.96,Northeast,1
1586,279,2024-07-04,Completed,9,1,44000.0,4060.6,39939.4,Southeast,2
1587,1585,2024-09-15,Completed,12,2,169000.0,31601.1,137398.9,Southeast,2
1588,1010,2024-09-19,Completed,9,1,44000.0,4282.35,39717.65,Northeast,1
1589,1261,2024-08-31,Completed,2,1,37500.0,2850.81,34649.19,Southeast,6
1590,1474,2024-08-29,Completed,4,1,46500.0,4704.99,41795.01,Southeast,6
1591,883,2024-07-22,Completed,13,1,56000.0,6858.55,49141.45,Midwest,3
1592,232,2024-08-06,Completed,4,3,139500.0,11326.44,128173.56,West,5
1593,689,2024-08-15,Completed,19,1,49500.0,4792.19,44707.81,West,5
1594,1566,2024-09-28,Completed,7,1,36500.0,3852.15,32647.85,Midwest,7
1595,1013,2024-09-30,Completed,19,1,49500.0,5733.56,43766.44,West,5
1596,141,2024-09-26,Cancelled,7,3,109500.0,11651.97,97848.03,Southwest,6
1597,857,2024-09-09,Completed,6,1,31000.0,2705.57,28294.43,Southwest,6
1598,88,2024-08-01,Completed,1,1,28500.0,3281.68,25218.32,Midwest,7
1599,581,2024-07-28,Completed,19,1,49500.0,5048.39,44451.61,Midwest,7
1600,613,2024-07-02,Completed,9,1,44000.0,3544.74,40455.26,Midwest,7
1601,843,2024-08-09,Completed,18,1,82000.0,12629.35,69370.65,Southeast,6
1602,620,2024-08-26,Completed,9,1,44000.0,4908.77,39091.23,Southeast,6
1603,686,2024-09-11,Completed,5,1,42000.0,5192.14,36807.86,West,8
1604,1195,2024-09-19,Completed,18,1,82000.0,16689.68,65310.32,Northeast,1
1605,373,2024-09-23,Completed,5,1,42000.0,4602.88,37397.12,Southeast,2
1606,1585,2024-08-29,Completed,13,1,56000.0,6469.65,49530.35,Southeast,6
1607,672,2024-08-03,Completed,19,1,49500.0,4856.08,44643.92,Southeast,6
1608,1387,2024-09-03,Completed,1,1,28500.0,2230.03,26269.97,Southeast,2
1609,340,2024-09-16,Completed,15,1,54500.0,4206.6,50293.4,Northeast,1
1610,908,2024-07-20,Completed,9,1,44000.0,4503.61,39496.39,Northeast,1
1611,1347,2024-08-14,Completed,1,1,28500.0,2719.47,25780.53,Midwest,3
1612,1454,2024-07-24,Completed,19,1,49500.0,5199.59,44300.41,Southeast,6
1613,1501,2024-07-27,Completed,2,1,37500.0,4882.71,32617.29,Northeast,1
1614,1341,2024-08-04,Completed,16,1,23000.0,2992.26,20007.74,West,8
1615,1271,2024-07-24,Completed,4,1,46500.0,5724.45,40775.55,Northeast,1
1616,23,2024-08-16,Completed,12,1,84500.0,13500.26,70999.74,West,8
1617,490,2024-08-06,Completed,5,1,42000.0,3260.19,38739.81,Northeast,1
1618,848,2024-07-06,Completed,20,1,62000.0,5913.88,56086.12,West,5
1619,830,2024-07-07,Completed,8,1,21500.0,1686.6,19813.4,Southwest,6
1620,654,2024-08-24,Completed,8,1,21500.0,1710.56,19789.44,Midwest,3
1621,385,2024-08-16,Completed,11,1,69000.0,10807.38,58192.62,Midwest,7
1622,115,2024-08-12,Completed,19,1,49500.0,5440.09,44059.91,West,5
1623,678,2024-09-19,Completed,4,1,46500.0,5087.67,41412.33,Southeast,2
1624,1596,2024-09-08,Completed,2,2,75000.0,8355.56,66644.44,Northeast,1
1625,1434,2024-09-29,Completed,5,1,42000.0,4322.96,37677.04,Southwest,4
1626,22,2024-07-13,Completed,9,1,44000.0,4463.81,39536.19,Northeast,1
1627,1105,2024-08-30,Completed,8,1,21500.0,2295.15,19204.85,West,8
1628,1586,2024-07-31,Cancelled,11,1,69000.0,9997.37,59002.63,West,8
1629,1000,2024-09-09,Completed,12,1,84500.0,16032.46,68467.54,Midwest,3
1630,685,2024-07-20,Completed,11,1,69000.0,12808.34,56191.66,Midwest,7
1631,227,2024-08-24,Completed,12,1,84500.0,15256.76,69243.24,West,8
1632,452,2024-09-16,Completed,7,1,36500.0,2744.57,33755.43,Midwest,7
1633,279,2024-07-07,Completed,16,1,23000.0,2677.61,20322.39,Southeast,2
1634,951,2024-08-05,Completed,3,1,34000.0,3336.82,30663.18,Southwest,4
1635,1302,2024-09-01,Completed,5,1,42000.0,4648.46,37351.54,Midwest,3
1636,1513,2024-08-21,Completed,10,1,78500.0,14925.51,63574.49,Northeast,1
1637,1480,2024-08-04,Completed,13,1,56000.0,4835.5,51164.5,West,5
1638,489,2024-09-02,Completed,12,1,84500.0,16170.57,68329.43,Northeast,1
1639,1253,2024-08-14,Completed,7,1,36500.0,2872.36,33627.64,Southeast,6
1640,1179,2024-08-23,Completed,7,1,36500.0,3199.19,33300.81,Northeast,1
1641,978,2024-09-06,Completed,5,2,84000.0,10549.24,73450.76,West,5
1642,125,2024-07-16,Completed,12,1,84500.0,13752.03,70747.97,Southwest,4
1643,943,2024-07-11,Completed,17,1,38500.0,3884.27,34615.73,Southeast,2
1644,988,2024-08-10,Completed,14,1,48500.0,5077.8,43422.2,Southwest,4
1645,1030,2024-07-27,Completed,3,2,68000.0,5380.34,62619.66,Northeast,1
1646,386,2024-07-05,Completed,13,1,56000.0,6187.52,49812.48,Northeast,1
1647,944,2024-09-07,Completed,1,1,28500.0,3516.76,24983.24,Northeast,1
1648,139,2024-07-08,Completed,5,1,42000.0,5312.43,36687.57,Southeast,6
1649,1035,2024-07-01,Completed,18,1,82000.0,15763.32,66236.68,Southeast,2
1650,1030,2024-07-27,Completed,3,2,68000.0,5511.04,62488.96,Northeast,1
1651,1408,2024-08-06,Completed,6,1,31000.0,3039.89,27960.11,Northeast,1
1652,798,2024-08-13,Completed,13,1,56000.0,6537.78,49462.22,Midwest,3
1653,128,2024-08-05,Completed,18,1,82000.0,16410.09,65589.91,Southwest,6
1654,1585,2024-07-07,Completed,13,1,56000.0,4838.02,51161.98,Southeast,6
1655,86,2024-07-09,Completed,20,1,62000.0,5905.26,56094.74,Southeast,2
1656,1224,2024-07-02,Completed,3,1,34000.0,3220.63,30779.37,Northeast,1
1657,1442,2024-07-22,Completed,6,1,31000.0,3697.17,27302.83,Southwest,4
1658,1245,2024-09-12,Completed,6,1,31000.0,2535.0,28465.0,West,5
1659,583,2024-07-25,Completed,6,1,31000.0,3091.67,27908.33,Southeast,2
1660,630,2024-09-21,Completed,20,1,62000.0,6560.18,55439.82,West,8
1661,1369,2024-07-16,Completed,11,1,69000.0,14492.16,54507.84,Southeast,6
1662,667,2024-09-22,Completed,5,1,42000.0,3496.23,38503.77,Midwest,7
1663,516,2024-07-17,Completed,7,1,36500.0,4801.95,31698.05,Midwest,3
1664,918,2024-08-26,Completed,9,1,44000.0,3378.24,40621.76,West,5
1665,1023,2024-08-08,Completed,16,1,23000.0,2916.3,20083.7,Southeast,6
1666,1189,2024-09-28,Completed,3,1,34000.0,2588.09,31411.91,Southeast,6
1667,1365,2024-07-09,Completed,20,1,62000.0,6854.51,55145.49,Southwest,4
1668,1130,2024-09-28,Completed,6,1,31000.0,3803.77,27196.23,Southeast,2
1669,82,2024-09-05,Completed,8,1,21500.0,2066.94,19433.06,Northeast,1
1670,1215,2024-08-24,Completed,4,1,46500.0,3713.14,42786.86,Midwest,3
1671,881,2024-09-22,Completed,18,1,82000.0,14683.56,67316.44,Northeast,1
1672,487,2024-07-17,Completed,10,1,78500.0,10103.21,68396.79,Southwest,4
1673,690,2024-08-17,Completed,3,1,34000.0,4216.95,29783.05,Midwest,3
1674,1442,2024-07-15,Completed,19,1,49500.0,4008.02,45491.98,Southwest,6
1675,248,2024-09-16,Completed,3,2,68000.0,7104.24,60895.76,Southeast,2
1676,407,2024-07-06,Completed,17,3,115500.0,9857.85,105642.15,Southwest,4
1677,1397,2024-09-25,Completed,11,1,69000.0,14200.77,54799.23,Southeast,2
1678,422,2024-07-10,Completed,8,1,21500.0,2890.29,18609.71,Northeast,1
1679,1191,2024-08-12,Completed,18,1,82000.0,12829.21,69170.79,Midwest,3
1680,156,2024-07-06,Completed,9,1,44000.0,3362.66,40637.34,Southeast,2
1681,1314,2024-08-30,Completed,7,1,36500.0,3139.84,33360.16,Southeast,6
1682,629,2024-07-28,Completed,5,1,42000.0,3413.27,38586.73,Southwest,4
1683,684,2024-07-15,Completed,15,1,54500.0,5955.4,48544.6,Northeast,1
1684,1002,2024-07-17,Completed,6,1,31000.0,3777.85,27222.15,Midwest,7
1685,952,2024-07-28,Completed,3,3,102000.0,8954.07,93045.93,Midwest,3
1686,1138,2024-07-29,Completed,5,1,42000.0,4010.79,37989.21,Midwest,3
1687,83,2024-08-09,Completed,8,1,21500.0,2420.53,19079.47,Southeast,6
1688,1476,2024-07-31,Completed,6,1,31000.0,2843.81,28156.19,Midwest,3
1689,862,2024-07-30,Completed,18,1,82000.0,12676.45,69323.55,Midwest,3
1690,714,2024-08-15,Completed,15,1,54500.0,6558.84,47941.16,Midwest,7
1691,1204,2024-09-06,Completed,4,2,93000.0,10969.2,82030.8,Midwest,3
1692,1557,2024-09-18,Completed,3,1,34000.0,4563.82,29436.18,Southeast,6
1693,48,2024-07-13,Completed,10,1,78500.0,12911.0,65589.0,Northeast,1
1694,849,2024-09-02,Completed,8,1,21500.0,1760.82,19739.18,Southwest,4
1695,97,2024-08-11,Completed,14,1,48500.0,5556.98,42943.02,Southwest,4
1696,1392,2024-09-15,Completed,2,1,37500.0,3293.53,34206.47,Midwest,7
1697,46,2024-07-21,Completed,17,1,38500.0,3167.5,35332.5,Northeast,1
1698,732,2024-07-11,Completed,16,3,69000.0,5576.16,63423.84,Midwest,3
1699,943,2024-07-31,Completed,9,1,44000.0,3822.22,40177.78,Southeast,6
1700,1126,2024-07-27,Completed,13,1,56000.0,4581.5,51418.5,Southwest,4
1701,619,2024-07-27,Cancelled,5,1,42000.0,3594.87,38405.13,Southeast,6
1702,501,2024-08-26,Completed,15,1,54500.0,5282.81,49217.19,Midwest,7
1703,641,2024-07-14,Completed,14,1,48500.0,5445.12,43054.88,Midwest,7
1704,649,2024-08-10,Completed,11,1,69000.0,10036.2,58963.8,West,8
1705,1215,2024-07-25,Completed,4,1,46500.0,4457.9,42042.1,Midwest,3
1706,181,2024-09-30,Completed,12,1,84500.0,16322.8,68177.2,West,5
1707,1009,2024-09-29,Completed,8,1,21500.0,1939.01,19560.99,Midwest,7
1708,792,2024-07-07,Completed,11,1,69000.0,14102.53,54897.47,West,8
1709,1152,2024-07-30,Completed,6,1,31000.0,3536.95,27463.05,Midwest,7
1710,1236,2024-08-16,Completed,7,1,36500.0,2940.25,33559.75,Southwest,4
1711,214,2024-08-16,Completed,10,3,235500.0,36385.47,199114.53,Southeast,2
1712,530,2024-09-04,Completed,19,1,49500.0,6497.86,43002.14,West,8
1713,538,2024-09-11,Completed,11,1,69000.0,12615.9,56384.1,Southeast,6
1714,1395,2024-09-29,Completed,15,1,54500.0,6241.6,48258.4,Southwest,4
1715,428,2024-07-28,Completed,13,1,56000.0,7097.99,48902.01,Southeast,6
1716,751,2024-08-19,Completed,4,1,46500.0,3712.85,42787.15,Northeast,1
1717,269,2024-09-29,Completed,10,1,78500.0,11986.99,66513.01,Southwest,6
1718,559,2024-09-01,Completed,3,1,34000.0,3824.9,30175.1,West,8
1719,443,2024-09-30,Completed,12,1,84500.0,15575.29,68924.71,West,8
1720,1284,2024-07-22,Completed,9,1,44000.0,5817.92,38182.08,Southeast,6
1721,1283,2024-08-30,Completed,19,2,99000.0,10748.02,88251.98,Southeast,6
1722,467,2024-07-30,Completed,4,1,46500.0,6228.41,40271.59,Southeast,2
1723,1372,2024-09-26,Completed,19,1,49500.0,4820.66,44679.34,West,5
1724,979,2024-07-20,Completed,2,1,37500.0,3164.9,34335.1,Midwest,7
1725,1272,2024-07-31,Completed,18,1,82000.0,15519.65,66480.35,Midwest,7
1726,1129,2024-07-02,Completed,17,1,38500.0,4131.27,34368.73,Southeast,2
1727,50,2024-07-16,Completed,2,1,37500.0,3810.83,33689.17,Northeast,1
1728,11,2024-08-13,Completed,12,1,84500.0,12960.7,71539.3,Midwest,7
1729,214,2024-08-27,Completed,4,2,93000.0,8582.22,84417.78,Southeast,2
1730,535,2024-08-21,Completed,7,1,36500.0,4772.16,31727.84,Southeast,2
1731,1391,2024-08-26,Completed,18,1,82000.0,15015.84,66984.16,Northeast,1
1732,879,2024-08-28,Completed,10,1,78500.0,15082.77,63417.23,Northeast,1
1733,225,2024-08-05,Completed,9,1,44000.0,4002.16,39997.84,West,5
1734,797,2024-08-07,Completed,17,1,38500.0,4823.29,33676.71,Northeast,1
1735,702,2024-08-30,Completed,16,1,23000.0,1887.58,21112.42,Southeast,6
1736,1037,2024-08-13,Completed,17,1,38500.0,3693.52,34806.48,Midwest,7
1737,1483,2024-09-13,Completed,1,1,28500.0,3634.54,24865.46,Southeast,6
1738,1007,2024-07-04,Completed,8,1,21500.0,2672.64,18827.36,Northeast,1
1739,904,2024-08-26,Completed,1,1,28500.0,3396.69,25103.31,Northeast,1
1740,65,2024-08-01,Completed,2,1,37500.0,4576.35,32923.65,Northeast,1
1741,782,2024-09-23,Completed,5,1,42000.0,5444.27,36555.73,West,5
1742,1028,2024-08-02,Completed,2,1,37500.0,3148.29,34351.71,West,8
1743,1238,2024-07-14,Completed,9,1,44000.0,4541.13,39458.87,Southwest,6
1744,1074,2024-09-12,Completed,19,1,49500.0,6139.55,43360.45,West,8
1745,593,2024-09-23,Completed,17,1,38500.0,3484.79,35015.21,Northeast,1
1746,1029,2024-08-19,Completed,19,1,49500.0,6200.84,43299.16,Northeast,1
1747,971,2024-08-21,Completed,14,1,48500.0,4757.46,43742.54,Southeast,6
1748,287,2024-08-13,Completed,12,1,84500.0,14269.48,70230.52,Southwest,4
1749,613,2024-07-19,Completed,15,1,54500.0,4551.0,49949.0,Midwest,3
1750,1405,2024-09-25,Completed,9,1,44000.0,3391.61,40608.39,Northeast,1
1751,180,2024-07-21,Completed,9,1,44000.0,3952.53,40047.47,Southeast,2
1752,565,2024-09-24,Completed,11,1,69000.0,10983.11,58016.89,Northeast,1
1753,937,2024-07-25,Completed,12,2,169000.0,30493.9,138506.1,Southeast,2
1754,869,2024-08-14,Completed,20,1,62000.0,6257.14,55742.86,Northeast,1
1755,289,2024-08-29,Completed,7,1,36500.0,4232.21,32267.79,West,5
1756,964,2024-09-16,Completed,14,1,48500.0,5685.21,42814.79,Southeast,2
1757,1157,2024-07-25,Returned,15,1,54500.0,6069.78,48430.22,Southwest,4
1758,1271,2024-07-08,Completed,5,1,42000.0,5258.44,36741.56,Northeast,1
1759,1172,2024-08-16,Completed,2,1,37500.0,4238.8,33261.2,Northeast,1
1760,445,2024-07-05,Completed,13,1,56000.0,4992.36,51007.64,West,8
1761,567,2024-09-25,Completed,1,1,28500.0,2229.25,26270.75,Midwest,7
1762,1543,2024-09-06,Completed,19,1,49500.0,3858.83,45641.17,West,5
1763,1158,2024-09-20,Completed,13,1,56000.0,5764.52,50235.48,Southwest,6
1764,198,2024-07-02,Completed,18,1,82000.0,12508.33,69491.67,Northeast,1
1765,133,2024-08-02,Completed,8,1,21500.0,2185.02,19314.98,Midwest,3
1766,696,2024-08-22,Completed,8,1,21500.0,2360.83,19139.17,Northeast,1
1767,1315,2024-07-09,Completed,4,1,46500.0,4066.97,42433.03,Southeast,2
1768,441,2024-08-27,Completed,19,1,49500.0,3920.02,45579.98,Southeast,2
1769,1162,2024-08-14,Completed,14,1,48500.0,4692.76,43807.24,West,5
1770,69,2024-07-24,Completed,17,1,38500.0,4518.82,33981.18,West,8
1771,595,2024-07-28,Completed,6,1,31000.0,3717.67,27282.33,Southeast,6
1772,905,2024-09-19,Completed,8,1,21500.0,2257.79,19242.21,West,8
1773,116,2024-09-24,Completed,4,3,139500.0,14985.72,124514.28,Midwest,3
1774,869,2024-08-13,Completed,16,1,23000.0,3010.92,19989.08,Northeast,1
1775,948,2024-09-23,Completed,5,1,42000.0,3841.03,38158.97,West,5
1776,1580,2024-09-06,Completed,2,1,37500.0,3480.04,34019.96,West,5
1777,1494,2024-09-04,Completed,16,1,23000.0,2271.32,20728.68,Southeast,6
1778,374,2024-09-29,Completed,11,1,69000.0,10321.82,58678.18,Midwest,3
1779,1204,2024-08-13,Completed,17,1,38500.0,3344.79,35155.21,Midwest,3
1780,118,2024-08-24,Completed,4,1,46500.0,5848.55,40651.45,Southwest,4
1781,305,2024-08-16,Completed,5,1,42000.0,5616.93,36383.07,Southwest,4
1782,1387,2024-09-10,Completed,19,1,49500.0,6118.17,43381.83,Southeast,2
1783,50,2024-08-28,Completed,2,1,37500.0,4951.99,32548.01,Northeast,1
1784,1402,2024-07-29,Completed,19,3,148500.0,16784.49,131715.51,Northeast,1
1785,339,2024-09-13,Completed,11,1,69000.0,12257.54,56742.46,West,5
1786,846,2024-09-30,Completed,18,1,82000.0,15451.41,66548.59,Northeast,1
1787,95,2024-08-23,Completed,6,1,31000.0,4068.45,26931.55,Southwest,6
1788,965,2024-09-28,Completed,19,1,49500.0,5542.24,43957.76,Midwest,7
1789,855,2024-09-18,Completed,16,1,23000.0,2041.78,20958.22,Midwest,3
1790,391,2024-08-20,Completed,5,1,42000.0,4210.49,37789.51,Southwest,4
1791,187,2024-09-09,Completed,6,1,31000.0,2622.49,28377.51,Northeast,1
1792,487,2024-09-13,Completed,19,1,49500.0,4432.33,45067.67,Southwest,4
1793,874,2024-07-06,Completed,8,1,21500.0,1657.6,19842.4,Southwest,6
1794,817,2024-09-01,Completed,19,1,49500.0,5784.04,43715.96,Southeast,2
1795,633,2024-07-23,Completed,9,1,44000.0,5916.74,38083.26,Southeast,6
1796,78,2024-07-15,Completed,11,1,69000.0,9311.76,59688.24,West,5
1797,1164,2024-08-06,Completed,4,1,46500.0,3986.13,42513.87,Northeast,1
1798,718,2024-09-08,Completed,3,1,34000.0,3469.77,30530.23,West,5
1799,340,2024-08-14,Completed,17,1,38500.0,5092.55,33407.45,Northeast,1
1800,227,2024-08-21,Completed,2,1,37500.0,3786.76,33713.24,West,8
1801,1597,2024-08-25,Completed,1,1,28500.0,2430.11,26069.89,West,8
1802,25,2024-08-06,Completed,12,1,84500.0,13994.94,70505.06,Northeast,1
1803,846,2024-07-21,Completed,16,1,23000.0,2341.28,20658.72,Northeast,1
1804,49,2024-09-22,Completed,15,1,54500.0,5371.64,49128.36,Southeast,2
1805,907,2024-08-26,Completed,4,1,46500.0,5510.49,40989.51,Midwest,3
1806,524,2024-07-09,Completed,1,1,28500.0,3668.62,24831.38,Southwest,4
1807,1307,2024-07-09,Cancelled,15,1,54500.0,4980.75,49519.25,Southwest,4
1808,901,2024-08-15,Completed,19,1,49500.0,5006.32,44493.68,Southeast,6
1809,1113,2024-08-09,Completed,8,3,64500.0,6936.63,57563.37,Southeast,2
1810,687,2024-08-05,Completed,15,1,54500.0,5722.0,48778.0,Midwest,7
1811,198,2024-08-21,Completed,16,1,23000.0,1778.83,21221.17,Northeast,1
1812,83,2024-08-29,Completed,5,1,42000.0,5378.46,36621.54,Southeast,2
1813,1493,2024-08-11,Completed,5,1,42000.0,3299.48,38700.52,Northeast,1
1814,1269,2024-09-02,Completed,7,1,36500.0,3208.26,33291.74,Northeast,1
1815,1463,2024-09-24,Completed,12,1,84500.0,14985.41,69514.59,West,8
1816,1455,2024-09-25,Completed,4,1,46500.0,3703.56,42796.44,Southwest,6
1817,7,2024-07-31,Completed,19,1,49500.0,5585.88,43914.12,West,5
1818,1413,2024-07-12,Cancelled,4,1,46500.0,5948.95,40551.05,Southwest,4
1819,373,2024-09-06,Completed,7,1,36500.0,3164.46,33335.54,Southeast,6
1820,544,2024-07-19,Returned,19,1,49500.0,4499.48,45000.52,Northeast,1
1821,153,2024-08-18,Completed,4,1,46500.0,3830.72,42669.28,Northeast,1
1822,356,2024-09-03,Completed,9,1,44000.0,4464.05,39535.95,Southeast,2
1823,245,2024-07-08,Completed,20,2,124000.0,14142.8,109857.2,Southwest,4
1824,157,2024-09-10,Completed,1,1,28500.0,2997.92,25502.08,Midwest,7
1825,1302,2024-07-27,Completed,2,1,37500.0,3416.97,34083.03,Midwest,7
1826,302,2024-08-09,Completed,16,1,23000.0,2823.21,20176.79,Midwest,7
1827,717,2024-08-04,Completed,11,1,69000.0,10843.92,58156.08,Midwest,3
1828,1272,2024-07-22,Completed,10,1,78500.0,15766.08,62733.92,Midwest,3
1829,762,2024-09-09,Completed,2,1,37500.0,4726.05,32773.95,Southeast,6
1830,1062,2024-07-11,Completed,8,1,21500.0,2440.21,19059.79,West,8
1831,1063,2024-09-13,Completed,15,1,54500.0,6844.3,47655.7,Midwest,7
1832,1032,2024-09-28,Completed,3,1,34000.0,3018.43,30981.57,West,8
1833,1475,2024-07-03,Completed,2,1,37500.0,3642.69,33857.31,Southeast,6
1834,889,2024-08-13,Completed,1,1,28500.0,3633.02,24866.98,Northeast,1
1835,1386,2024-07-28,Completed,9,1,44000.0,5721.54,38278.46,West,8
1836,778,2024-08-07,Completed,14,1,48500.0,6299.79,42200.21,Southwest,4
1837,659,2024-09-16,Completed,7,1,36500.0,3263.98,33236.02,Southwest,6
1838,1585,2024-09-26,Completed,15,1,54500.0,7017.59,47482.41,Southeast,6
1839,859,2024-09-09,Completed,15,1,54500.0,6680.97,47819.03,Southeast,2
1840,1273,2024-09-20,Completed,5,1,42000.0,4877.84,37122.16,Southwest,6
1841,696,2024-07-19,Completed,9,1,44000.0,3400.45,40599.55,Northeast,1
1842,1516,2024-07-19,Completed,5,1,42000.0,5390.13,36609.87,Midwest,7
1843,921,2024-08-12,Completed,5,1,42000.0,4972.0,37028.0,Midwest,3
1844,989,2024-07-27,Completed,17,1,38500.0,4270.77,34229.23,Southeast,2
1845,588,2024-09-23,Completed,3,1,34000.0,4497.07,29502.93,Southwest,4
1846,1084,2024-08-07,Completed,13,1,56000.0,5039.33,50960.67,West,8
1847,1498,2024-09-09,Completed,3,1,34000.0,4403.35,29596.65,West,5
1848,853,2024-08-29,Completed,11,1,69000.0,12362.06,56637.94,Northeast,1
1849,1426,2024-09-03,Completed,12,1,84500.0,16069.17,68430.83,Northeast,1
1850,1539,2024-09-07,Completed,8,1,21500.0,1855.78,19644.22,Northeast,1
1851,59,2024-08-13,Completed,15,1,54500.0,4162.18,50337.82,Northeast,1
1852,253,2024-08-10,Completed,6,1,31000.0,3840.84,27159.16,West,5
1853,1186,2024-09-23,Completed,15,1,54500.0,4902.54,49597.46,Southeast,6
1854,423,2024-07-21,Completed,9,1,44000.0,5328.6,38671.4,West,5
1855,734,2024-08-08,Completed,6,4,124000.0,14695.72,109304.28,Midwest,3
1856,296,2024-08-02,Completed,8,1,21500.0,2676.32,18823.68,Northeast,1
1857,1029,2024-08-12,Completed,19,1,49500.0,5108.18,44391.82,Northeast,1
1858,868,2024-09-25,Completed,10,1,78500.0,15593.9,62906.1,West,5
1859,553,2024-09-20,Completed,15,1,54500.0,5471.88,49028.12,Midwest,3
1860,790,2024-09-18,Completed,17,1,38500.0,3696.12,34803.88,Midwest,3
1861,1029,2024-09-01,Completed,11,1,69000.0,14393.71,54606.29,Northeast,1
1862,166,2024-08-23,Completed,18,1,82000.0,14703.05,67296.95,West,5
1863,759,2024-08-13,Completed,15,2,109000.0,8937.34,100062.66,Southwest,4
1864,765,2024-07-10,Completed,8,1,21500.0,2378.06,19121.94,West,5
1865,1170,2024-08-08,Returned,17,1,38500.0,4336.96,34163.04,Northeast,1
1866,324,2024-09-19,Completed,11,1,69000.0,11880.06,57119.94,Midwest,3
1867,1570,2024-09-14,Completed,1,1,28500.0,2971.74,25528.26,West,5
1868,709,2024-09-06,Completed,4,1,46500.0,4570.88,41929.12,Southwest,4
1869,802,2024-09-01,Completed,20,1,62000.0,7370.85,54629.15,Southeast,6
1870,632,2024-08-30,Completed,4,3,139500.0,14182.86,125317.14,Southwest,6
1871,310,2024-09-04,Cancelled,1,1,28500.0,2552.75,25947.25,West,5
1872,1152,2024-07-18,Cancelled,6,1,31000.0,4033.37,26966.63,Midwest,3
1873,1235,2024-07-11,Completed,1,1,28500.0,3521.81,24978.19,Southeast,6
1874,669,2024-09-22,Completed,5,1,42000.0,3175.63,38824.37,Southwest,6
1875,448,2024-07-29,Completed,12,1,84500.0,13595.54,70904.46,Southeast,2
1876,925,2024-09-27,Completed,4,1,46500.0,5111.41,41388.59,Southeast,2
1877,1583,2024-07-17,Completed,8,1,21500.0,1808.27,19691.73,West,8
1878,9,2024-09-03,Completed,3,1,34000.0,3219.13,30780.87,Southeast,6
1879,721,2024-07-11,Completed,8,1,21500.0,2695.0,18805.0,Southwest,4
1880,1151,2024-07-17,Completed,17,1,38500.0,4228.23,34271.77,Southwest,6
1881,895,2024-09-08,Completed,6,1,31000.0,2957.28,28042.72,Southwest,4
1882,1334,2024-07-25,Completed,12,1,84500.0,17138.98,67361.02,Northeast,1
1883,1151,2024-08-23,Completed,15,1,54500.0,6282.83,48217.17,Southwest,6
1884,458,2024-07-04,Completed,14,4,194000.0,20958.76,173041.24,West,5
1885,908,2024-08-24,Completed,6,1,31000.0,4081.32,26918.68,Northeast,1
1886,207,2024-07-01,Completed,19,1,49500.0,5580.41,43919.59,Northeast,1
1887,494,2024-08-31,Completed,9,1,44000.0,4886.74,39113.26,West,8
1888,1015,2024-09-09,Completed,8,1,21500.0,2539.6,18960.4,Southeast,6
1889,361,2024-07-18,Completed,7,1,36500.0,4669.51,31830.49,Southwest,6
1890,647,2024-08-07,Completed,20,1,62000.0,7579.36,54420.64,Southeast,2
1891,1553,2024-08-02,Completed,8,1,21500.0,2426.24,19073.76,Northeast,1
1892,1179,2024-07-14,Completed,13,1,56000.0,5872.64,50127.36,Northeast,1
1893,735,2024-09-20,Cancelled,13,1,56000.0,4547.98,51452.02,Midwest,3
1894,579,2024-07-22,Completed,2,1,37500.0,3220.74,34279.26,Southwest,4
1895,339,2024-08-25,Completed,18,1,82000.0,15082.43,66917.57,West,5
1896,1371,2024-08-29,Completed,7,1,36500.0,2784.25,33715.75,Southeast,2
1897,497,2024-08-19,Completed,10,1,78500.0,14642.17,63857.83,West,8
1898,116,2024-07-14,Completed,17,2,77000.0,7650.68,69349.32,Midwest,3
1899,910,2024-09-06,Completed,11,1,69000.0,12007.54,56992.46,Southeast,2
1900,348,2024-09-15,Completed,6,1,31000.0,3435.6,27564.4,West,5
1901,849,2024-08-06,Completed,8,1,21500.0,1946.31,19553.69,Southwest,6
1902,1062,2024-09-25,Completed,11,1,69000.0,12896.89,56103.11,West,5
1903,512,2024-08-25,Completed,16,1,23000.0,2474.96,20525.04,Midwest,7
1904,1090,2024-09-23,Completed,1,1,28500.0,3797.15,24702.85,Southeast,2
1905,106,2024-09-04,Completed,5,1,42000.0,4726.53,37273.47,West,8
1906,1289,2024-08-16,Completed,2,1,37500.0,2986.04,34513.96,Southwest,6
1907,298,2024-09-25,Completed,8,1,21500.0,2099.52,19400.48,Southwest,6
1908,51,2024-07-28,Completed,7,1,36500.0,4236.62,32263.38,Southeast,6
1909,318,2024-07-16,Cancelled,6,1,31000.0,3671.46,27328.54,Northeast,1
1910,514,2024-08-20,Completed,18,1,82000.0,11542.29,70457.71,West,8
1911,69,2024-07-31,Completed,19,1,49500.0,4743.55,44756.45,West,5
1912,1187,2024-08-09,Completed,16,1,23000.0,2479.4,20520.6,Southwest,6
1913,354,2024-07-08,Completed,18,1,82000.0,13195.18,68804.82,Northeast,1
1914,1115,2024-07-22,Completed,9,1,44000.0,4674.56,39325.44,West,8
1915,377,2024-07-26,Completed,1,1,28500.0,2939.64,25560.36,Southwest,4
1916,582,2024-09-04,Completed,16,1,23000.0,2646.14,20353.86,Midwest,3
1917,126,2024-07-30,Completed,4,1,46500.0,4570.55,41929.45,Southeast,6
1918,6,2024-07-10,Completed,10,1,78500.0,12519.99,65980.01,Southwest,6
1919,164,2024-09-20,Completed,1,1,28500.0,3387.71,25112.29,Southwest,4
1920,688,2024-09-20,Completed,4,1,46500.0,5801.28,40698.72,West,8
1921,453,2024-08-10,Completed,17,1,38500.0,3228.23,35271.77,Midwest,7
1922,1521,2024-07-25,Completed,9,1,44000.0,5536.44,38463.56,Northeast,1
1923,709,2024-09-23,Completed,13,1,56000.0,6716.74,49283.26,Southwest,6
1924,522,2024-09-02,Completed,8,1,21500.0,2593.36,18906.64,Midwest,3
1925,1125,2024-09-03,Completed,16,2,46000.0,3949.56,42050.44,Southwest,6
1926,341,2024-08-23,Completed,6,1,31000.0,2409.61,28590.39,Southwest,4
1927,489,2024-09-15,Cancelled,2,1,37500.0,3368.4,34131.6,Northeast,1
1928,312,2024-08-02,Completed,16,1,23000.0,2055.8,20944.2,Southwest,6
1929,317,2024-08-02,Completed,18,1,82000.0,15575.57,66424.43,Northeast,1
1930,96,2024-07-17,Completed,17,1,38500.0,3625.14,34874.86,Southeast,2
1931,349,2024-09-10,Completed,20,1,62000.0,4843.39,57156.61,Southeast,6
1932,1202,2024-07-04,Completed,9,1,44000.0,5648.71,38351.29,Midwest,7
1933,907,2024-08-18,Completed,3,1,34000.0,3353.27,30646.73,Midwest,7
1934,1031,2024-09-15,Completed,3,2,68000.0,7276.6,60723.4,Southwest,6
1935,1452,2024-08-20,Completed,11,1,69000.0,11152.84,57847.16,Northeast,1
1936,942,2024-08-24,Completed,7,1,36500.0,3310.46,33189.54,West,5
1937,1563,2024-09-17,Completed,12,1,84500.0,12175.4,72324.6,Southeast,6
1938,191,2024-09-29,Completed,12,1,84500.0,15596.62,68903.38,West,8
1939,940,2024-09-12,Completed,10,1,78500.0,13013.18,65486.82,Midwest,7
1940,1027,2024-09-23,Completed,11,1,69000.0,12388.91,56611.09,Northeast,1
1941,1309,2024-08-10,Completed,4,2,93000.0,9618.8,83381.2,Southwest,4
1942,948,2024-08-19,Completed,8,1,21500.0,2010.08,19489.92,West,5
1943,978,2024-07-19,Completed,11,3,207000.0,32654.76,174345.24,West,5
1944,1380,2024-08-03,Completed,19,1,49500.0,3902.52,45597.48,Southeast,2
1945,127,2024-08-29,Completed,5,1,42000.0,4298.45,37701.55,Midwest,3
1946,524,2024-08-25,Completed,5,1,42000.0,4939.17,37060.83,Southwest,6
1947,252,2024-08-22,Cancelled,1,1,28500.0,2860.5,25639.5,West,5
1948,677,2024-07-21,Completed,15,1,54500.0,5086.5,49413.5,Midwest,3
1949,1315,2024-07-15,Completed,20,1,62000.0,6437.24,55562.76,Southeast,6
1950,1367,2024-09-10,Completed,8,1,21500.0,2844.13,18655.87,Northeast,1
1951,1015,2024-08-25,Completed,15,1,54500.0,4481.12,50018.88,Southeast,6
1952,121,2024-08-14,Completed,1,1,28500.0,2344.27,26155.73,Southwest,6
1953,1448,2024-08-27,Completed,15,3,163500.0,13268.88,150231.12,Northeast,1
1954,1245,2024-07-21,Completed,19,1,49500.0,5754.54,43745.46,West,5
1955,151,2024-08-26,Completed,4,1,46500.0,3688.0,42812.0,Southwest,4
1956,111,2024-07-17,Completed,10,1,78500.0,12303.52,66196.48,Northeast,1
1957,1440,2024-07-14,Completed,6,1,31000.0,3558.41,27441.59,Midwest,3
1958,1377,2024-07-20,Completed,2,1,37500.0,4647.46,32852.54,Northeast,1
1959,238,2024-08-05,Completed,14,1,48500.0,6483.01,42016.99,Southeast,6
1960,139,2024-08-16,Completed,17,1,38500.0,2961.47,35538.53,Southeast,2
1961,1076,2024-08-17,Completed,1,1,28500.0,2156.54,26343.46,Midwest,7
1962,547,2024-09-07,Completed,10,1,78500.0,11889.15,66610.85,Southeast,6
1963,72,2024-08-10,Completed,6,1,31000.0,2672.98,28327.02,Midwest,3
1964,412,2024-07-10,Completed,8,1,21500.0,2284.57,19215.43,Southwest,4
1965,1371,2024-09-06,Completed,3,1,34000.0,3823.8,30176.2,Southeast,2
1966,1434,2024-07-10,Completed,16,1,23000.0,2320.51,20679.49,Southwest,4
1967,5,2024-07-13,Completed,3,1,34000.0,3627.17,30372.83,Southwest,6
1968,1327,2024-09-09,Completed,4,1,46500.0,5746.0,40754.0,Southeast,2
1969,25,2024-09-14,Completed,11,1,69000.0,13974.5,55025.5,Northeast,1
1970,231,2024-09-09,Completed,15,1,54500.0,7008.21,47491.79,Southwest,4
1971,200,2024-07-31,Completed,7,1,36500.0,3646.0,32854.0,Southwest,4
1972,306,2024-07-19,Completed,14,1,48500.0,5744.59,42755.41,West,5
1973,286,2024-09-15,Completed,19,1,49500.0,4153.95,45346.05,Southeast,2
1974,1006,2024-08-23,Completed,18,1,82000.0,16023.6,65976.4,West,8
1975,296,2024-08-20,Completed,19,1,49500.0,6318.7,43181.3,Northeast,1
1976,446,2024-07-24,Completed,19,1,49500.0,4793.8,44706.2,Northeast,1
1977,640,2024-07-26,Completed,1,2,57000.0,5024.82,51975.18,Southwest,6
1978,764,2024-08-25,Completed,7,1,36500.0,3126.84,33373.16,Southeast,6
1979,473,2024-07-31,Completed,19,1,49500.0,4077.11,45422.89,West,8
1980,166,2024-09-04,Completed,14,1,48500.0,3715.3,44784.7,West,8
1981,569,2024-08-16,Completed,19,1,49500.0,5620.84,43879.16,West,5
1982,960,2024-09-23,Completed,17,1,38500.0,4359.31,34140.69,Midwest,7
1983,126,2024-07-11,Completed,10,1,78500.0,9758.39,68741.61,Southeast,6
1984,1320,2024-09-18,Completed,4,1,46500.0,5904.98,40595.02,Southwest,6
1985,1009,2024-08-16,Completed,8,1,21500.0,2605.75,18894.25,Midwest,7
1986,1077,2024-09-23,Completed,12,1,84500.0,11001.42,73498.58,Southeast,6
1987,1002,2024-09-30,Completed,10,1,78500.0,12343.28,66156.72,Midwest,3
1988,115,2024-08-27,Cancelled,19,1,49500.0,5423.9,44076.1,West,5
1989,308,2024-09-21,Completed,11,1,69000.0,9444.56,59555.44,Northeast,1
1990,1167,2024-09-05,Completed,9,1,44000.0,4447.13,39552.87,Midwest,3
1991,236,2024-09-29,Completed,18,1,82000.0,12517.14,69482.86,Northeast,1
1992,403,2024-07-18,Completed,16,1,23000.0,2248.12,20751.88,West,8
1993,253,2024-07-18,Completed,1,1,28500.0,3406.93,25093.07,West,8
1994,1559,2024-08-13,Completed,15,1,54500.0,5543.65,48956.35,Midwest,3
1995,578,2024-07-24,Completed,18,2,164000.0,28145.36,135854.64,Midwest,7
1996,708,2024-09-05,Completed,3,1,34000.0,2803.57,31196.43,Midwest,7
1997,1384,2024-08-11,Completed,9,1,44000.0,4577.92,39422.08,West,8
1998,1209,2024-09-24,Completed,9,1,44000.0,3543.28,40456.72,West,8
1999,1181,2024-07-11,Completed,12,1,84500.0,13051.04,71448.96,Midwest,7
2000,140,2024-08-28,Completed,4,1,46500.0,4575.73,41924.27,Southwest,4
2001,1491,2024-08-11,Completed,15,1,54500.0,5329.31,49170.69,West,5
2002,945,2024-09-22,Completed,13,1,56000.0,5100.58,50899.42,Southeast,2
2003,809,2024-07-14,Completed,20,1,62000.0,6292.0,55708.0,Southwest,6
2004,822,2024-08-20,Completed,4,1,46500.0,3533.56,42966.44,West,5
2005,797,2024-08-15,Completed,15,1,54500.0,5756.57,48743.43,Northeast,1
2006,1293,2024-09-19,Completed,4,1,46500.0,4647.07,41852.93,Midwest,7
2007,1059,2024-08-12,Completed,19,1,49500.0,5449.27,44050.73,Northeast,1
2008,1442,2024-07-13,Completed,10,1,78500.0,16568.87,61931.13,Southwest,4
2009,965,2024-09-04,Completed,16,1,23000.0,2305.56,20694.44,Midwest,3
2010,767,2024-09-06,Completed,3,1,34000.0,4023.76,29976.24,Southeast,6
2011,1415,2024-08-16,Completed,18,1,82000.0,12627.97,69372.03,Southeast,6
2012,295,2024-07-31,Completed,9,1,44000.0,4916.91,39083.09,West,5
2013,658,2024-09-02,Completed,1,1,28500.0,3307.91,25192.09,Midwest,3
2014,1106,2024-09-06,Completed,8,1,21500.0,2013.04,19486.96,West,8
2015,1315,2024-07-01,Completed,18,1,82000.0,16508.82,65491.18,Southeast,6
2016,606,2024-08-18,Completed,11,1,69000.0,9543.01,59456.99,Southeast,6
2017,1419,2024-07-20,Completed,18,1,82000.0,13920.75,68079.25,Southwest,4
2018,338,2024-07-07,Completed,4,1,46500.0,5162.3,41337.7,Northeast,1
2019,336,2024-09-21,Completed,5,1,42000.0,5542.68,36457.32,Southwest,4
2020,993,2024-08-26,Completed,20,1,62000.0,5512.47,56487.53,Southwest,4
2021,710,2024-09-15,Completed,18,1,82000.0,15205.49,66794.51,Southwest,6
2022,695,2024-09-11,Completed,16,1,23000.0,2071.34,20928.66,Southeast,6
2023,757,2024-09-04,Completed,13,1,56000.0,7232.28,48767.72,Northeast,1
2024,1199,2024-09-15,Completed,2,1,37500.0,3540.8,33959.2,Southeast,6
2025,87,2024-09-11,Completed,6,1,31000.0,2865.24,28134.76,Northeast,1
2026,399,2024-08-13,Completed,12,3,253500.0,43258.29,210241.71,Northeast,1
2027,1076,2024-09-29,Completed,9,1,44000.0,4590.42,39409.58,Midwest,7
2028,1190,2024-08-01,Completed,13,1,56000.0,5931.98,50068.02,Midwest,7
2029,1545,2024-08-12,Completed,10,1,78500.0,11476.58,67023.42,Northeast,1
2030,1456,2024-08-26,Completed,6,1,31000.0,3607.91,27392.09,Southeast,6
2031,248,2024-09-24,Completed,15,2,109000.0,10264.44,98735.56,Southeast,6
2032,15,2024-09-24,Completed,9,1,44000.0,5179.26,38820.74,Southwest,4
2033,760,2024-07-28,Completed,1,1,28500.0,2912.88,25587.12,West,5
2034,651,2024-07-24,Completed,5,1,42000.0,4283.75,37716.25,West,5
2035,1145,2024-08-09,Completed,5,1,42000.0,5344.41,36655.59,West,5
2036,1028,2024-08-03,Completed,18,1,82000.0,15762.06,66237.94,West,8
2037,717,2024-08-30,Completed,11,1,69000.0,10465.55,58534.45,Midwest,7
2038,602,2024-08-15,Completed,2,1,37500.0,3214.88,34285.12,Southeast,2
2039,737,2024-09-03,Completed,16,1,23000.0,2593.41,20406.59,West,5
2040,1563,2024-08-17,Completed,10,1,78500.0,12125.81,66374.19,Southeast,2
2041,35,2024-07-30,Completed,9,1,44000.0,4462.79,39537.21,Southeast,2
2042,832,2024-09-14,Completed,17,1,38500.0,4205.77,34294.23,Midwest,7
2043,462,2024-07-06,Completed,13,1,56000.0,4909.52,51090.48,Northeast,1
2044,706,2024-09-01,Completed,12,1,84500.0,12624.67,71875.33,Southeast,2
2045,1578,2024-09-24,Completed,1,2,57000.0,5495.82,51504.18,Midwest,3
2046,105,2024-07-15,Completed,11,1,69000.0,11249.1,57750.9,West,5
2047,1118,2024-07-30,Completed,6,1,31000.0,3446.09,27553.91,West,5
2048,229,2024-08-17,Completed,5,1,42000.0,5332.52,36667.48,Southeast,2
2049,1021,2024-09-13,Completed,13,1,56000.0,7364.51,48635.49,West,8
2050,193,2024-09-22,Completed,14,1,48500.0,3744.65,44755.35,Southeast,6
2051,758,2024-08-03,Completed,6,1,31000.0,3125.06,27874.94,Northeast,1
2052,235,2024-08-02,Completed,19,2,99000.0,12282.74,86717.26,Southwest,6
2053,910,2024-09-09,Completed,8,1,21500.0,2379.06,19120.94,Southeast,2
2054,248,2024-08-06,Completed,9,2,88000.0,11060.86,76939.14,Southeast,2
2055,177,2024-08-15,Completed,10,1,78500.0,12669.04,65830.96,Midwest,3
2056,1288,2024-08-04,Completed,6,1,31000.0,2587.94,28412.06,Southwest,4
2057,353,2024-09-21,Completed,14,1,48500.0,4913.83,43586.17,West,5
2058,216,2024-09-01,Completed,8,1,21500.0,1807.87,19692.13,Southeast,6
2059,890,2024-08-24,Completed,20,1,62000.0,5898.96,56101.04,Southeast,2
2060,310,2024-08-07,Completed,20,1,62000.0,5727.05,56272.95,West,5
2061,1453,2024-11-22,Completed,16,1,23000.0,3745.23,19254.77,Southwest,6
2062,1457,2024-10-25,Completed,15,1,54500.0,8581.45,45918.55,Southwest,4
2063,1362,2024-12-23,Completed,4,1,46500.0,6311.23,40188.77,Northeast,1
2064,455,2024-10-16,Completed,9,1,44000.0,6828.49,37171.51,Midwest,7
2065,533,2024-11-16,Completed,16,1,23000.0,3602.15,19397.85,Southwest,4
2066,1573,2024-10-24,Completed,10,1,78500.0,16238.01,62261.99,Southeast,2
2067,1127,2024-10-14,Cancelled,20,1,62000.0,7054.67,54945.33,Southwest,6
2068,68,2024-10-08,Completed,18,1,82000.0,18963.44,63036.56,West,5
2069,377,2024-12-01,Completed,17,1,38500.0,5018.83,33481.17,Southwest,6
2070,965,2024-11-26,Completed,20,1,62000.0,6710.57,55289.43,Midwest,7
2071,1514,2024-10-20,Completed,13,3,168000.0,19425.0,148575.0,Southeast,6
2072,1095,2024-12-19,Completed,12,3,253500.0,39423.36,214076.64,West,5
2073,1374,2024-11-11,Completed,17,1,38500.0,4617.28,33882.72,Midwest,7
2074,1090,2024-12-16,Cancelled,19,1,49500.0,5713.39,43786.61,Southeast,6
2075,718,2024-10-31,Completed,8,1,21500.0,3081.2,18418.8,West,5
2076,1264,2024-11-29,Completed,11,1,69000.0,13353.4,55646.6,Midwest,3
2077,1190,2024-10-31,Completed,7,1,36500.0,3872.77,32627.23,Midwest,7
2078,785,2024-11-25,Completed,2,1,37500.0,5213.36,32286.64,Midwest,7
2079,1126,2024-10-13,Completed,19,1,49500.0,5762.7,43737.3,Southwest,6
2080,226,2024-10-06,Completed,12,1,84500.0,16704.76,67795.24,Midwest,3
2081,748,2024-11-23,Completed,12,1,84500.0,15396.97,69103.03,Southwest,4
2082,771,2024-12-07,Completed,8,1,21500.0,2383.68,19116.32,Midwest,7
2083,167,2024-11-26,Completed,10,1,78500.0,15267.22,63232.78,Northeast,1
2084,250,2024-10-21,Completed,8,2,43000.0,6869.72,36130.28,Midwest,3
2085,238,2024-10-21,Completed,6,1,31000.0,3799.54,27200.46,Southeast,6
2086,824,2024-12-31,Completed,10,1,78500.0,16640.5,61859.5,Northeast,1
2087,793,2024-10-12,Completed,4,1,46500.0,5458.07,41041.93,Southeast,2
2088,180,2024-12-20,Completed,15,1,54500.0,6253.33,48246.67,Southeast,6
2089,1332,2024-12-25,Completed,19,1,49500.0,7902.99,41597.01,West,5
2090,574,2024-10-16,Cancelled,15,2,109000.0,12573.34,96426.66,Midwest,3
2091,894,2024-11-07,Completed,5,1,42000.0,5102.37,36897.63,Southeast,2
2092,866,2024-11-07,Completed,18,1,82000.0,13357.41,68642.59,Midwest,7
2093,1015,2024-10-09,Completed,10,1,78500.0,14402.5,64097.5,Southeast,2
2094,590,2024-11-11,Completed,4,1,46500.0,5150.7,41349.3,Northeast,1
2095,1113,2024-12-20,Completed,2,2,75000.0,10750.38,64249.62,Southeast,6
2096,661,2024-10-14,Completed,9,1,44000.0,6306.24,37693.76,Southeast,6
2097,738,2024-10-05,Completed,4,1,46500.0,7536.25,38963.75,Midwest,3
2098,1273,2024-10-15,Completed,7,1,36500.0,5085.83,31414.17,Southwest,4
2099,314,2024-12-01,Completed,17,2,77000.0,9318.08,67681.92,Northeast,1
2100,73,2024-12-21,Completed,13,1,56000.0,6476.41,49523.59,Southeast,2
2101,943,2024-12-25,Completed,19,1,49500.0,6184.24,43315.76,Southeast,2
2102,705,2024-11-14,Completed,19,1,49500.0,7846.5,41653.5,West,5
2103,1013,2024-12-03,Completed,4,1,46500.0,6697.56,39802.44,West,8
2104,249,2024-10-20,Completed,9,1,44000.0,5249.53,38750.47,West,5
2105,1540,2024-12-12,Completed,17,1,38500.0,5523.2,32976.8,Midwest,7
2106,456,2024-12-02,Completed,17,1,38500.0,5709.54,32790.46,Southeast,2
2107,301,2024-12-21,Completed,1,1,28500.0,3805.48,24694.52,Northeast,1
2108,233,2024-10-22,Completed,6,1,31000.0,4940.81,26059.19,Southeast,2
2109,154,2024-11-08,Completed,17,2,77000.0,12589.24,64410.76,Northeast,1
2110,1517,2024-11-24,Completed,18,1,82000.0,14036.73,67963.27,Southeast,2
2111,1464,2024-12-09,Completed,12,1,84500.0,17698.61,66801.39,Southwest,4
2112,913,2024-12-09,Completed,2,1,37500.0,4500.47,32999.53,West,5
2113,660,2024-10-02,Completed,13,1,56000.0,7585.89,48414.11,West,5
2114,476,2024-12-12,Completed,17,1,38500.0,6335.02,32164.98,Northeast,1
2115,873,2024-11-15,Completed,10,1,78500.0,14631.53,63868.47,Southeast,2
2116,125,2024-12-27,Completed,13,1,56000.0,8106.0,47894.0,Southwest,4
2117,1523,2024-12-15,Completed,4,1,46500.0,6542.47,39957.53,Midwest,3
2118,1293,2024-10-28,Completed,13,1,56000.0,5972.34,50027.66,Midwest,3
2119,1419,2024-11-20,Completed,5,1,42000.0,5818.38,36181.62,Southwest,4
2120,1241,2024-10-18,Completed,1,1,28500.0,4217.72,24282.28,West,8
2121,1240,2024-12-10,Completed,1,1,28500.0,4441.05,24058.95,Northeast,1
2122,669,2024-11-05,Completed,8,2,43000.0,7086.9,35913.1,Southwest,4
2123,758,2024-10-11,Completed,11,1,69000.0,13944.36,55055.64,Northeast,1
2124,967,2024-12-26,Completed,9,1,44000.0,6901.21,37098.79,Southeast,2
2125,1064,2024-11-25,Completed,5,1,42000.0,6870.21,35129.79,Southwest,6
2126,433,2024-11-19,Completed,10,1,78500.0,16510.7,61989.3,Northeast,1
2127,171,2024-11-24,Completed,20,1,62000.0,8482.88,53517.12,Midwest,7
2128,787,2024-10-14,Completed,7,1,36500.0,5324.47,31175.53,West,5
2129,145,2024-11-26,Completed,15,1,54500.0,6561.98,47938.02,Midwest,7
2130,321,2024-12-20,Completed,15,1,54500.0,6120.26,48379.74,Midwest,7
2131,19,2024-11-07,Completed,15,1,54500.0,7827.18,46672.82,Midwest,3
2132,496,2024-10-12,Completed,18,1,82000.0,15894.65,66105.35,West,8
2133,614,2024-12-31,Completed,17,1,38500.0,6143.42,32356.58,Southeast,6
2134,1031,2024-12-14,Completed,1,1,28500.0,4629.94,23870.06,Southwest,6
2135,1413,2024-12-07,Completed,3,1,34000.0,3797.49,30202.51,Southwest,6
2136,820,2024-11-25,Completed,15,1,54500.0,7985.58,46514.42,Midwest,3
2137,432,2024-12-24,Completed,4,1,46500.0,6133.33,40366.67,Northeast,1
2138,1337,2024-12-20,Completed,14,1,48500.0,7227.45,41272.55,Northeast,1
2139,959,2024-10-15,Cancelled,19,1,49500.0,5362.05,44137.95,Midwest,3
2140,664,2024-11-06,Returned,5,1,42000.0,5342.91,36657.09,Southeast,2
2141,970,2024-12-30,Completed,8,1,21500.0,3332.65,18167.35,West,8
2142,700,2024-10-04,Completed,7,1,36500.0,5541.46,30958.54,Southeast,2
2143,1140,2024-12-26,Returned,19,1,49500.0,6846.81,42653.19,Southwest,4
2144,628,2024-11-29,Completed,9,1,44000.0,6048.13,37951.87,Northeast,1
2145,957,2024-11-15,Completed,14,1,48500.0,5837.6,42662.4,Southwest,4
2146,878,2024-10-25,Completed,19,1,49500.0,6188.51,43311.49,Northeast,1
2147,976,2024-11-14,Completed,17,1,38500.0,4185.67,34314.33,Southeast,2
2148,1187,2024-10-26,Completed,1,1,28500.0,3349.04,25150.96,Southwest,6
2149,1131,2024-12-19,Completed,1,1,28500.0,4183.86,24316.14,Southwest,6
2150,1134,2024-10-06,Completed,8,1,21500.0,3030.92,18469.08,Southwest,6
2151,1535,2024-12-12,Completed,20,1,62000.0,10203.14,51796.86,Midwest,7
2152,426,2024-10-25,Completed,16,1,23000.0,2908.0,20092.0,Southeast,6
2153,20,2024-10-07,Completed,17,1,38500.0,5731.18,32768.82,West,8
2154,676,2024-10-06,Completed,6,1,31000.0,3548.77,27451.23,Southwest,4
2155,1472,2024-11-20,Completed,8,1,21500.0,3170.05,18329.95,Southwest,4
2156,907,2024-12-07,Completed,4,1,46500.0,6242.88,40257.12,Midwest,7
2157,1499,2024-11-10,Completed,11,1,69000.0,12222.45,56777.55,Southeast,2
2158,1410,2024-12-12,Completed,2,1,37500.0,6020.77,31479.23,Southwest,6
2159,1356,2024-12-14,Completed,2,1,37500.0,5922.58,31577.42,Southwest,6
2160,1483,2024-10-08,Completed,3,1,34000.0,5583.69,28416.31,Southeast,6
2161,1435,2024-10-01,Completed,20,1,62000.0,9671.84,52328.16,Midwest,7
2162,593,2024-10-13,Completed,14,1,48500.0,5547.87,42952.13,Northeast,1
2163,1216,2024-11-04,Completed,7,1,36500.0,4714.76,31785.24,Southwest,6
2164,1457,2024-10-09,Completed,17,1,38500.0,6338.41,32161.59,Southwest,6
2165,1285,2024-12-18,Cancelled,14,1,48500.0,5261.62,43238.38,Northeast,1
2166,1550,2024-11-05,Completed,16,2,46000.0,6505.18,39494.82,Southeast,6
2167,535,2024-10-23,Completed,2,1,37500.0,4807.78,32692.22,Southeast,6
2168,615,2024-10-14,Completed,18,1,82000.0,17222.79,64777.21,Northeast,1
2169,823,2024-10-06,Completed,16,1,23000.0,3433.46,19566.54,Southeast,6
2170,1279,2024-11-05,Completed,9,1,44000.0,6641.59,37358.41,Southeast,6
2171,1049,2024-10-30,Completed,13,1,56000.0,9170.95,46829.05,West,8
2172,710,2024-11-02,Completed,3,1,34000.0,5419.27,28580.73,Southwest,6
2173,316,2024-11-03,Completed,8,1,21500.0,3026.3,18473.7,Northeast,1
2174,60,2024-10-11,Completed,17,1,38500.0,5041.39,33458.61,West,8
2175,367,2024-11-30,Completed,9,1,44000.0,7191.15,36808.85,Southwest,6
2176,363,2024-12-28,Completed,10,1,78500.0,14318.49,64181.51,Midwest,3
2177,950,2024-12-08,Completed,19,1,49500.0,6030.25,43469.75,West,5
2178,801,2024-12-20,Completed,12,1,84500.0,19891.34,64608.66,Midwest,3
2179,1146,2024-10-13,Completed,11,1,69000.0,11975.56,57024.44,West,5
2180,1268,2024-10-08,Completed,7,1,36500.0,5766.0,30734.0,West,5
2181,712,2024-12-13,Completed,18,1,82000.0,19149.2,62850.8,Northeast,1
2182,1268,2024-10-19,Completed,3,1,34000.0,4235.5,29764.5,West,5
2183,1331,2024-10-27,Completed,18,1,82000.0,14658.08,67341.92,Northeast,1
2184,589,2024-12-09,Completed,20,1,62000.0,10109.69,51890.31,Midwest,3
2185,1248,2024-10-01,Completed,15,1,54500.0,8834.66,45665.34,Southwest,4
2186,958,2024-10-01,Completed,20,1,62000.0,10146.4,51853.6,Southeast,6
2187,328,2024-12-07,Returned,18,1,82000.0,15191.35,66808.65,West,5
2188,673,2024-11-11,Completed,10,1,78500.0,16488.76,62011.24,Southeast,2
2189,6,2024-10-22,Completed,8,1,21500.0,2701.87,18798.13,Southwest,4
2190,1202,2024-10-15,Completed,2,1,37500.0,5739.69,31760.31,Midwest,7
2191,247,2024-12-19,Completed,17,1,38500.0,5509.59,32990.41,Northeast,1
2192,7,2024-12-31,Completed,10,1,78500.0,14489.97,64010.03,West,8
2193,1280,2024-11-30,Completed,5,1,42000.0,6387.18,35612.82,Northeast,1
2194,418,2024-12-26,Cancelled,20,1,62000.0,6690.19,55309.81,Northeast,1
2195,253,2024-10-11,Completed,4,1,46500.0,7240.94,39259.06,West,5
2196,876,2024-11-25,Completed,12,1,84500.0,16348.87,68151.13,Southeast,6
2197,782,2024-10-14,Completed,14,1,48500.0,7390.74,41109.26,West,5
2198,264,2024-12-26,Completed,4,1,46500.0,5667.02,40832.98,Southwest,4
2199,769,2024-11-19,Completed,15,1,54500.0,6224.64,48275.36,West,5
2200,797,2024-11-29,Completed,6,1,31000.0,4118.24,26881.76,Northeast,1
2201,1587,2024-12-02,Completed,17,1,38500.0,6297.29,32202.71,Northeast,1
2202,956,2024-10-07,Completed,6,1,31000.0,4228.97,26771.03,Southwest,4
2203,1405,2024-11-28,Completed,6,1,31000.0,4195.2,26804.8,Northeast,1
2204,97,2024-10-21,Completed,5,1,42000.0,6591.28,35408.72,Southwest,6
2205,207,2024-10-21,Completed,20,1,62000.0,8777.88,53222.12,Northeast,1
2206,1266,2024-12-11,Completed,17,1,38500.0,6086.92,32413.08,Southwest,6
2207,1418,2024-11-10,Completed,15,1,54500.0,6165.58,48334.42,Southwest,4
2208,656,2024-11-23,Completed,19,1,49500.0,6996.85,42503.15,Midwest,7
2209,1316,2024-11-26,Completed,11,1,69000.0,15249.03,53750.97,Southeast,2
2210,901,2024-10-31,Completed,7,1,36500.0,5397.05,31102.95,Southeast,2
2211,920,2024-12-17,Completed,10,3,235500.0,46078.02,189421.98,West,5
2212,903,2024-10-02,Completed,17,1,38500.0,4676.0,33824.0,Northeast,1
2213,1430,2024-10-15,Completed,8,1,21500.0,3111.74,18388.26,Southwest,6
2214,358,2024-11-24,Completed,13,1,56000.0,7803.78,48196.22,Midwest,7
2215,1585,2024-10-13,Completed,8,1,21500.0,2924.13,18575.87,Southeast,2
2216,1241,2024-12-08,Completed,10,1,78500.0,13156.26,65343.74,West,8
2217,551,2024-11-21,Completed,18,1,82000.0,15142.53,66857.47,Southeast,2
2218,131,2024-10-05,Completed,9,1,44000.0,6895.08,37104.92,West,5
2219,729,2024-10-14,Completed,17,1,38500.0,5412.05,33087.95,West,8
2220,1006,2024-12-23,Completed,15,1,54500.0,8541.88,45958.12,West,5
2221,938,2024-12-10,Completed,7,1,36500.0,3956.23,32543.77,Southeast,2
2222,122,2024-10-06,Completed,13,1,56000.0,8160.62,47839.38,Southwest,4
2223,834,2024-10-05,Completed,6,1,31000.0,3529.71,27470.29,West,8
2224,730,2024-11-13,Completed,2,1,37500.0,4657.23,32842.77,Midwest,7
2225,722,2024-12-29,Cancelled,7,1,36500.0,5402.84,31097.16,Northeast,1
2226,1155,2024-12-03,Completed,19,1,49500.0,5753.77,43746.23,Midwest,3
2227,561,2024-10-13,Completed,15,1,54500.0,5789.44,48710.56,West,5
2228,707,2024-12-15,Completed,15,1,54500.0,7440.23,47059.77,Northeast,1
2229,1566,2024-11-03,Completed,7,1,36500.0,4432.45,32067.55,Midwest,3
2230,1350,2024-11-22,Completed,1,2,57000.0,8024.82,48975.18,West,8
2231,828,2024-10-17,Completed,12,1,84500.0,18063.69,66436.31,Southeast,2
2232,1174,2024-11-16,Completed,11,1,69000.0,13844.46,55155.54,West,8
2233,103,2024-12-23,Completed,9,1,44000.0,5346.61,38653.39,Northeast,1
2234,1329,2024-12-15,Completed,11,1,69000.0,15357.5,53642.5,Northeast,1
2235,147,2024-10-10,Completed,6,1,31000.0,3986.82,27013.18,Northeast,1
2236,934,2024-11-29,Completed,1,1,28500.0,3092.09,25407.91,Midwest,7
2237,523,2024-12-25,Completed,15,1,54500.0,8578.92,45921.08,Southwest,4
2238,108,2024-12-03,Completed,9,1,44000.0,6570.2,37429.8,Northeast,1
2239,400,2024-11-25,Completed,13,1,56000.0,7780.79,48219.21,Southeast,6
2240,1165,2024-11-27,Completed,3,1,34000.0,3907.78,30092.22,West,5
2241,1113,2024-11-10,Completed,16,3,69000.0,11210.04,57789.96,Southeast,6
2242,437,2024-10-10,Completed,13,1,56000.0,8626.07,47373.93,Southwest,6
2243,352,2024-10-03,Completed,9,1,44000.0,5739.76,38260.24,Midwest,7
2244,110,2024-12-05,Completed,18,1,82000.0,16388.99,65611.01,West,5
2245,958,2024-10-22,Completed,19,1,49500.0,7890.88,41609.12,Southeast,6
2246,713,2024-10-10,Completed,6,1,31000.0,4498.1,26501.9,Northeast,1
2247,1488,2024-12-17,Completed,10,1,78500.0,14476.5,64023.5,Northeast,1
2248,1342,2024-12-25,Completed,11,1,69000.0,16151.42,52848.58,Southwest,6
2249,657,2024-12-22,Completed,14,1,48500.0,7698.98,40801.02,Midwest,3
2250,216,2024-12-01,Completed,9,1,44000.0,5353.45,38646.55,Southeast,6
2251,1499,2024-11-12,Completed,1,1,28500.0,4306.98,24193.02,Southeast,2
2252,809,2024-12-22,Completed,8,1,21500.0,2505.93,18994.07,Southwest,6
2253,609,2024-10-20,Completed,14,1,48500.0,7306.3,41193.7,Southeast,6
2254,26,2024-10-29,Completed,11,1,69000.0,13264.44,55735.56,Northeast,1
2255,774,2024-12-13,Completed,17,1,38500.0,5149.0,33351.0,Midwest,3
2256,245,2024-11-28,Completed,17,2,77000.0,11040.8,65959.2,Southwest,6
2257,794,2024-12-12,Completed,13,1,56000.0,7726.33,48273.67,West,8
2258,1154,2024-12-31,Completed,19,1,49500.0,5652.3,43847.7,West,8
2259,384,2024-11-02,Completed,19,1,49500.0,5893.47,43606.53,West,5
2260,443,2024-10-03,Completed,8,1,21500.0,3364.19,18135.81,West,5
2261,374,2024-10-21,Completed,19,1,49500.0,7431.95,42068.05,Midwest,3
2262,766,2024-12-21,Cancelled,7,2,73000.0,8697.84,64302.16,Southwest,4
2263,1050,2024-10-09,Completed,3,1,34000.0,5016.69,28983.31,Northeast,1
2264,123,2024-11-06,Completed,15,1,54500.0,7953.8,46546.2,Midwest,7
2265,149,2024-12-30,Completed,13,1,56000.0,8183.9,47816.1,Midwest,3
2266,879,2024-11-09,Completed,14,1,48500.0,7627.36,40872.64,Northeast,1
2267,961,2024-11-22,Completed,2,1,37500.0,5191.02,32308.98,Southeast,6
2268,1402,2024-12-01,Returned,11,2,138000.0,26794.84,111205.16,Northeast,1
2269,1247,2024-11-22,Completed,7,1,36500.0,5525.75,30974.25,Midwest,7
2270,155,2024-10-24,Completed,12,1,84500.0,12478.52,72021.48,Southwest,6
2271,113,2024-12-29,Completed,10,1,78500.0,16771.42,61728.58,Southwest,4
2272,390,2024-10-12,Completed,2,1,37500.0,5395.4,32104.6,West,8
2273,1563,2024-10-27,Completed,12,1,84500.0,19958.87,64541.13,Southeast,2
2274,307,2024-10-22,Completed,8,1,21500.0,2447.4,19052.6,Northeast,1
2275,340,2024-11-11,Completed,18,1,82000.0,12568.99,69431.01,Northeast,1
2276,625,2024-10-06,Completed,4,1,46500.0,7372.06,39127.94,Southwest,4
2277,323,2024-11-27,Completed,13,1,56000.0,7093.64,48906.36,Southwest,6
2278,1361,2024-11-23,Completed,2,1,37500.0,4857.23,32642.77,Southwest,4
2279,585,2024-11-08,Completed,19,1,49500.0,6515.67,42984.33,Midwest,7
2280,968,2024-12-15,Completed,1,1,28500.0,3045.55,25454.45,West,8
2281,457,2024-12-23,Completed,20,1,62000.0,9742.24,52257.76,Southwest,6
2282,317,2024-11-12,Completed,6,1,31000.0,3539.94,27460.06,Northeast,1
2283,1145,2024-10-16,Completed,14,1,48500.0,7835.61,40664.39,West,8
2284,409,2024-12-24,Completed,17,1,38500.0,5706.72,32793.28,Southeast,2
2285,1436,2024-12-02,Completed,16,1,23000.0,3512.09,19487.91,Northeast,1
2286,1548,2024-12-23,Completed,3,1,34000.0,4848.16,29151.84,West,8
2287,188,2024-10-04,Completed,1,1,28500.0,3779.77,24720.23,Southeast,2
2288,558,2024-11-03,Completed,4,1,46500.0,7205.61,39294.39,West,5
2289,459,2024-10-28,Completed,16,1,23000.0,2515.27,20484.73,West,5
2290,1000,2024-11-30,Completed,6,1,31000.0,4689.73,26310.27,Midwest,7
2291,1462,2024-11-30,Completed,19,1,49500.0,7842.93,41657.07,Southwest,4
2292,219,2024-10-17,Completed,3,1,34000.0,4568.22,29431.78,Southwest,4
2293,163,2024-12-09,Completed,18,1,82000.0,16114.99,65885.01,Southeast,2
2294,504,2024-11-20,Completed,12,1,84500.0,16552.05,67947.95,Northeast,1
2295,37,2024-12-21,Completed,3,1,34000.0,4009.27,29990.73,Southeast,2
2296,1152,2024-10-01,Completed,13,1,56000.0,6156.75,49843.25,Midwest,7
2297,420,2024-11-16,Completed,14,1,48500.0,7674.89,40825.11,Southwest,4
2298,1181,2024-10-05,Completed,5,1,42000.0,6774.67,35225.33,Midwest,3
2299,113,2024-10-17,Completed,17,1,38500.0,6200.57,32299.43,Southwest,4
2300,1394,2024-11-13,Completed,9,1,44000.0,5510.83,38489.17,West,5
2301,1205,2024-10-29,Completed,11,1,69000.0,13675.31,55324.69,Northeast,1
2302,1328,2024-11-25,Completed,6,2,62000.0,6530.24,55469.76,Midwest,3
2303,589,2024-11-19,Completed,13,1,56000.0,6077.08,49922.92,Midwest,3
2304,1217,2024-11-21,Completed,4,1,46500.0,7258.59,39241.41,Northeast,1
2305,43,2024-11-30,Completed,6,1,31000.0,3430.11,27569.89,West,5
2306,1554,2024-12-21,Completed,16,3,69000.0,7926.72,61073.28,West,5
2307,772,2024-10-30,Completed,16,1,23000.0,2536.97,20463.03,West,5
2308,81,2024-10-28,Completed,6,1,31000.0,3283.51,27716.49,Southwest,4
2309,646,2024-11-09,Completed,18,1,82000.0,14028.31,67971.69,Southwest,6
2310,1321,2024-11-03,Completed,10,1,78500.0,13978.59,64521.41,West,5
2311,662,2024-10-02,Completed,18,1,82000.0,15044.21,66955.79,Midwest,3
2312,1391,2024-12-02,Completed,2,1,37500.0,4153.98,33346.02,Northeast,1
2313,433,2024-10-25,Completed,20,1,62000.0,9273.57,52726.43,Northeast,1
2314,784,2024-10-18,Completed,5,1,42000.0,5110.0,36890.0,Midwest,7
2315,324,2024-12-11,Returned,14,1,48500.0,6980.42,41519.58,Midwest,7
2316,1567,2024-10-02,Completed,17,1,38500.0,4622.04,33877.96,West,5
2317,251,2024-10-16,Completed,19,3,148500.0,22646.16,125853.84,Northeast,1
2318,31,2024-10-25,Completed,18,1,82000.0,13171.01,68828.99,Southeast,6
2319,252,2024-12-14,Completed,15,1,54500.0,6796.31,47703.69,West,5
2320,569,2024-11-14,Returned,9,1,44000.0,7111.37,36888.63,West,8
2321,870,2024-11-17,Completed,13,1,56000.0,7894.2,48105.8,Midwest,3
2322,88,2024-10-30,Completed,17,1,38500.0,5465.0,33035.0,Midwest,3
2323,632,2024-10-09,Completed,18,2,164000.0,31964.52,132035.48,Southwest,6
2324,16,2024-12-20,Completed,3,1,34000.0,4116.77,29883.23,West,8
2325,1077,2024-10-28,Completed,9,1,44000.0,5128.93,38871.07,Southeast,6
2326,350,2024-11-29,Completed,1,1,28500.0,3753.85,24746.15,Southeast,6
2327,398,2024-11-09,Completed,2,1,37500.0,4157.35,33342.65,West,8
2328,256,2024-12-17,Completed,12,1,84500.0,17142.29,67357.71,Southeast,6
2329,1466,2024-12-25,Completed,4,1,46500.0,6352.43,40147.57,Southwest,4
2330,1565,2024-12-09,Completed,14,1,48500.0,7520.89,40979.11,Northeast,1
2331,1332,2024-11-09,Completed,5,1,42000.0,6366.1,35633.9,West,5
2332,405,2024-10-24,Completed,11,1,69000.0,15568.59,53431.41,Midwest,3
2333,1350,2024-11-14,Completed,8,1,21500.0,2907.47,18592.53,West,5
2334,267,2024-10-31,Completed,15,1,54500.0,8205.17,46294.83,Midwest,3
2335,8,2024-12-07,Completed,11,1,69000.0,13566.59,55433.41,Southeast,6
2336,674,2024-12-17,Returned,18,1,82000.0,17770.24,64229.76,Southwest,4
2337,502,2024-11-01,Completed,14,1,48500.0,6809.58,41690.42,Northeast,1
2338,1377,2024-11-13,Completed,6,1,31000.0,3685.03,27314.97,Northeast,1
2339,159,2024-11-05,Completed,18,3,246000.0,48776.28,197223.72,Southeast,2
2340,676,2024-11-27,Completed,7,1,36500.0,4301.31,32198.69,Southwest,6
2341,1553,2024-12-30,Completed,7,1,36500.0,5171.07,31328.93,Northeast,1
2342,515,2024-11-07,Completed,8,1,21500.0,3493.37,18006.63,Northeast,1
2343,702,2024-11-04,Completed,16,1,23000.0,3039.98,19960.02,Southeast,6
2344,1109,2024-11-26,Completed,18,1,82000.0,16961.1,65038.9,West,8
2345,319,2024-12-03,Completed,3,1,34000.0,4547.95,29452.05,Midwest,7
2346,6,2024-11-22,Returned,4,1,46500.0,7093.0,39407.0,Southwest,4
2347,1125,2024-12-18,Completed,9,4,176000.0,22443.4,153556.6,Southwest,4
2348,7,2024-11-29,Completed,18,1,82000.0,18509.81,63490.19,West,5
2349,372,2024-11-16,Completed,1,2,57000.0,9019.74,47980.26,Southwest,6
2350,1365,2024-10-02,Completed,9,1,44000.0,6595.29,37404.71,Southwest,6
2351,1028,2024-10-15,Completed,9,1,44000.0,5621.95,38378.05,West,5
2352,768,2024-11-07,Completed,8,1,21500.0,2854.8,18645.2,West,5
2353,742,2024-11-12,Completed,6,1,31000.0,4715.68,26284.32,West,5
2354,636,2024-10-21,Completed,19,1,49500.0,8026.72,41473.28,Southeast,6
2355,627,2024-12-21,Completed,9,1,44000.0,5306.67,38693.33,Midwest,7
2356,1231,2024-10-27,Completed,13,1,56000.0,6858.5,49141.5,Southwest,4
2357,63,2024-12-17,Completed,19,1,49500.0,6609.62,42890.38,West,8
2358,1080,2024-11-23,Completed,20,1,62000.0,8154.46,53845.54,Southwest,6
2359,1188,2024-12-02,Completed,14,1,48500.0,6965.84,41534.16,Southwest,4
2360,243,2024-11-27,Completed,16,1,23000.0,2456.55,20543.45,Southwest,6
2361,1205,2024-10-18,Completed,15,1,54500.0,7042.54,47457.46,Northeast,1
2362,17,2024-12-14,Completed,17,1,38500.0,5811.98,32688.02,Northeast,1
2363,109,2024-12-19,Completed,10,1,78500.0,15920.88,62579.12,Southeast,6
2364,910,2024-10-09,Completed,6,1,31000.0,4277.27,26722.73,Southeast,2
2365,490,2024-11-18,Cancelled,15,1,54500.0,7508.37,46991.63,Northeast,1
2366,1385,2024-12-17,Completed,1,1,28500.0,3949.81,24550.19,Southeast,6
2367,661,2024-12-16,Completed,13,1,56000.0,9133.86,46866.14,Southeast,6
2368,833,2024-12-06,Completed,9,2,88000.0,13280.44,74719.56,West,5
2369,953,2024-10-16,Completed,16,1,23000.0,2594.16,20405.84,Southwest,6
2370,461,2024-10-04,Completed,6,2,62000.0,10064.32,51935.68,West,8
2371,1435,2024-11-18,Completed,4,1,46500.0,6364.09,40135.91,Midwest,7
2372,659,2024-11-01,Completed,1,1,28500.0,4074.9,24425.1,Southwest,6
2373,648,2024-10-12,Completed,5,1,42000.0,6441.49,35558.51,Northeast,1
2374,855,2024-11-29,Completed,20,1,62000.0,6856.69,55143.31,Midwest,7
2375,41,2024-11-09,Completed,3,1,34000.0,4694.88,29305.12,Northeast,1
2376,359,2024-12-31,Completed,19,1,49500.0,7695.96,41804.04,Southeast,6
2377,1308,2024-11-01,Completed,8,1,21500.0,3323.54,18176.46,West,8
2378,1110,2024-10-29,Completed,5,1,42000.0,6876.63,35123.37,Midwest,3
2379,1445,2024-12-05,Completed,18,2,164000.0,26875.42,137124.58,Southwest,6
2380,1092,2024-10-17,Completed,7,1,36500.0,5470.5,31029.5,Southwest,4
2381,949,2024-11-02,Completed,14,1,48500.0,6892.15,41607.85,Midwest,7
2382,646,2024-11-14,Completed,7,1,36500.0,4601.89,31898.11,Southwest,6
2383,1310,2024-12-15,Completed,11,1,69000.0,10994.9,58005.1,Southeast,6
2384,320,2024-12-10,Completed,1,1,28500.0,3991.92,24508.08,Midwest,3
2385,492,2024-12-27,Completed,16,1,23000.0,3289.95,19710.05,West,5
2386,1453,2024-12-27,Completed,6,1,31000.0,3898.92,27101.08,Southwest,6
2387,470,2024-12-09,Completed,20,1,62000.0,7413.77,54586.23,Southeast,6
2388,1085,2024-12-07,Completed,1,4,114000.0,16613.36,97386.64,Northeast,1
2389,886,2024-12-11,Completed,16,1,23000.0,3286.0,19714.0,Southwest,6
2390,1312,2024-12-26,Completed,8,1,21500.0,3413.29,18086.71,Southwest,6
2391,846,2024-12-25,Completed,5,1,42000.0,4525.03,37474.97,Northeast,1
2392,390,2024-12-01,Completed,12,1,84500.0,13469.37,71030.63,West,8
2393,1551,2024-10-16,Completed,7,1,36500.0,5824.92,30675.08,Midwest,3
2394,861,2024-11-20,Completed,5,1,42000.0,4577.03,37422.97,Southwest,4
2395,345,2024-12-09,Completed,1,1,28500.0,3121.15,25378.85,Northeast,1
2396,1091,2024-11-07,Completed,15,1,54500.0,6411.8,48088.2,Midwest,7
2397,616,2024-10-17,Returned,8,1,21500.0,3211.44,18288.56,West,8
2398,1083,2024-12-02,Completed,20,1,62000.0,7122.02,54877.98,Northeast,1
2399,1092,2024-11-30,Completed,15,1,54500.0,7865.34,46634.66,Southwest,6
2400,922,2024-11-28,Completed,12,1,84500.0,19469.33,65030.67,West,8
2401,1467,2024-12-14,Completed,20,1,62000.0,8682.39,53317.61,Southeast,6
2402,439,2024-11-06,Completed,7,1,36500.0,4411.9,32088.1,Northeast,1
2403,537,2024-11-29,Completed,15,1,54500.0,6857.9,47642.1,Northeast,1
2404,289,2024-11-30,Completed,17,1,38500.0,5508.55,32991.45,West,8
2405,109,2024-12-09,Cancelled,9,1,44000.0,6080.95,37919.05,Southeast,2
2406,1029,2024-10-22,Completed,1,1,28500.0,3509.92,24990.08,Northeast,1
2407,741,2024-10-12,Completed,13,1,56000.0,7615.55,48384.45,Northeast,1
2408,992,2024-10-20,Completed,7,1,36500.0,5646.09,30853.91,Northeast,1
2409,1512,2024-11-05,Completed,17,1,38500.0,4275.46,34224.54,Midwest,3
2410,778,2024-11-13,Completed,17,1,38500.0,5521.08,32978.92,Southwest,6
2411,1345,2024-12-25,Completed,8,1,21500.0,3326.54,18173.46,Southwest,4
2412,1573,2024-11-14,Completed,4,1,46500.0,6615.05,39884.95,Southeast,2
2413,741,2024-10-10,Completed,20,1,62000.0,10143.2,51856.8,Northeast,1
2414,905,2024-12-05,Completed,13,1,56000.0,8539.68,47460.32,West,5
2415,659,2024-10-27,Returned,7,1,36500.0,3966.61,32533.39,Southwest,6
2416,194,2024-11-29,Completed,18,1,82000.0,15256.56,66743.44,Southeast,6
2417,50,2024-11-08,Completed,20,1,62000.0,9185.55,52814.45,Northeast,1
2418,317,2024-11-03,Completed,13,1,56000.0,6349.92,49650.08,Northeast,1
2419,825,2024-11-29,Completed,4,1,46500.0,4902.09,41597.91,Southwest,6
2420,1252,2024-11-08,Completed,11,1,69000.0,14213.85,54786.15,Northeast,1
2421,1442,2024-11-11,Completed,13,1,56000.0,6979.02,49020.98,Southwest,6
2422,611,2024-12-08,Completed,3,1,34000.0,4683.07,29316.93,Midwest,3
2423,743,2024-12-09,Cancelled,5,1,42000.0,5133.08,36866.92,Northeast,1
2424,998,2024-11-01,Completed,9,1,44000.0,6810.47,37189.53,West,5
2425,456,2024-12-26,Completed,19,1,49500.0,7100.91,42399.09,Southeast,2
2426,278,2024-12-26,Completed,15,1,54500.0,8925.94,45574.06,Northeast,1
2427,556,2024-12-27,Completed,16,1,23000.0,3201.49,19798.51,Northeast,1
2428,328,2024-12-08,Completed,3,1,34000.0,4865.84,29134.16,West,8
2429,516,2024-11-01,Completed,5,1,42000.0,6480.0,35520.0,Midwest,7
2430,748,2024-11-22,Completed,11,1,69000.0,12509.47,56490.53,Southwest,4
2431,1290,2024-12-07,Completed,4,1,46500.0,6904.02,39595.98,Southwest,4
2432,869,2024-10-09,Completed,19,1,49500.0,7389.18,42110.82,Northeast,1
2433,1428,2024-10-09,Returned,3,1,34000.0,5560.1,28439.9,Southeast,2
2434,1423,2024-12-19,Completed,12,1,84500.0,19707.06,64792.94,West,8
2435,1580,2024-10-26,Completed,19,1,49500.0,7633.0,41867.0,West,8
2436,737,2024-10-30,Completed,8,1,21500.0,2934.07,18565.93,West,5
2437,718,2024-12-24,Completed,7,1,36500.0,5825.99,30674.01,West,5
2438,117,2024-12-16,Completed,20,1,62000.0,9765.92,52234.08,Southwest,6
2439,1041,2024-11-29,Completed,13,1,56000.0,8334.8,47665.2,Southwest,6
2440,1513,2024-12-06,Completed,19,1,49500.0,5962.17,43537.83,Northeast,1
2441,1011,2024-10-03,Completed,14,1,48500.0,7965.51,40534.49,Southwest,4
2442,1562,2024-11-06,Completed,20,3,186000.0,24511.41,161488.59,West,5
2443,1229,2024-12-04,Completed,15,1,54500.0,5727.2,48772.8,Southwest,4
2444,1400,2024-11-07,Completed,10,1,78500.0,17208.67,61291.33,Southeast,6
2445,969,2024-11-24,Completed,16,1,23000.0,3653.6,19346.4,Southeast,6
2446,1371,2024-11-12,Completed,18,1,82000.0,17956.52,64043.48,Southeast,2
2447,32,2024-10-18,Completed,18,2,164000.0,30729.3,133270.7,West,8
2448,711,2024-11-16,Completed,17,2,77000.0,9995.94,67004.06,Southeast,6
2449,1357,2024-12-07,Completed,17,1,38500.0,5135.07,33364.93,Northeast,1
2450,1274,2024-10-31,Completed,17,1,38500.0,4848.97,33651.03,Southeast,6
2451,435,2024-12-25,Completed,16,1,23000.0,3080.69,19919.31,West,8
2452,714,2024-11-16,Completed,5,1,42000.0,5114.11,36885.89,Midwest,3
2453,1462,2024-10-12,Completed,14,1,48500.0,6377.23,42122.77,Southwest,6
2454,458,2024-12-17,Completed,12,3,253500.0,43448.37,210051.63,West,8
2455,1511,2024-10-11,Completed,3,1,34000.0,5451.93,28548.07,Southwest,6
2456,849,2024-10-11,Completed,13,1,56000.0,6426.21,49573.79,Southwest,6
2457,1004,2024-11-23,Completed,5,1,42000.0,4762.65,37237.35,Midwest,7
2458,193,2024-11-17,Completed,6,1,31000.0,4028.31,26971.69,Southeast,2
2459,536,2024-10-14,Completed,7,1,36500.0,5402.3,31097.7,West,8
2460,1569,2024-10-10,Completed,13,1,56000.0,9219.22,46780.78,Northeast,1
2461,316,2024-11-22,Completed,7,1,36500.0,4050.7,32449.3,Northeast,1
2462,608,2024-12-02,Completed,9,1,44000.0,5168.69,38831.31,Northeast,1
2463,816,2024-11-01,Completed,6,1,31000.0,4576.25,26423.75,West,8
2464,467,2024-10-12,Completed,12,1,84500.0,16906.81,67593.19,Southeast,2
2465,1480,2024-11-19,Completed,7,2,73000.0,10534.5,62465.5,West,5
2466,158,2024-10-06,Completed,20,1,62000.0,10205.49,51794.51,West,5
2467,1541,2024-10-26,Completed,6,1,31000.0,4301.08,26698.92,Midwest,3
2468,1140,2024-12-07,Completed,4,1,46500.0,6455.59,40044.41,Southwest,6
2469,7,2024-10-26,Cancelled,9,1,44000.0,7190.29,36809.71,West,8
2470,54,2024-11-08,Completed,4,1,46500.0,6151.9,40348.1,Northeast,1
2471,1210,2024-12-08,Completed,16,1,23000.0,3609.18,19390.82,Northeast,1
2472,1414,2024-10-08,Completed,2,1,37500.0,4173.84,33326.16,Midwest,7
2473,697,2024-11-18,Cancelled,3,1,34000.0,5294.07,28705.93,Southeast,2
2474,779,2024-10-19,Completed,4,1,46500.0,5634.6,40865.4,Northeast,1
2475,1524,2024-10-20,Completed,3,1,34000.0,5003.02,28996.98,Southwest,4
2476,682,2024-11-03,Completed,12,1,84500.0,15052.3,69447.7,Southwest,6
2477,1427,2024-11-22,Completed,9,1,44000.0,5696.85,38303.15,Midwest,7
2478,564,2024-10-28,Completed,1,1,28500.0,3936.12,24563.88,Southeast,6
2479,685,2024-10-16,Completed,7,1,36500.0,5671.04,30828.96,Midwest,3
2480,1172,2024-12-16,Completed,16,1,23000.0,3391.62,19608.38,Northeast,1
2481,340,2024-10-22,Completed,6,1,31000.0,5099.4,25900.6,Northeast,1
2482,835,2024-11-19,Completed,19,1,49500.0,7757.04,41742.96,Southeast,2
2483,516,2024-12-15,Completed,16,1,23000.0,2950.26,20049.74,Midwest,3
2484,1257,2024-10-21,Cancelled,14,1,48500.0,5664.65,42835.35,Midwest,7
2485,1490,2024-12-10,Completed,8,1,21500.0,2524.82,18975.18,Southeast,6
2486,1525,2024-10-05,Completed,5,1,42000.0,5824.71,36175.29,Midwest,7
2487,144,2024-10-02,Completed,12,1,84500.0,16582.46,67917.54,West,8
2488,1516,2024-11-04,Completed,6,1,31000.0,4457.16,26542.84,Midwest,3
2489,267,2024-10-23,Completed,14,1,48500.0,6166.24,42333.76,Midwest,7
2490,841,2024-11-17,Completed,10,2,157000.0,32879.06,124120.94,Northeast,1
2491,991,2024-12-12,Completed,2,1,37500.0,4496.3,33003.7,Southeast,6
2492,1501,2024-11-04,Completed,8,1,21500.0,2438.4,19061.6,Northeast,1
2493,708,2024-10-27,Completed,3,1,34000.0,5287.44,28712.56,Midwest,3
2494,160,2024-10-31,Returned,16,1,23000.0,2672.14,20327.86,West,5
2495,781,2024-12-23,Completed,5,1,42000.0,4821.58,37178.42,Southwest,4
2496,224,2024-10-09,Cancelled,2,1,37500.0,6186.47,31313.53,West,5
2497,630,2024-10-17,Completed,13,1,56000.0,5965.74,50034.26,West,5
2498,786,2024-12-12,Completed,12,1,84500.0,15571.77,68928.23,Southwest,6
2499,154,2024-12-27,Completed,12,2,169000.0,28324.64,140675.36,Northeast,1
2500,548,2024-11-15,Completed,3,1,34000.0,4635.67,29364.33,Midwest,3
2501,1404,2024-11-28,Completed,4,1,46500.0,5838.8,40661.2,Southwest,6
2502,525,2024-11-25,Completed,12,2,169000.0,32534.18,136465.82,Southeast,2
2503,1018,2024-11-14,Completed,4,1,46500.0,7384.26,39115.74,Midwest,3
2504,1124,2024-11-08,Completed,15,1,54500.0,5835.26,48664.74,Southwest,4
2505,487,2024-12-23,Completed,16,1,23000.0,3564.75,19435.25,Southwest,4
2506,144,2024-12-30,Completed,17,1,38500.0,4469.23,34030.77,West,8
2507,611,2024-11-03,Completed,15,1,54500.0,8406.61,46093.39,Midwest,7
2508,1124,2024-11-25,Cancelled,2,1,37500.0,4689.62,32810.38,Southwest,4
2509,965,2024-11-04,Completed,9,1,44000.0,5983.97,38016.03,Midwest,7
2510,457,2024-12-04,Completed,13,1,56000.0,6159.7,49840.3,Southwest,4
2511,1297,2024-12-25,Completed,17,1,38500.0,4937.34,33562.66,Southwest,4
2512,822,2024-12-22,Completed,2,1,37500.0,5471.95,32028.05,West,8
2513,370,2024-12-26,Returned,13,1,56000.0,8136.61,47863.39,West,8
2514,424,2024-10-30,Completed,7,1,36500.0,5620.03,30879.97,Southeast,6
2515,1023,2024-11-15,Completed,2,1,37500.0,4701.96,32798.04,Southeast,2
2516,760,2024-11-14,Completed,19,1,49500.0,7954.04,41545.96,West,5
2517,1222,2024-11-20,Completed,13,1,56000.0,9080.49,46919.51,West,5
2518,432,2024-12-18,Completed,14,1,48500.0,6528.05,41971.95,Northeast,1
2519,1425,2024-12-12,Completed,4,1,46500.0,7021.94,39478.06,Southeast,6
2520,913,2024-10-14,Completed,7,1,36500.0,5890.34,30609.66,West,5
2521,1138,2024-12-14,Completed,7,1,36500.0,5694.71,30805.29,Midwest,7
2522,1012,2024-11-03,Completed,6,1,31000.0,4368.13,26631.87,West,5
2523,12,2024-10-01,Completed,8,1,21500.0,2589.14,18910.86,Southeast,6
2524,812,2024-11-21,Completed,5,1,42000.0,5079.97,36920.03,Southwest,6
2525,955,2024-10-17,Completed,14,1,48500.0,7657.8,40842.2,West,5
2526,369,2024-10-03,Completed,9,1,44000.0,5418.0,38582.0,Southwest,6
2527,394,2024-12-13,Completed,14,1,48500.0,6401.39,42098.61,Southwest,4
2528,623,2024-10-11,Completed,7,1,36500.0,4322.75,32177.25,West,5
2529,696,2024-12-05,Completed,8,1,21500.0,3261.01,18238.99,Northeast,1
2530,1490,2024-12-23,Completed,6,1,31000.0,3786.05,27213.95,Southeast,6
2531,874,2024-10-15,Completed,9,1,44000.0,6560.79,37439.21,Southwest,6
2532,1506,2024-12-30,Completed,6,1,31000.0,4039.07,26960.93,Southwest,4
2533,1177,2024-10-03,Completed,10,1,78500.0,15068.98,63431.02,Southwest,6
2534,445,2024-10-06,Completed,7,1,36500.0,4325.53,32174.47,West,5
2535,597,2024-10-14,Completed,17,1,38500.0,5650.31,32849.69,Southeast,2
2536,145,2024-11-05,Completed,4,1,46500.0,6355.1,40144.9,Midwest,7
2537,1451,2024-12-06,Completed,12,1,84500.0,15085.7,69414.3,Southeast,2
2538,916,2024-11-26,Completed,11,2,138000.0,22966.74,115033.26,Northeast,1
2539,140,2024-10-28,Completed,5,1,42000.0,6859.69,35140.31,Southwest,4
2540,1314,2024-11-23,Completed,9,1,44000.0,5961.92,38038.08,Southeast,2
2541,741,2024-12-29,Completed,16,1,23000.0,3069.22,19930.78,Northeast,1
2542,628,2024-10-12,Completed,1,1,28500.0,4528.34,23971.66,Northeast,1
2543,511,2024-10-17,Completed,13,1,56000.0,9119.79,46880.21,Southwest,6
2544,1350,2024-11-14,Completed,16,2,46000.0,6297.5,39702.5,West,8
2545,367,2024-12-01,Completed,8,1,21500.0,3240.02,18259.98,Southwest,6
2546,486,2024-12-19,Completed,7,1,36500.0,4485.99,32014.01,Southwest,4
2547,1452,2024-11-15,Cancelled,7,1,36500.0,5169.13,31330.87,Northeast,1
2548,22,2024-12-17,Completed,8,1,21500.0,2917.26,18582.74,Northeast,1
2549,1412,2024-10-29,Completed,15,1,54500.0,8660.89,45839.11,Southeast,6
2550,618,2024-12-08,Completed,14,1,48500.0,6592.78,41907.22,West,5
2551,213,2024-12-02,Completed,8,2,43000.0,5691.74,37308.26,Midwest,3
2552,971,2024-10-28,Completed,3,1,34000.0,4048.48,29951.52,Southeast,6
2553,1587,2024-11-20,Completed,4,1,46500.0,6066.01,40433.99,Northeast,1
2554,1289,2024-12-04,Completed,13,1,56000.0,6303.22,49696.78,Southwest,6
2555,1063,2024-10-12,Completed,14,1,48500.0,6138.08,42361.92,Midwest,7
2556,388,2024-10-04,Completed,10,1,78500.0,15654.16,62845.84,Southeast,6
2557,381,2024-11-10,Completed,17,1,38500.0,6233.84,32266.16,Southwest,6
2558,876,2024-11-28,Completed,20,1,62000.0,7244.4,54755.6,Southeast,2
2559,331,2024-11-21,Completed,7,1,36500.0,5995.61,30504.39,West,8
2560,1430,2024-10-05,Completed,7,1,36500.0,4549.74,31950.26,Southwest,4
2561,984,2024-10-13,Completed,1,1,28500.0,3725.4,24774.6,Southwest,4
2562,396,2024-11-19,Completed,18,1,82000.0,16612.33,65387.67,West,5
2563,1040,2024-11-09,Cancelled,1,2,57000.0,7366.02,49633.98,Midwest,3
2564,1454,2024-10-04,Completed,1,1,28500.0,3462.33,25037.67,Southeast,6
2565,1292,2024-10-28,Completed,14,2,97000.0,13688.94,83311.06,Southeast,2
2566,442,2024-10-18,Completed,9,1,44000.0,6529.5,37470.5,Southwest,4
2567,162,2024-12-02,Completed,9,1,44000.0,7227.31,36772.69,West,8
2568,1428,2024-10-04,Completed,9,1,44000.0,6917.25,37082.75,Southeast,2
2569,1011,2024-10-01,Completed,5,1,42000.0,4878.13,37121.87,Southwest,4
2570,221,2024-12-16,Completed,12,1,84500.0,19879.59,64620.41,Midwest,3
