shipment_id,order_id,dispatch_center_id,carrier_id,dispatch_date,shipped_date,promised_delivery_date,actual_delivery_date,delivery_status,delivery_days,delay_days
1,1,5,4,2024-03-14,2024-03-14,2024-03-16,2024-03-16,On-Time,2,0
2,2,6,4,2024-01-16,2024-01-16,2024-01-17,2024-01-17,On-Time,1,0
3,3,2,5,2024-01-06,2024-01-06,2024-01-10,2024-01-14,Delayed,8,4
4,4,2,2,2024-01-16,2024-01-16,2024-01-18,2024-01-19,Delayed,3,1
5,5,7,3,2024-02-02,2024-02-02,2024-02-06,2024-02-06,On-Time,4,0
6,6,8,2,2024-03-27,2024-03-27,2024-03-28,2024-03-28,On-Time,1,0
7,7,7,5,2024-03-10,2024-03-10,2024-03-14,2024-03-14,On-Time,4,0
8,8,2,1,2024-01-31,2024-01-31,2024-02-03,2024-02-03,On-Time,3,0
9,9,3,1,2024-03-06,2024-03-06,2024-03-08,2024-03-08,On-Time,2,0
10,10,8,1,2024-02-28,2024-02-28,2024-03-01,2024-03-01,On-Time,2,0
11,11,6,5,2024-03-22,2024-03-22,2024-03-26,2024-03-26,On-Time,4,0
12,12,7,1,2024-03-01,2024-03-01,2024-03-04,2024-03-04,On-Time,3,0
13,13,6,2,2024-02-18,2024-02-18,2024-02-19,2024-02-19,On-Time,1,0
14,14,6,1,2024-03-04,2024-03-04,2024-03-06,2024-03-06,On-Time,2,0
15,15,2,2,2024-01-19,2024-01-19,2024-01-20,2024-01-20,On-Time,1,0
16,16,7,5,2024-01-09,2024-01-09,2024-01-14,2024-01-14,On-Time,5,0
17,17,7,3,2024-03-07,2024-03-07,2024-03-11,2024-03-14,Delayed,7,3
18,18,3,5,2024-03-02,2024-03-02,2024-03-07,2024-03-09,Delayed,7,2
19,19,3,5,2024-03-17,2024-03-17,2024-03-21,,Cancelled,0,0
20,20,6,3,2024-03-09,2024-03-09,2024-03-13,2024-03-13,On-Time,4,0
21,21,6,3,2024-01-31,2024-01-31,2024-02-04,2024-02-04,On-Time,4,0
22,22,3,4,2024-01-31,2024-01-31,2024-02-02,2024-02-02,On-Time,2,0
23,23,4,4,2024-02-23,2024-02-23,2024-02-25,2024-02-25,On-Time,2,0
24,24,1,4,2024-01-07,2024-01-07,2024-01-08,2024-01-08,On-Time,1,0
25,25,3,1,2024-02-15,2024-02-15,2024-02-17,2024-02-17,On-Time,2,0
26,26,4,2,2024-02-08,2024-02-08,2024-02-10,2024-02-10,On-Time,2,0
27,27,1,4,2024-01-25,2024-01-25,2024-01-26,2024-01-30,Delayed,5,4
28,28,6,3,2024-01-20,2024-01-20,2024-01-24,2024-01-27,Delayed,7,3
29,29,2,1,2024-02-04,2024-02-04,2024-02-07,2024-02-07,On-Time,3,0
30,30,6,2,2024-03-12,2024-03-12,2024-03-13,2024-03-13,On-Time,1,0
31,31,6,1,2024-02-08,2024-02-08,2024-02-11,2024-02-11,On-Time,3,0
32,32,2,3,2024-01-30,2024-01-30,2024-02-03,2024-02-03,On-Time,4,0
33,33,2,2,2024-03-27,2024-03-27,2024-03-28,2024-03-28,On-Time,1,0
34,34,5,2,2024-01-18,2024-01-18,2024-01-20,2024-01-20,On-Time,2,0
35,35,4,3,2024-03-24,2024-03-24,2024-03-27,2024-03-27,On-Time,3,0
36,36,1,2,2024-01-15,2024-01-15,2024-01-16,2024-01-16,On-Time,1,0
37,37,7,5,2024-03-03,2024-03-03,2024-03-08,2024-03-08,On-Time,5,0
38,38,6,1,2024-02-05,2024-02-05,2024-02-07,2024-02-07,On-Time,2,0
39,39,8,2,2024-01-30,2024-01-30,2024-02-01,2024-02-01,On-Time,2,0
40,40,2,3,2024-04-01,2024-04-01,2024-04-05,2024-04-05,On-Time,4,0
41,41,4,1,2024-02-08,2024-02-08,2024-02-11,2024-02-11,On-Time,3,0
42,42,8,4,2024-01-05,2024-01-05,2024-01-07,2024-01-07,On-Time,2,0
43,43,1,1,2024-04-02,2024-04-02,2024-04-04,2024-04-04,On-Time,2,0
44,44,6,4,2024-03-08,2024-03-08,2024-03-09,2024-03-09,On-Time,1,0
45,45,6,4,2024-02-08,2024-02-08,2024-02-09,2024-02-09,On-Time,1,0
46,46,1,1,2024-02-21,2024-02-21,2024-02-24,2024-02-24,On-Time,3,0
47,47,5,4,2024-01-21,2024-01-21,2024-01-22,2024-01-22,On-Time,1,0
48,48,6,3,2024-03-18,2024-03-18,2024-03-22,2024-03-22,On-Time,4,0
49,49,4,1,2024-04-01,2024-04-01,2024-04-03,2024-04-03,On-Time,2,0
50,50,1,5,2024-02-25,2024-02-25,2024-02-29,2024-02-29,On-Time,4,0
51,51,1,2,2024-03-29,2024-03-29,2024-03-31,2024-03-31,On-Time,2,0
52,52,6,3,2024-01-21,2024-01-21,2024-01-25,2024-01-29,Delayed,8,4
53,53,6,3,2024-02-16,2024-02-16,2024-02-19,2024-02-19,On-Time,3,0
54,54,7,3,2024-01-16,2024-01-16,2024-01-19,2024-01-19,On-Time,3,0
55,55,2,3,2024-01-31,2024-01-31,2024-02-04,2024-02-04,On-Time,4,0
56,56,2,5,2024-02-28,2024-02-28,2024-03-03,2024-03-03,On-Time,4,0
57,57,1,2,2024-02-12,2024-02-12,2024-02-13,2024-02-13,On-Time,1,0
58,58,6,4,2024-02-26,2024-02-26,2024-02-28,2024-02-28,On-Time,2,0
59,59,1,3,2024-01-03,2024-01-03,2024-01-07,2024-01-07,On-Time,4,0
60,60,2,4,2024-03-25,2024-03-25,2024-03-26,2024-03-26,On-Time,1,0
61,61,1,1,2024-03-20,2024-03-20,2024-03-23,2024-03-23,On-Time,3,0
62,62,8,2,2024-02-07,2024-02-07,2024-02-08,2024-02-08,On-Time,1,0
63,63,1,5,2024-01-10,2024-01-10,2024-01-15,2024-01-15,On-Time,5,0
64,64,3,2,2024-02-15,2024-02-15,2024-02-17,2024-02-17,On-Time,2,0
65,65,6,2,2024-01-29,2024-01-29,2024-01-31,2024-01-31,On-Time,2,0
66,66,8,3,2024-03-15,2024-03-15,2024-03-18,2024-03-18,On-Time,3,0
67,67,1,2,2024-02-28,2024-02-28,2024-03-01,2024-03-01,On-Time,2,0
68,68,2,4,2024-03-13,2024-03-13,2024-03-14,2024-03-15,Delayed,2,1
69,69,3,3,2024-03-17,2024-03-17,2024-03-21,2024-03-21,On-Time,4,0
70,70,1,4,2024-01-26,2024-01-26,2024-01-27,2024-01-27,On-Time,1,0
71,71,4,5,2024-02-03,2024-02-03,2024-02-08,2024-02-08,On-Time,5,0
72,72,5,3,2024-03-07,2024-03-07,2024-03-11,2024-03-11,On-Time,4,0
73,73,4,2,2024-02-22,2024-02-22,2024-02-23,2024-02-25,Delayed,3,2
74,74,7,4,2024-02-19,2024-02-19,2024-02-20,2024-02-20,On-Time,1,0
75,75,6,4,2024-01-19,2024-01-19,2024-01-21,2024-01-21,On-Time,2,0
76,76,4,2,2024-03-07,2024-03-07,2024-03-08,2024-03-08,On-Time,1,0
77,77,7,2,2024-03-25,2024-03-25,2024-03-27,2024-03-27,On-Time,2,0
78,78,5,3,2024-02-15,2024-02-15,2024-02-19,2024-02-19,On-Time,4,0
79,79,6,5,2024-02-26,2024-02-26,2024-03-01,2024-03-01,On-Time,4,0
80,80,6,2,2024-02-26,2024-02-26,2024-02-27,2024-02-27,On-Time,1,0
81,81,4,5,2024-03-01,2024-03-01,2024-03-05,2024-03-05,On-Time,4,0
82,82,5,5,2024-03-23,2024-03-23,2024-03-28,2024-03-28,On-Time,5,0
83,83,7,1,2024-02-06,2024-02-06,2024-02-09,2024-02-09,On-Time,3,0
84,84,8,4,2024-03-24,2024-03-24,2024-03-25,2024-03-28,Delayed,4,3
85,85,1,1,2024-01-17,2024-01-17,2024-01-19,2024-01-19,On-Time,2,0
86,86,6,3,2024-02-06,2024-02-06,2024-02-10,2024-02-10,On-Time,4,0
87,87,3,5,2024-01-19,2024-01-19,2024-01-23,2024-01-23,On-Time,4,0
88,88,6,4,2024-02-13,2024-02-13,2024-02-15,2024-02-15,On-Time,2,0
89,89,7,5,2024-03-29,2024-03-29,2024-04-02,,Cancelled,0,0
90,90,6,5,2024-02-12,2024-02-12,2024-02-16,2024-02-16,On-Time,4,0
91,91,2,1,2024-02-02,2024-02-02,2024-02-04,2024-02-04,On-Time,2,0
92,92,6,3,2024-02-22,2024-02-22,2024-02-26,2024-02-26,On-Time,4,0
93,93,4,4,2024-02-22,2024-02-22,2024-02-23,2024-02-26,Delayed,4,3
94,94,4,2,2024-02-20,2024-02-20,2024-02-22,2024-02-22,On-Time,2,0
95,95,6,5,2024-01-23,2024-01-23,2024-01-28,2024-01-28,On-Time,5,0
96,96,5,2,2024-01-25,2024-01-25,2024-01-26,2024-01-26,On-Time,1,0
97,97,1,4,2024-03-01,2024-03-01,2024-03-03,2024-03-04,Delayed,3,1
98,98,2,4,2024-02-21,2024-02-21,2024-02-22,2024-02-22,On-Time,1,0
99,99,4,1,2024-01-07,2024-01-07,2024-01-10,2024-01-10,On-Time,3,0
100,100,4,3,2024-02-23,2024-02-23,2024-02-27,2024-02-27,On-Time,4,0
101,101,2,2,2024-02-08,2024-02-08,2024-02-10,2024-02-10,On-Time,2,0
102,102,6,4,2024-03-15,2024-03-15,2024-03-16,2024-03-16,On-Time,1,0
103,103,1,2,2024-01-18,2024-01-18,2024-01-20,2024-01-20,On-Time,2,0
104,104,8,2,2024-02-16,2024-02-16,2024-02-17,2024-02-17,On-Time,1,0
105,105,5,3,2024-02-15,2024-02-15,2024-02-18,2024-02-18,On-Time,3,0
106,106,1,5,2024-01-31,2024-01-31,2024-02-05,2024-02-05,On-Time,5,0
107,107,2,2,2024-02-29,2024-02-29,2024-03-01,2024-03-01,On-Time,1,0
108,108,5,2,2024-01-26,2024-01-26,2024-01-28,2024-01-28,On-Time,2,0
109,109,4,1,2024-02-11,2024-02-11,2024-02-14,2024-02-14,On-Time,3,0
110,110,1,4,2024-02-28,2024-02-28,2024-02-29,2024-02-29,On-Time,1,0
111,111,6,4,2024-02-04,2024-02-04,2024-02-06,2024-02-06,On-Time,2,0
112,112,6,3,2024-03-02,2024-03-02,2024-03-06,2024-03-06,On-Time,4,0
113,113,3,5,2024-02-10,2024-02-10,2024-02-15,2024-02-15,On-Time,5,0
114,114,7,2,2024-03-21,2024-03-21,2024-03-22,2024-03-22,On-Time,1,0
115,115,8,1,2024-02-14,2024-02-14,2024-02-16,2024-02-20,Delayed,6,4
116,116,1,3,2024-01-04,2024-01-04,2024-01-08,2024-01-08,On-Time,4,0
117,117,8,4,2024-01-30,2024-01-30,2024-01-31,2024-01-31,On-Time,1,0
118,118,7,3,2024-02-03,2024-02-03,2024-02-06,2024-02-06,On-Time,3,0
119,119,1,5,2024-02-12,2024-02-12,2024-02-17,2024-02-17,On-Time,5,0
120,120,6,3,2024-03-14,2024-03-14,2024-03-17,2024-03-17,On-Time,3,0
121,121,5,2,2024-02-17,2024-02-17,2024-02-19,2024-02-19,On-Time,2,0
122,122,1,5,2024-01-10,2024-01-10,2024-01-14,2024-01-14,On-Time,4,0
123,123,2,5,2024-03-15,2024-03-15,2024-03-19,2024-03-19,On-Time,4,0
124,124,6,4,2024-02-07,2024-02-07,2024-02-08,2024-02-08,On-Time,1,0
125,125,4,5,2024-01-05,2024-01-05,2024-01-09,2024-01-09,On-Time,4,0
126,126,1,2,2024-02-16,2024-02-16,2024-02-18,2024-02-19,Delayed,3,1
127,127,1,2,2024-02-11,2024-02-11,2024-02-13,2024-02-13,On-Time,2,0
128,128,4,4,2024-02-28,2024-02-28,2024-02-29,2024-02-29,On-Time,1,0
129,129,5,1,2024-01-14,2024-01-14,2024-01-16,2024-01-16,On-Time,2,0
130,130,5,1,2024-01-14,2024-01-14,2024-01-16,2024-01-16,On-Time,2,0
131,131,6,1,2024-01-11,2024-01-11,2024-01-13,2024-01-13,On-Time,2,0
132,132,4,1,2024-01-24,2024-01-24,2024-01-27,2024-01-27,On-Time,3,0
133,133,3,2,2024-02-24,2024-02-24,2024-02-26,2024-02-26,On-Time,2,0
134,134,3,4,2024-03-21,2024-03-21,2024-03-23,2024-03-23,On-Time,2,0
135,135,6,4,2024-02-16,2024-02-16,2024-02-17,,Cancelled,0,0
136,136,1,4,2024-03-24,2024-03-24,2024-03-25,2024-03-25,On-Time,1,0
137,137,6,3,2024-01-18,2024-01-18,2024-01-22,2024-01-22,On-Time,4,0
138,138,1,3,2024-03-28,2024-03-28,2024-03-31,2024-03-31,On-Time,3,0
139,139,4,2,2024-01-06,2024-01-06,2024-01-08,,Cancelled,0,0
140,140,1,4,2024-02-21,2024-02-21,2024-02-23,2024-02-23,On-Time,2,0
141,141,7,5,2024-03-26,2024-03-26,2024-03-30,2024-03-30,On-Time,4,0
142,142,4,4,2024-01-10,2024-01-10,2024-01-12,2024-01-12,On-Time,2,0
143,143,1,2,2024-02-28,2024-02-28,2024-03-01,2024-03-01,On-Time,2,0
144,144,3,3,2024-03-14,2024-03-14,2024-03-18,2024-03-20,Delayed,6,2
145,145,6,3,2024-03-12,2024-03-12,2024-03-15,2024-03-15,On-Time,3,0
146,146,2,1,2024-02-10,2024-02-10,2024-02-12,2024-02-12,On-Time,2,0
147,147,6,1,2024-02-21,2024-02-21,2024-02-24,2024-02-24,On-Time,3,0
148,148,7,5,2024-03-28,2024-03-28,2024-04-02,2024-04-02,On-Time,5,0
149,149,8,3,2024-01-17,2024-01-17,2024-01-21,,Cancelled,0,0
150,150,6,3,2024-01-16,2024-01-16,2024-01-20,2024-01-20,On-Time,4,0
151,151,8,1,2024-03-18,2024-03-18,2024-03-21,,Cancelled,0,0
152,152,6,1,2024-02-06,2024-02-06,2024-02-09,2024-02-13,Delayed,7,4
153,153,7,1,2024-03-27,2024-03-27,2024-03-30,2024-03-30,On-Time,3,0
154,154,3,3,2024-02-02,2024-02-02,2024-02-05,2024-02-05,On-Time,3,0
155,155,5,3,2024-03-28,2024-03-28,2024-03-31,2024-03-31,On-Time,3,0
156,156,6,3,2024-02-16,2024-02-16,2024-02-20,2024-02-20,On-Time,4,0
157,157,1,3,2024-01-25,2024-01-25,2024-01-28,2024-01-29,Delayed,4,1
158,158,5,3,2024-02-19,2024-02-19,2024-02-23,2024-02-26,Delayed,7,3
159,159,6,3,2024-02-21,2024-02-21,2024-02-25,2024-02-25,On-Time,4,0
160,160,5,3,2024-01-15,2024-01-15,2024-01-19,2024-01-19,On-Time,4,0
161,161,1,2,2024-03-27,2024-03-27,2024-03-29,2024-03-29,On-Time,2,0
162,162,1,4,2024-01-04,2024-01-04,2024-01-06,2024-01-06,On-Time,2,0
163,163,8,1,2024-02-04,2024-02-04,2024-02-07,2024-02-07,On-Time,3,0
164,164,2,3,2024-01-18,2024-01-18,2024-01-22,2024-01-22,On-Time,4,0
165,165,3,3,2024-03-06,2024-03-06,2024-03-09,2024-03-09,On-Time,3,0
166,166,8,4,2024-01-10,2024-01-10,2024-01-12,2024-01-12,On-Time,2,0
167,167,4,5,2024-02-13,2024-02-13,2024-02-18,2024-02-18,On-Time,5,0
168,168,1,2,2024-03-20,2024-03-20,2024-03-22,2024-03-22,On-Time,2,0
169,169,4,3,2024-02-22,2024-02-22,2024-02-26,2024-02-29,Delayed,7,3
170,170,6,1,2024-01-14,2024-01-14,2024-01-16,2024-01-17,Delayed,3,1
171,171,1,1,2024-01-23,2024-01-23,2024-01-26,2024-01-26,On-Time,3,0
172,172,1,2,2024-01-14,2024-01-14,2024-01-16,2024-01-16,On-Time,2,0
173,173,3,4,2024-02-10,2024-02-10,2024-02-12,2024-02-12,On-Time,2,0
174,174,1,2,2024-02-21,2024-02-21,2024-02-22,2024-02-22,On-Time,1,0
175,175,7,5,2024-03-27,2024-03-27,2024-03-31,2024-03-31,On-Time,4,0
176,176,6,1,2024-01-28,2024-01-28,2024-01-30,2024-01-30,On-Time,2,0
177,177,2,3,2024-03-29,2024-03-29,2024-04-02,2024-04-02,On-Time,4,0
178,178,3,5,2024-01-27,2024-01-27,2024-01-31,2024-01-31,On-Time,4,0
179,179,4,5,2024-02-29,2024-02-29,2024-03-05,2024-03-09,Delayed,9,4
180,180,6,4,2024-02-01,2024-02-01,2024-02-03,2024-02-03,On-Time,2,0
181,181,6,4,2024-03-30,2024-03-30,2024-03-31,2024-03-31,On-Time,1,0
182,182,2,1,2024-03-22,2024-03-22,2024-03-25,2024-03-25,On-Time,3,0
183,183,7,5,2024-01-24,2024-01-24,2024-01-28,2024-01-28,On-Time,4,0
184,184,2,4,2024-01-28,2024-01-28,2024-01-29,2024-01-31,Delayed,3,2
185,185,6,5,2024-01-12,2024-01-12,2024-01-17,2024-01-17,On-Time,5,0
186,186,1,1,2024-01-08,2024-01-08,2024-01-10,2024-01-10,On-Time,2,0
187,187,2,5,2024-02-14,2024-02-14,2024-02-18,2024-02-18,On-Time,4,0
188,188,5,2,2024-01-09,2024-01-09,2024-01-11,2024-01-11,On-Time,2,0
189,189,3,5,2024-01-09,2024-01-09,2024-01-14,2024-01-18,Delayed,9,4
190,190,6,4,2024-02-28,2024-02-28,2024-03-01,2024-03-01,On-Time,2,0
191,191,1,4,2024-02-21,2024-02-21,2024-02-22,2024-02-22,On-Time,1,0
192,192,7,4,2024-03-23,2024-03-23,2024-03-24,2024-03-24,On-Time,1,0
193,193,6,3,2024-01-29,2024-01-29,2024-02-01,2024-02-01,On-Time,3,0
194,194,1,5,2024-03-25,2024-03-25,2024-03-30,2024-03-30,On-Time,5,0
195,195,2,4,2024-01-05,2024-01-05,2024-01-07,2024-01-07,On-Time,2,0
196,196,1,1,2024-03-04,2024-03-04,2024-03-07,2024-03-08,Delayed,4,1
197,197,4,3,2024-02-12,2024-02-12,2024-02-15,2024-02-15,On-Time,3,0
198,198,4,5,2024-02-09,2024-02-09,2024-02-13,2024-02-13,On-Time,4,0
199,199,6,1,2024-03-30,2024-03-30,2024-04-02,2024-04-02,On-Time,3,0
200,200,1,4,2024-03-18,2024-03-18,2024-03-19,2024-03-19,On-Time,1,0
201,201,2,3,2024-03-22,2024-03-22,2024-03-25,2024-03-25,On-Time,3,0
202,202,6,2,2024-01-05,2024-01-05,2024-01-06,2024-01-06,On-Time,1,0
203,203,3,3,2024-01-09,2024-01-09,2024-01-12,2024-01-12,On-Time,3,0
204,204,8,4,2024-01-04,2024-01-04,2024-01-05,2024-01-08,Delayed,4,3
205,205,6,3,2024-02-24,2024-02-24,2024-02-27,2024-03-02,Delayed,7,4
206,206,1,2,2024-03-08,2024-03-08,2024-03-09,2024-03-11,Delayed,3,2
207,207,6,3,2024-02-14,2024-02-14,2024-02-18,,Cancelled,0,0
208,208,5,1,2024-01-19,2024-01-19,2024-01-22,2024-01-22,On-Time,3,0
209,209,1,4,2024-04-01,2024-04-01,2024-04-03,2024-04-03,On-Time,2,0
210,210,2,3,2024-02-04,2024-02-04,2024-02-08,2024-02-08,On-Time,4,0
211,211,4,3,2024-03-24,2024-03-24,2024-03-27,2024-03-27,On-Time,3,0
212,212,1,1,2024-02-15,2024-02-15,2024-02-18,2024-02-18,On-Time,3,0
213,213,8,3,2024-03-29,2024-03-29,2024-04-01,2024-04-01,On-Time,3,0
214,214,6,4,2024-01-08,2024-01-08,2024-01-09,2024-01-09,On-Time,1,0
215,215,2,4,2024-02-25,2024-02-25,2024-02-26,2024-02-28,Delayed,3,2
216,216,2,3,2024-01-30,2024-01-30,2024-02-02,2024-02-02,On-Time,3,0
217,217,7,5,2024-03-05,2024-03-05,2024-03-09,,Cancelled,0,0
218,218,1,3,2024-03-06,2024-03-06,2024-03-09,2024-03-09,On-Time,3,0
219,219,5,1,2024-02-08,2024-02-08,2024-02-10,,Cancelled,0,0
220,220,7,5,2024-02-13,2024-02-13,2024-02-17,2024-02-17,On-Time,4,0
221,221,3,4,2024-03-23,2024-03-23,2024-03-24,2024-03-24,On-Time,1,0
222,222,8,1,2024-03-22,2024-03-22,2024-03-24,2024-03-24,On-Time,2,0
223,223,5,3,2024-01-10,2024-01-10,2024-01-13,2024-01-13,On-Time,3,0
224,224,2,4,2024-03-19,2024-03-19,2024-03-20,2024-03-20,On-Time,1,0
225,225,8,5,2024-02-08,2024-02-08,2024-02-13,2024-02-13,On-Time,5,0
226,226,3,3,2024-02-07,2024-02-07,2024-02-10,2024-02-10,On-Time,3,0
227,227,6,3,2024-03-24,2024-03-24,2024-03-28,2024-03-28,On-Time,4,0
228,228,4,1,2024-01-19,2024-01-19,2024-01-21,2024-01-21,On-Time,2,0
229,229,4,5,2024-03-05,2024-03-05,2024-03-10,2024-03-10,On-Time,5,0
230,230,1,1,2024-01-31,2024-01-31,2024-02-03,2024-02-03,On-Time,3,0
231,231,8,4,2024-03-06,2024-03-06,2024-03-08,2024-03-08,On-Time,2,0
232,232,5,4,2024-01-06,2024-01-06,2024-01-08,2024-01-08,On-Time,2,0
233,233,6,3,2024-03-21,2024-03-21,2024-03-25,2024-03-25,On-Time,4,0
234,234,3,1,2024-01-06,2024-01-06,2024-01-08,2024-01-08,On-Time,2,0
235,235,3,5,2024-02-10,2024-02-10,2024-02-14,2024-02-14,On-Time,4,0
236,236,8,4,2024-01-25,2024-01-25,2024-01-27,2024-01-27,On-Time,2,0
237,237,6,1,2024-01-12,2024-01-12,2024-01-14,2024-01-14,On-Time,2,0
238,238,1,3,2024-01-29,2024-01-29,2024-02-02,2024-02-02,On-Time,4,0
239,239,7,2,2024-01-17,2024-01-17,2024-01-19,2024-01-21,Delayed,4,2
240,240,7,4,2024-03-04,2024-03-04,2024-03-05,2024-03-05,On-Time,1,0
241,241,4,2,2024-03-27,2024-03-27,2024-03-28,2024-03-28,On-Time,1,0
242,242,7,3,2024-03-13,2024-03-13,2024-03-17,2024-03-17,On-Time,4,0
243,243,1,4,2024-03-26,2024-03-26,2024-03-28,2024-03-28,On-Time,2,0
244,244,8,2,2024-03-29,2024-03-29,2024-03-30,2024-03-30,On-Time,1,0
245,245,3,5,2024-01-07,2024-01-07,2024-01-12,2024-01-12,On-Time,5,0
246,246,5,2,2024-01-17,2024-01-17,2024-01-18,2024-01-18,On-Time,1,0
247,247,3,2,2024-03-09,2024-03-09,2024-03-10,2024-03-10,On-Time,1,0
248,248,8,2,2024-01-15,2024-01-15,2024-01-17,2024-01-17,On-Time,2,0
249,249,8,4,2024-01-28,2024-01-28,2024-01-30,2024-01-30,On-Time,2,0
250,250,2,4,2024-02-26,2024-02-26,2024-02-27,2024-02-27,On-Time,1,0
251,251,7,1,2024-03-11,2024-03-11,2024-03-13,2024-03-17,Delayed,6,4
252,252,7,3,2024-01-13,2024-01-13,2024-01-16,2024-01-16,On-Time,3,0
253,253,7,5,2024-03-28,2024-03-28,2024-04-02,2024-04-02,On-Time,5,0
254,254,6,1,2024-01-24,2024-01-24,2024-01-27,2024-01-27,On-Time,3,0
255,255,6,2,2024-02-03,2024-02-03,2024-02-04,2024-02-04,On-Time,1,0
256,256,1,1,2024-01-19,2024-01-19,2024-01-21,2024-01-21,On-Time,2,0
257,257,6,4,2024-02-07,2024-02-07,2024-02-08,2024-02-08,On-Time,1,0
258,258,1,5,2024-01-14,2024-01-14,2024-01-18,2024-01-18,On-Time,4,0
259,259,2,1,2024-03-14,2024-03-14,2024-03-16,2024-03-16,On-Time,2,0
260,260,8,4,2024-01-20,2024-01-20,2024-01-21,2024-01-21,On-Time,1,0
261,261,7,2,2024-03-08,2024-03-08,2024-03-09,2024-03-09,On-Time,1,0
262,262,3,4,2024-01-06,2024-01-06,2024-01-07,2024-01-07,On-Time,1,0
263,263,1,1,2024-02-08,2024-02-08,2024-02-10,2024-02-10,On-Time,2,0
264,264,4,4,2024-03-20,2024-03-20,2024-03-21,2024-03-25,Delayed,5,4
265,265,4,5,2024-02-05,2024-02-05,2024-02-10,2024-02-10,On-Time,5,0
266,266,1,2,2024-02-07,2024-02-07,2024-02-08,2024-02-08,On-Time,1,0
267,267,1,4,2024-03-09,2024-03-09,2024-03-10,2024-03-10,On-Time,1,0
268,268,7,1,2024-03-10,2024-03-10,2024-03-13,,Cancelled,0,0
269,269,1,2,2024-03-06,2024-03-06,2024-03-07,2024-03-11,Delayed,5,4
270,270,4,1,2024-02-27,2024-02-27,2024-02-29,2024-03-03,Delayed,5,3
271,271,1,3,2024-03-30,2024-03-30,2024-04-02,2024-04-02,On-Time,3,0
272,272,5,2,2024-02-01,2024-02-01,2024-02-03,2024-02-03,On-Time,2,0
273,273,8,1,2024-01-14,2024-01-14,2024-01-17,2024-01-17,On-Time,3,0
274,274,1,5,2024-01-15,2024-01-15,2024-01-19,2024-01-22,Delayed,7,3
275,275,1,5,2024-02-13,2024-02-13,2024-02-17,2024-02-17,On-Time,4,0
276,276,4,1,2024-02-07,2024-02-07,2024-02-09,2024-02-09,On-Time,2,0
277,277,8,3,2024-02-18,2024-02-18,2024-02-21,2024-02-21,On-Time,3,0
278,278,5,4,2024-01-31,2024-01-31,2024-02-01,2024-02-03,Delayed,3,2
279,279,6,4,2024-01-13,2024-01-13,2024-01-15,2024-01-15,On-Time,2,0
280,280,5,5,2024-01-31,2024-01-31,2024-02-05,2024-02-05,On-Time,5,0
281,281,8,2,2024-01-04,2024-01-04,2024-01-06,2024-01-06,On-Time,2,0
282,282,1,5,2024-03-10,2024-03-10,2024-03-15,2024-03-15,On-Time,5,0
283,283,7,2,2024-03-03,2024-03-03,2024-03-04,2024-03-04,On-Time,1,0
284,284,1,4,2024-03-24,2024-03-24,2024-03-25,2024-03-25,On-Time,1,0
285,285,8,3,2024-03-25,2024-03-25,2024-03-28,2024-03-28,On-Time,3,0
286,286,1,4,2024-01-12,2024-01-12,2024-01-13,2024-01-13,On-Time,1,0
287,287,2,3,2024-02-27,2024-02-27,2024-03-01,2024-03-01,On-Time,3,0
288,288,4,2,2024-02-27,2024-02-27,2024-02-29,2024-02-29,On-Time,2,0
289,289,1,1,2024-03-02,2024-03-02,2024-03-04,2024-03-07,Delayed,5,3
290,290,6,1,2024-01-21,2024-01-21,2024-01-23,2024-01-23,On-Time,2,0
291,291,1,4,2024-02-07,2024-02-07,2024-02-09,2024-02-09,On-Time,2,0
292,292,5,2,2024-02-19,2024-02-19,2024-02-21,2024-02-21,On-Time,2,0
293,293,2,4,2024-01-04,2024-01-04,2024-01-05,2024-01-05,On-Time,1,0
294,294,1,1,2024-02-04,2024-02-04,2024-02-07,,Cancelled,0,0
295,295,7,3,2024-02-14,2024-02-14,2024-02-18,2024-02-18,On-Time,4,0
296,296,1,4,2024-01-31,2024-01-31,2024-02-01,2024-02-04,Delayed,4,3
297,297,6,4,2024-03-14,2024-03-14,2024-03-15,2024-03-15,On-Time,1,0
298,298,6,4,2024-03-04,2024-03-04,2024-03-05,2024-03-05,On-Time,1,0
299,299,4,4,2024-01-18,2024-01-18,2024-01-19,,Cancelled,0,0
300,300,5,1,2024-03-20,2024-03-20,2024-03-23,2024-03-24,Delayed,4,1
301,301,5,3,2024-01-14,2024-01-14,2024-01-17,2024-01-17,On-Time,3,0
302,302,2,5,2024-01-07,2024-01-07,2024-01-12,2024-01-12,On-Time,5,0
303,303,1,4,2024-01-16,2024-01-16,2024-01-17,2024-01-17,On-Time,1,0
304,304,1,3,2024-03-31,2024-03-31,2024-04-03,2024-04-03,On-Time,3,0
305,305,1,1,2024-02-10,2024-02-10,2024-02-13,2024-02-13,On-Time,3,0
306,306,8,4,2024-02-29,2024-02-29,2024-03-01,2024-03-01,On-Time,1,0
307,307,4,3,2024-03-03,2024-03-03,2024-03-06,2024-03-06,On-Time,3,0
308,308,1,1,2024-02-28,2024-02-28,2024-03-02,,Cancelled,0,0
309,309,8,3,2024-03-04,2024-03-04,2024-03-08,2024-03-08,On-Time,4,0
310,310,4,2,2024-03-20,2024-03-20,2024-03-22,,Cancelled,0,0
311,311,1,4,2024-03-07,2024-03-07,2024-03-08,2024-03-08,On-Time,1,0
312,312,6,5,2024-02-23,2024-02-23,2024-02-28,2024-02-28,On-Time,5,0
313,313,2,1,2024-03-25,2024-03-25,2024-03-28,2024-03-28,On-Time,3,0
314,314,5,5,2024-01-12,2024-01-12,2024-01-16,2024-01-16,On-Time,4,0
315,315,7,5,2024-03-11,2024-03-11,2024-03-15,2024-03-15,On-Time,4,0
316,316,7,2,2024-02-14,2024-02-14,2024-02-15,2024-02-15,On-Time,1,0
317,317,3,1,2024-02-17,2024-02-17,2024-02-20,2024-02-20,On-Time,3,0
318,318,6,5,2024-02-05,2024-02-05,2024-02-10,2024-02-10,On-Time,5,0
319,319,4,1,2024-02-16,2024-02-16,2024-02-19,2024-02-19,On-Time,3,0
320,320,7,2,2024-01-05,2024-01-05,2024-01-07,2024-01-07,On-Time,2,0
321,321,7,2,2024-03-26,2024-03-26,2024-03-28,2024-03-30,Delayed,4,2
322,322,1,2,2024-03-27,2024-03-27,2024-03-29,2024-03-29,On-Time,2,0
323,323,6,2,2024-03-06,2024-03-06,2024-03-07,2024-03-07,On-Time,1,0
324,324,1,3,2024-02-10,2024-02-10,2024-02-13,2024-02-13,On-Time,3,0
325,325,1,5,2024-02-09,2024-02-09,2024-02-14,2024-02-14,On-Time,5,0
326,326,3,1,2024-02-14,2024-02-14,2024-02-16,2024-02-16,On-Time,2,0
327,327,7,1,2024-03-16,2024-03-16,2024-03-18,2024-03-18,On-Time,2,0
328,328,7,5,2024-01-19,2024-01-19,2024-01-24,2024-01-24,On-Time,5,0
329,329,8,2,2024-01-25,2024-01-25,2024-01-27,2024-01-27,On-Time,2,0
330,330,1,4,2024-03-29,2024-03-29,2024-03-31,2024-04-02,Delayed,4,2
331,331,7,2,2024-02-08,2024-02-08,2024-02-10,2024-02-10,On-Time,2,0
332,332,2,2,2024-02-22,2024-02-22,2024-02-24,2024-02-24,On-Time,2,0
333,333,1,1,2024-03-29,2024-03-29,2024-04-01,2024-04-01,On-Time,3,0
334,334,5,2,2024-02-18,2024-02-18,2024-02-20,2024-02-20,On-Time,2,0
335,335,8,5,2024-02-27,2024-02-27,2024-03-02,2024-03-02,On-Time,4,0
336,336,8,3,2024-02-07,2024-02-07,2024-02-11,2024-02-11,On-Time,4,0
337,337,2,1,2024-02-06,2024-02-06,2024-02-08,2024-02-08,On-Time,2,0
338,338,2,3,2024-02-11,2024-02-11,2024-02-14,2024-02-14,On-Time,3,0
339,339,8,5,2024-01-03,2024-01-03,2024-01-07,2024-01-09,Delayed,6,2
340,340,1,1,2024-02-04,2024-02-04,2024-02-06,2024-02-06,On-Time,2,0
341,341,5,1,2024-02-16,2024-02-16,2024-02-19,2024-02-19,On-Time,3,0
342,342,1,2,2024-01-08,2024-01-08,2024-01-09,2024-01-12,Delayed,4,3
343,343,7,2,2024-01-17,2024-01-17,2024-01-19,2024-01-22,Delayed,5,3
344,344,8,1,2024-03-11,2024-03-11,2024-03-14,2024-03-14,On-Time,3,0
345,345,4,3,2024-02-16,2024-02-16,2024-02-20,2024-02-20,On-Time,4,0
346,346,1,5,2024-01-24,2024-01-24,2024-01-29,2024-01-31,Delayed,7,2
347,347,4,4,2024-01-21,2024-01-21,2024-01-23,2024-01-25,Delayed,4,2
348,348,6,4,2024-01-31,2024-01-31,2024-02-02,2024-02-02,On-Time,2,0
349,349,4,2,2024-01-25,2024-01-25,2024-01-26,2024-01-26,On-Time,1,0
350,350,3,5,2024-01-17,2024-01-17,2024-01-21,2024-01-21,On-Time,4,0
351,351,4,2,2024-03-10,2024-03-10,2024-03-12,2024-03-12,On-Time,2,0
352,352,3,1,2024-01-19,2024-01-19,2024-01-22,2024-01-22,On-Time,3,0
353,353,1,1,2024-03-11,2024-03-11,2024-03-14,2024-03-14,On-Time,3,0
354,354,5,4,2024-01-12,2024-01-12,2024-01-14,2024-01-14,On-Time,2,0
355,355,6,3,2024-01-06,2024-01-06,2024-01-09,2024-01-09,On-Time,3,0
356,356,8,5,2024-03-11,2024-03-11,2024-03-16,2024-03-16,On-Time,5,0
357,357,7,5,2024-03-19,2024-03-19,2024-03-23,2024-03-23,On-Time,4,0
358,358,4,5,2024-02-06,2024-02-06,2024-02-10,2024-02-10,On-Time,4,0
359,359,3,5,2024-02-23,2024-02-23,2024-02-28,2024-02-28,On-Time,5,0
360,360,4,3,2024-01-18,2024-01-18,2024-01-21,2024-01-21,On-Time,3,0
361,361,1,2,2024-03-09,2024-03-09,2024-03-10,2024-03-10,On-Time,1,0
362,362,8,5,2024-02-24,2024-02-24,2024-02-28,2024-02-28,On-Time,4,0
363,363,4,2,2024-02-21,2024-02-21,2024-02-22,2024-02-22,On-Time,1,0
364,364,1,3,2024-02-08,2024-02-08,2024-02-12,2024-02-12,On-Time,4,0
365,365,1,1,2024-03-09,2024-03-09,2024-03-11,2024-03-11,On-Time,2,0
366,366,8,5,2024-02-02,2024-02-02,2024-02-06,2024-02-06,On-Time,4,0
367,367,5,5,2024-01-20,2024-01-20,2024-01-25,2024-01-25,On-Time,5,0
368,368,5,1,2024-03-06,2024-03-06,2024-03-08,2024-03-08,On-Time,2,0
369,369,3,1,2024-02-23,2024-02-23,2024-02-26,2024-02-26,On-Time,3,0
370,370,3,4,2024-01-03,2024-01-03,2024-01-05,2024-01-05,On-Time,2,0
371,371,7,1,2024-01-20,2024-01-20,2024-01-22,2024-01-22,On-Time,2,0
372,372,3,1,2024-03-17,2024-03-17,2024-03-20,2024-03-20,On-Time,3,0
373,373,5,3,2024-01-06,2024-01-06,2024-01-10,2024-01-10,On-Time,4,0
374,374,4,1,2024-02-26,2024-02-26,2024-02-29,2024-02-29,On-Time,3,0
375,375,5,4,2024-02-17,2024-02-17,2024-02-19,2024-02-19,On-Time,2,0
376,376,8,5,2024-02-03,2024-02-03,2024-02-08,2024-02-08,On-Time,5,0
377,377,2,5,2024-03-22,2024-03-22,2024-03-26,2024-03-26,On-Time,4,0
378,378,7,4,2024-03-09,2024-03-09,2024-03-11,2024-03-11,On-Time,2,0
379,379,3,4,2024-03-15,2024-03-15,2024-03-16,2024-03-16,On-Time,1,0
380,380,6,1,2024-02-20,2024-02-20,2024-02-22,2024-02-22,On-Time,2,0
381,381,4,2,2024-02-02,2024-02-02,2024-02-04,2024-02-06,Delayed,4,2
382,382,6,2,2024-02-23,2024-02-23,2024-02-24,2024-02-24,On-Time,1,0
383,383,3,5,2024-03-24,2024-03-24,2024-03-29,2024-03-29,On-Time,5,0
384,384,1,1,2024-01-19,2024-01-19,2024-01-22,2024-01-22,On-Time,3,0
385,385,6,1,2024-01-21,2024-01-21,2024-01-23,2024-01-23,On-Time,2,0
386,386,2,2,2024-01-04,2024-01-04,2024-01-05,2024-01-05,On-Time,1,0
387,387,8,1,2024-02-05,2024-02-05,2024-02-08,2024-02-08,On-Time,3,0
388,388,7,5,2024-02-26,2024-02-26,2024-03-02,2024-03-04,Delayed,7,2
389,389,5,3,2024-01-08,2024-01-08,2024-01-12,2024-01-12,On-Time,4,0
390,390,8,4,2024-03-25,2024-03-25,2024-03-26,2024-03-26,On-Time,1,0
391,391,6,1,2024-01-19,2024-01-19,2024-01-22,2024-01-22,On-Time,3,0
392,392,1,1,2024-01-22,2024-01-22,2024-01-25,2024-01-25,On-Time,3,0
393,393,1,4,2024-02-16,2024-02-16,2024-02-18,,Cancelled,0,0
394,394,7,2,2024-01-24,2024-01-24,2024-01-25,2024-01-25,On-Time,1,0
395,395,5,5,2024-01-30,2024-01-30,2024-02-03,2024-02-07,Delayed,8,4
396,396,4,2,2024-02-27,2024-02-27,2024-02-28,2024-02-28,On-Time,1,0
397,397,5,1,2024-01-03,2024-01-03,2024-01-06,2024-01-06,On-Time,3,0
398,398,1,5,2024-02-14,2024-02-14,2024-02-19,2024-02-19,On-Time,5,0
399,399,7,4,2024-02-23,2024-02-23,2024-02-25,2024-02-25,On-Time,2,0
400,400,8,1,2024-02-02,2024-02-02,2024-02-04,2024-02-04,On-Time,2,0
401,401,5,3,2024-01-26,2024-01-26,2024-01-29,2024-01-29,On-Time,3,0
402,402,1,4,2024-03-08,2024-03-08,2024-03-10,2024-03-10,On-Time,2,0
403,403,2,3,2024-03-19,2024-03-19,2024-03-23,2024-03-23,On-Time,4,0
404,404,2,3,2024-02-27,2024-02-27,2024-03-01,2024-03-01,On-Time,3,0
405,405,5,4,2024-02-15,2024-02-15,2024-02-17,2024-02-17,On-Time,2,0
406,406,6,1,2024-01-27,2024-01-27,2024-01-30,2024-01-30,On-Time,3,0
407,407,1,2,2024-03-05,2024-03-05,2024-03-07,2024-03-07,On-Time,2,0
408,408,2,3,2024-03-24,2024-03-24,2024-03-28,2024-03-28,On-Time,4,0
409,409,4,2,2024-02-20,2024-02-20,2024-02-21,2024-02-21,On-Time,1,0
410,410,1,2,2024-02-03,2024-02-03,2024-02-05,2024-02-05,On-Time,2,0
411,411,2,3,2024-03-16,2024-03-16,2024-03-19,2024-03-19,On-Time,3,0
412,412,2,5,2024-02-12,2024-02-12,2024-02-17,2024-02-17,On-Time,5,0
413,413,8,3,2024-03-29,2024-03-29,2024-04-02,2024-04-02,On-Time,4,0
414,414,3,1,2024-01-04,2024-01-04,2024-01-07,2024-01-07,On-Time,3,0
415,415,1,5,2024-03-03,2024-03-03,2024-03-08,2024-03-08,On-Time,5,0
416,416,8,2,2024-01-28,2024-01-28,2024-01-30,2024-01-30,On-Time,2,0
417,417,1,3,2024-03-09,2024-03-09,2024-03-13,2024-03-16,Delayed,7,3
418,418,2,4,2024-03-31,2024-03-31,2024-04-02,2024-04-02,On-Time,2,0
419,419,8,5,2024-03-10,2024-03-10,2024-03-14,2024-03-14,On-Time,4,0
420,420,6,5,2024-03-11,2024-03-11,2024-03-15,2024-03-15,On-Time,4,0
421,421,1,1,2024-03-21,2024-03-21,2024-03-23,2024-03-23,On-Time,2,0
422,422,4,5,2024-01-02,2024-01-02,2024-01-07,2024-01-09,Delayed,7,2
423,423,1,4,2024-01-16,2024-01-16,2024-01-18,2024-01-18,On-Time,2,0
424,424,3,4,2024-03-21,2024-03-21,2024-03-22,2024-03-22,On-Time,1,0
425,425,1,3,2024-01-02,2024-01-02,2024-01-06,2024-01-06,On-Time,4,0
426,426,1,1,2024-01-25,2024-01-25,2024-01-27,2024-01-27,On-Time,2,0
427,427,1,3,2024-01-13,2024-01-13,2024-01-17,2024-01-17,On-Time,4,0
428,428,1,5,2024-03-28,2024-03-28,2024-04-01,2024-04-01,On-Time,4,0
429,429,2,1,2024-01-14,2024-01-14,2024-01-16,2024-01-18,Delayed,4,2
430,430,2,5,2024-01-10,2024-01-10,2024-01-15,2024-01-15,On-Time,5,0
431,431,1,3,2024-03-15,2024-03-15,2024-03-19,,Cancelled,0,0
432,432,1,3,2024-03-13,2024-03-13,2024-03-16,2024-03-16,On-Time,3,0
433,433,1,1,2024-03-02,2024-03-02,2024-03-04,2024-03-04,On-Time,2,0
434,434,3,5,2024-01-25,2024-01-25,2024-01-30,2024-01-30,On-Time,5,0
435,435,6,2,2024-03-01,2024-03-01,2024-03-03,2024-03-03,On-Time,2,0
436,436,2,3,2024-01-15,2024-01-15,2024-01-18,2024-01-18,On-Time,3,0
437,437,1,5,2024-03-15,2024-03-15,2024-03-19,2024-03-19,On-Time,4,0
438,438,6,1,2024-01-28,2024-01-28,2024-01-30,2024-02-01,Delayed,4,2
439,439,1,3,2024-03-24,2024-03-24,2024-03-28,2024-03-28,On-Time,4,0
440,440,7,1,2024-01-02,2024-01-02,2024-01-05,2024-01-05,On-Time,3,0
441,441,8,2,2024-01-21,2024-01-21,2024-01-23,2024-01-24,Delayed,3,1
442,442,6,5,2024-01-16,2024-01-16,2024-01-20,2024-01-20,On-Time,4,0
443,443,7,5,2024-01-26,2024-01-26,2024-01-31,2024-01-31,On-Time,5,0
444,444,4,5,2024-01-05,2024-01-05,2024-01-09,2024-01-09,On-Time,4,0
445,445,7,1,2024-01-18,2024-01-18,2024-01-21,2024-01-21,On-Time,3,0
446,446,1,3,2024-03-05,2024-03-05,2024-03-09,2024-03-09,On-Time,4,0
447,447,3,1,2024-02-10,2024-02-10,2024-02-13,2024-02-13,On-Time,3,0
448,448,3,4,2024-01-22,2024-01-22,2024-01-24,2024-01-24,On-Time,2,0
449,449,8,2,2024-01-18,2024-01-18,2024-01-20,2024-01-20,On-Time,2,0
450,450,8,3,2024-01-18,2024-01-18,2024-01-21,2024-01-21,On-Time,3,0
451,451,1,3,2024-03-29,2024-03-29,2024-04-01,2024-04-01,On-Time,3,0
452,452,5,1,2024-03-01,2024-03-01,2024-03-04,2024-03-08,Delayed,7,4
453,453,8,4,2024-01-13,2024-01-13,2024-01-15,2024-01-15,On-Time,2,0
454,454,5,2,2024-02-14,2024-02-14,2024-02-16,2024-02-16,On-Time,2,0
455,455,1,1,2024-02-17,2024-02-17,2024-02-20,2024-02-20,On-Time,3,0
456,456,4,5,2024-03-19,2024-03-19,2024-03-23,2024-03-23,On-Time,4,0
457,457,4,4,2024-02-21,2024-02-21,2024-02-23,2024-02-26,Delayed,5,3
458,458,7,4,2024-03-22,2024-03-22,2024-03-24,2024-03-24,On-Time,2,0
459,459,7,5,2024-02-04,2024-02-04,2024-02-09,2024-02-09,On-Time,5,0
460,460,1,5,2024-01-08,2024-01-08,2024-01-12,2024-01-12,On-Time,4,0
461,461,8,1,2024-03-29,2024-03-29,2024-04-01,2024-04-01,On-Time,3,0
462,462,6,5,2024-02-05,2024-02-05,2024-02-10,,Cancelled,0,0
463,463,3,2,2024-01-04,2024-01-04,2024-01-05,2024-01-09,Delayed,5,4
464,464,8,1,2024-01-09,2024-01-09,2024-01-12,2024-01-12,On-Time,3,0
465,465,1,5,2024-01-12,2024-01-12,2024-01-17,2024-01-17,On-Time,5,0
466,466,7,5,2024-03-11,2024-03-11,2024-03-15,2024-03-15,On-Time,4,0
467,467,2,2,2024-01-06,2024-01-06,2024-01-07,2024-01-07,On-Time,1,0
468,468,6,5,2024-01-22,2024-01-22,2024-01-27,2024-01-27,On-Time,5,0
469,469,1,1,2024-02-06,2024-02-06,2024-02-08,2024-02-08,On-Time,2,0
470,470,8,1,2024-03-29,2024-03-29,2024-03-31,2024-03-31,On-Time,2,0
471,471,6,5,2024-03-20,2024-03-20,2024-03-24,2024-03-28,Delayed,8,4
472,472,6,5,2024-01-21,2024-01-21,2024-01-26,,Cancelled,0,0
473,473,2,3,2024-03-12,2024-03-12,2024-03-15,,Cancelled,0,0
474,474,6,5,2024-03-20,2024-03-20,2024-03-25,2024-03-25,On-Time,5,0
475,475,5,2,2024-01-30,2024-01-30,2024-01-31,2024-02-02,Delayed,3,2
476,476,6,3,2024-01-25,2024-01-25,2024-01-29,2024-01-29,On-Time,4,0
477,477,5,5,2024-01-21,2024-01-21,2024-01-25,2024-01-25,On-Time,4,0
478,478,4,5,2024-03-03,2024-03-03,2024-03-08,2024-03-08,On-Time,5,0
479,479,6,4,2024-02-28,2024-02-28,2024-02-29,2024-02-29,On-Time,1,0
480,480,6,1,2024-02-22,2024-02-22,2024-02-24,2024-02-24,On-Time,2,0
481,481,7,2,2024-01-17,2024-01-17,2024-01-18,2024-01-18,On-Time,1,0
482,482,1,2,2024-03-03,2024-03-03,2024-03-04,2024-03-04,On-Time,1,0
483,483,6,2,2024-02-05,2024-02-05,2024-02-06,2024-02-06,On-Time,1,0
484,484,6,4,2024-02-20,2024-02-20,2024-02-21,2024-02-21,On-Time,1,0
485,485,4,5,2024-02-11,2024-02-11,2024-02-15,2024-02-15,On-Time,4,0
486,486,8,4,2024-03-07,2024-03-07,2024-03-08,2024-03-08,On-Time,1,0
487,487,1,2,2024-03-31,2024-03-31,2024-04-02,2024-04-06,Delayed,6,4
488,488,6,5,2024-02-08,2024-02-08,2024-02-13,2024-02-13,On-Time,5,0
489,489,6,5,2024-04-02,2024-04-02,2024-04-06,2024-04-06,On-Time,4,0
490,490,4,1,2024-03-10,2024-03-10,2024-03-13,2024-03-13,On-Time,3,0
491,491,6,1,2024-02-05,2024-02-05,2024-02-08,2024-02-08,On-Time,3,0
492,492,8,5,2024-01-31,2024-01-31,2024-02-05,2024-02-05,On-Time,5,0
493,493,6,3,2024-03-08,2024-03-08,2024-03-11,2024-03-11,On-Time,3,0
494,494,1,2,2024-02-03,2024-02-03,2024-02-05,2024-02-07,Delayed,4,2
495,495,6,5,2024-02-28,2024-02-28,2024-03-04,2024-03-04,On-Time,5,0
496,496,6,2,2024-03-27,2024-03-27,2024-03-29,2024-03-29,On-Time,2,0
497,497,2,1,2024-01-11,2024-01-11,2024-01-13,2024-01-13,On-Time,2,0
498,498,2,3,2024-03-06,2024-03-06,2024-03-10,2024-03-11,Delayed,5,1
499,499,8,3,2024-02-08,2024-02-08,2024-02-11,2024-02-11,On-Time,3,0
500,500,6,2,2024-03-30,2024-03-30,2024-04-01,2024-04-01,On-Time,2,0
501,501,1,3,2024-03-22,2024-03-22,2024-03-25,2024-03-25,On-Time,3,0
502,502,6,3,2024-03-29,2024-03-29,2024-04-02,2024-04-02,On-Time,4,0
503,503,6,1,2024-03-09,2024-03-09,2024-03-11,2024-03-11,On-Time,2,0
504,504,1,2,2024-01-28,2024-01-28,2024-01-30,2024-01-30,On-Time,2,0
505,505,6,1,2024-01-02,2024-01-02,2024-01-05,2024-01-05,On-Time,3,0
506,506,2,5,2024-01-04,2024-01-04,2024-01-08,2024-01-08,On-Time,4,0
507,507,4,1,2024-03-03,2024-03-03,2024-03-06,2024-03-06,On-Time,3,0
508,508,1,1,2024-01-25,2024-01-25,2024-01-28,2024-01-28,On-Time,3,0
509,509,3,3,2024-01-11,2024-01-11,2024-01-15,2024-01-15,On-Time,4,0
510,510,3,4,2024-02-06,2024-02-06,2024-02-07,2024-02-07,On-Time,1,0
511,511,5,5,2024-03-15,2024-03-15,2024-03-19,2024-03-19,On-Time,4,0
512,512,4,5,2024-03-21,2024-03-21,2024-03-25,2024-03-25,On-Time,4,0
513,513,1,4,2024-01-18,2024-01-18,2024-01-20,,Cancelled,0,0
514,514,3,4,2024-01-03,2024-01-03,2024-01-04,2024-01-04,On-Time,1,0
515,515,1,1,2024-02-08,2024-02-08,2024-02-11,2024-02-11,On-Time,3,0
516,516,7,3,2024-03-17,2024-03-17,2024-03-21,2024-03-21,On-Time,4,0
517,517,6,1,2024-02-06,2024-02-06,2024-02-08,2024-02-08,On-Time,2,0
518,518,4,1,2024-01-19,2024-01-19,2024-01-21,2024-01-21,On-Time,2,0
519,519,6,3,2024-02-29,2024-02-29,2024-03-04,2024-03-08,Delayed,8,4
520,520,7,1,2024-02-29,2024-02-29,2024-03-02,2024-03-05,Delayed,5,3
521,521,4,3,2024-02-18,2024-02-18,2024-02-22,2024-02-22,On-Time,4,0
522,522,1,5,2024-02-28,2024-02-28,2024-03-03,2024-03-03,On-Time,4,0
523,523,1,3,2024-03-31,2024-03-31,2024-04-04,2024-04-04,On-Time,4,0
524,524,3,5,2024-03-02,2024-03-02,2024-03-06,2024-03-06,On-Time,4,0
525,525,4,2,2024-03-21,2024-03-21,2024-03-23,2024-03-26,Delayed,5,3
526,526,7,2,2024-03-14,2024-03-14,2024-03-15,2024-03-15,On-Time,1,0
527,527,8,4,2024-02-24,2024-02-24,2024-02-26,2024-02-26,On-Time,2,0
528,528,8,4,2024-03-06,2024-03-06,2024-03-08,,Cancelled,0,0
529,529,6,5,2024-01-09,2024-01-09,2024-01-13,2024-01-13,On-Time,4,0
530,530,8,1,2024-01-25,2024-01-25,2024-01-28,2024-01-28,On-Time,3,0
531,531,8,1,2024-01-15,2024-01-15,2024-01-18,2024-01-18,On-Time,3,0
532,532,1,3,2024-03-30,2024-03-30,2024-04-02,2024-04-02,On-Time,3,0
533,533,1,1,2024-01-02,2024-01-02,2024-01-05,2024-01-05,On-Time,3,0
534,534,6,1,2024-02-15,2024-02-15,2024-02-17,2024-02-17,On-Time,2,0
535,535,1,1,2024-04-01,2024-04-01,2024-04-04,2024-04-04,On-Time,3,0
536,536,2,2,2024-02-07,2024-02-07,2024-02-09,2024-02-12,Delayed,5,3
537,537,5,5,2024-01-30,2024-01-30,2024-02-03,2024-02-03,On-Time,4,0
538,538,1,3,2024-03-21,2024-03-21,2024-03-24,2024-03-24,On-Time,3,0
539,539,3,1,2024-03-05,2024-03-05,2024-03-07,2024-03-07,On-Time,2,0
540,540,5,5,2024-03-04,2024-03-04,2024-03-08,,Cancelled,0,0
541,541,5,3,2024-02-19,2024-02-19,2024-02-22,2024-02-24,Delayed,5,2
542,542,7,2,2024-02-19,2024-02-19,2024-02-21,2024-02-21,On-Time,2,0
543,543,4,4,2024-02-10,2024-02-10,2024-02-12,2024-02-12,On-Time,2,0
544,544,5,1,2024-03-12,2024-03-12,2024-03-14,2024-03-14,On-Time,2,0
545,545,8,3,2024-02-07,2024-02-07,2024-02-11,2024-02-15,Delayed,8,4
546,546,6,3,2024-02-24,2024-02-24,2024-02-28,2024-03-03,Delayed,8,4
547,547,4,5,2024-01-02,2024-01-02,2024-01-07,2024-01-07,On-Time,5,0
548,548,4,3,2024-03-26,2024-03-26,2024-03-30,2024-03-30,On-Time,4,0
549,549,6,4,2024-02-13,2024-02-13,2024-02-15,2024-02-15,On-Time,2,0
550,550,2,1,2024-01-08,2024-01-08,2024-01-10,2024-01-10,On-Time,2,0
551,551,2,1,2024-03-03,2024-03-03,2024-03-06,2024-03-06,On-Time,3,0
552,552,3,1,2024-03-13,2024-03-13,2024-03-15,2024-03-18,Delayed,5,3
553,553,1,1,2024-03-09,2024-03-09,2024-03-12,,Cancelled,0,0
554,554,5,2,2024-01-19,2024-01-19,2024-01-20,2024-01-20,On-Time,1,0
555,555,5,4,2024-02-03,2024-02-03,2024-02-04,2024-02-04,On-Time,1,0
556,556,6,3,2024-02-16,2024-02-16,2024-02-19,2024-02-19,On-Time,3,0
557,557,1,4,2024-01-18,2024-01-18,2024-01-20,2024-01-20,On-Time,2,0
558,558,5,5,2024-03-17,2024-03-17,2024-03-21,2024-03-25,Delayed,8,4
559,559,6,4,2024-01-18,2024-01-18,2024-01-19,2024-01-19,On-Time,1,0
560,560,8,3,2024-01-21,2024-01-21,2024-01-25,2024-01-25,On-Time,4,0
561,561,8,2,2024-01-27,2024-01-27,2024-01-28,2024-01-28,On-Time,1,0
562,562,1,3,2024-01-14,2024-01-14,2024-01-17,2024-01-17,On-Time,3,0
563,563,4,5,2024-03-08,2024-03-08,2024-03-12,2024-03-12,On-Time,4,0
564,564,4,2,2024-03-27,2024-03-27,2024-03-28,2024-03-28,On-Time,1,0
565,565,5,1,2024-02-17,2024-02-17,2024-02-20,2024-02-20,On-Time,3,0
566,566,6,4,2024-02-06,2024-02-06,2024-02-07,2024-02-07,On-Time,1,0
567,567,8,4,2024-01-28,2024-01-28,2024-01-29,2024-01-29,On-Time,1,0
568,568,4,5,2024-02-27,2024-02-27,2024-03-02,2024-03-02,On-Time,4,0
569,569,8,4,2024-01-26,2024-01-26,2024-01-27,2024-01-27,On-Time,1,0
570,570,1,3,2024-01-19,2024-01-19,2024-01-23,2024-01-23,On-Time,4,0
571,571,6,2,2024-02-11,2024-02-11,2024-02-13,2024-02-13,On-Time,2,0
572,572,7,5,2024-03-06,2024-03-06,2024-03-10,2024-03-13,Delayed,7,3
573,573,7,1,2024-01-24,2024-01-24,2024-01-27,2024-01-27,On-Time,3,0
574,574,6,2,2024-03-31,2024-03-31,2024-04-01,2024-04-01,On-Time,1,0
575,575,2,1,2024-01-17,2024-01-17,2024-01-19,2024-01-19,On-Time,2,0
576,576,6,2,2024-03-03,2024-03-03,2024-03-05,2024-03-05,On-Time,2,0
577,577,5,1,2024-01-29,2024-01-29,2024-02-01,2024-02-01,On-Time,3,0
578,578,6,2,2024-03-09,2024-03-09,2024-03-10,2024-03-10,On-Time,1,0
579,579,5,1,2024-02-02,2024-02-02,2024-02-04,2024-02-04,On-Time,2,0
580,580,5,5,2024-01-19,2024-01-19,2024-01-23,2024-01-25,Delayed,6,2
581,581,1,2,2024-03-07,2024-03-07,2024-03-08,2024-03-10,Delayed,3,2
582,582,6,4,2024-03-28,2024-03-28,2024-03-29,2024-03-29,On-Time,1,0
583,583,1,5,2024-01-30,2024-01-30,2024-02-03,2024-02-03,On-Time,4,0
584,584,1,2,2024-03-28,2024-03-28,2024-03-29,2024-03-29,On-Time,1,0
585,585,5,5,2024-02-20,2024-02-20,2024-02-25,2024-02-25,On-Time,5,0
586,586,6,1,2024-01-03,2024-01-03,2024-01-05,2024-01-05,On-Time,2,0
587,587,6,3,2024-01-25,2024-01-25,2024-01-28,2024-01-31,Delayed,6,3
588,588,8,1,2024-03-14,2024-03-14,2024-03-17,,Cancelled,0,0
589,589,1,5,2024-02-14,2024-02-14,2024-02-19,2024-02-19,On-Time,5,0
590,590,1,1,2024-01-09,2024-01-09,2024-01-12,2024-01-12,On-Time,3,0
591,591,1,4,2024-01-22,2024-01-22,2024-01-23,2024-01-23,On-Time,1,0
592,592,2,2,2024-02-26,2024-02-26,2024-02-27,2024-02-27,On-Time,1,0
593,593,6,2,2024-03-31,2024-03-31,2024-04-02,2024-04-02,On-Time,2,0
594,594,8,2,2024-01-13,2024-01-13,2024-01-15,,Cancelled,0,0
595,595,6,3,2024-01-18,2024-01-18,2024-01-21,2024-01-21,On-Time,3,0
596,596,6,3,2024-01-03,2024-01-03,2024-01-06,2024-01-06,On-Time,3,0
597,597,3,3,2024-01-14,2024-01-14,2024-01-17,2024-01-21,Delayed,7,4
598,598,4,1,2024-01-28,2024-01-28,2024-01-30,2024-01-30,On-Time,2,0
599,599,5,5,2024-03-30,2024-03-30,2024-04-04,2024-04-04,On-Time,5,0
600,600,6,5,2024-02-12,2024-02-12,2024-02-16,2024-02-16,On-Time,4,0
601,601,5,3,2024-02-04,2024-02-04,2024-02-08,2024-02-08,On-Time,4,0
602,602,8,4,2024-04-02,2024-04-02,2024-04-03,2024-04-05,Delayed,3,2
603,603,6,1,2024-02-13,2024-02-13,2024-02-16,2024-02-16,On-Time,3,0
604,604,6,2,2024-01-17,2024-01-17,2024-01-18,2024-01-18,On-Time,1,0
605,605,8,3,2024-01-19,2024-01-19,2024-01-22,2024-01-22,On-Time,3,0
606,606,1,4,2024-03-15,2024-03-15,2024-03-16,2024-03-16,On-Time,1,0
607,607,3,5,2024-02-14,2024-02-14,2024-02-19,2024-02-19,On-Time,5,0
608,608,1,1,2024-02-04,2024-02-04,2024-02-07,2024-02-07,On-Time,3,0
609,609,6,2,2024-01-06,2024-01-06,2024-01-08,2024-01-10,Delayed,4,2
610,610,1,2,2024-03-12,2024-03-12,2024-03-13,2024-03-13,On-Time,1,0
611,611,5,1,2024-03-25,2024-03-25,2024-03-27,2024-03-27,On-Time,2,0
612,612,7,2,2024-01-08,2024-01-08,2024-01-10,2024-01-10,On-Time,2,0
613,613,4,2,2024-01-03,2024-01-03,2024-01-05,2024-01-05,On-Time,2,0
614,614,8,5,2024-03-28,2024-03-28,2024-04-01,2024-04-01,On-Time,4,0
615,615,5,2,2024-01-28,2024-01-28,2024-01-30,2024-01-30,On-Time,2,0
616,616,3,1,2024-02-09,2024-02-09,2024-02-11,2024-02-11,On-Time,2,0
617,617,5,4,2024-01-10,2024-01-10,2024-01-11,2024-01-11,On-Time,1,0
618,618,1,2,2024-01-26,2024-01-26,2024-01-27,2024-01-27,On-Time,1,0
619,619,6,5,2024-03-18,2024-03-18,2024-03-23,2024-03-23,On-Time,5,0
620,620,8,5,2024-01-26,2024-01-26,2024-01-30,2024-01-30,On-Time,4,0
621,621,4,5,2024-02-29,2024-02-29,2024-03-05,2024-03-05,On-Time,5,0
622,622,7,4,2024-03-19,2024-03-19,2024-03-20,2024-03-20,On-Time,1,0
623,623,7,2,2024-02-08,2024-02-08,2024-02-10,2024-02-10,On-Time,2,0
624,624,8,5,2024-01-28,2024-01-28,2024-02-01,2024-02-05,Delayed,8,4
625,625,7,2,2024-02-19,2024-02-19,2024-02-20,2024-02-20,On-Time,1,0
626,626,1,4,2024-01-23,2024-01-23,2024-01-24,2024-01-24,On-Time,1,0
627,627,8,5,2024-02-24,2024-02-24,2024-02-29,2024-02-29,On-Time,5,0
628,628,5,4,2024-01-29,2024-01-29,2024-01-31,2024-01-31,On-Time,2,0
629,629,7,1,2024-01-11,2024-01-11,2024-01-14,2024-01-14,On-Time,3,0
630,630,2,2,2024-01-07,2024-01-07,2024-01-09,2024-01-09,On-Time,2,0
631,631,6,5,2024-03-08,2024-03-08,2024-03-12,2024-03-12,On-Time,4,0
632,632,1,2,2024-01-16,2024-01-16,2024-01-18,2024-01-22,Delayed,6,4
633,633,7,3,2024-02-03,2024-02-03,2024-02-06,2024-02-06,On-Time,3,0
634,634,5,2,2024-01-29,2024-01-29,2024-01-31,2024-01-31,On-Time,2,0
635,635,2,3,2024-01-08,2024-01-08,2024-01-11,2024-01-11,On-Time,3,0
636,636,1,2,2024-02-28,2024-02-28,2024-03-01,2024-03-02,Delayed,3,1
637,637,4,3,2024-02-25,2024-02-25,2024-02-29,2024-02-29,On-Time,4,0
638,638,2,5,2024-01-14,2024-01-14,2024-01-19,2024-01-19,On-Time,5,0
639,639,6,2,2024-01-24,2024-01-24,2024-01-25,2024-01-25,On-Time,1,0
640,640,5,4,2024-01-29,2024-01-29,2024-01-30,,Cancelled,0,0
641,641,7,2,2024-02-15,2024-02-15,2024-02-16,2024-02-16,On-Time,1,0
642,642,1,5,2024-01-02,2024-01-02,2024-01-07,2024-01-09,Delayed,7,2
643,643,6,4,2024-03-09,2024-03-09,2024-03-11,2024-03-11,On-Time,2,0
644,644,7,2,2024-01-02,2024-01-02,2024-01-04,2024-01-04,On-Time,2,0
645,645,5,5,2024-03-01,2024-03-01,2024-03-05,2024-03-05,On-Time,4,0
646,646,5,5,2024-04-01,2024-04-01,2024-04-05,2024-04-05,On-Time,4,0
647,647,6,3,2024-01-28,2024-01-28,2024-02-01,,Cancelled,0,0
648,648,1,4,2024-03-23,2024-03-23,2024-03-24,2024-03-24,On-Time,1,0
649,649,8,1,2024-02-25,2024-02-25,2024-02-28,2024-02-28,On-Time,3,0
650,650,1,1,2024-02-03,2024-02-03,2024-02-06,2024-02-06,On-Time,3,0
651,651,3,4,2024-02-03,2024-02-03,2024-02-04,2024-02-04,On-Time,1,0
652,652,2,2,2024-03-20,2024-03-20,2024-03-21,2024-03-21,On-Time,1,0
653,653,8,3,2024-03-19,2024-03-19,2024-03-23,2024-03-23,On-Time,4,0
654,654,5,5,2024-03-16,2024-03-16,2024-03-20,2024-03-20,On-Time,4,0
655,655,7,4,2024-02-01,2024-02-01,2024-02-03,2024-02-03,On-Time,2,0
656,656,7,5,2024-02-17,2024-02-17,2024-02-21,2024-02-21,On-Time,4,0
657,657,3,4,2024-03-26,2024-03-26,2024-03-27,2024-03-27,On-Time,1,0
658,658,7,3,2024-02-09,2024-02-09,2024-02-12,2024-02-12,On-Time,3,0
659,659,2,3,2024-01-24,2024-01-24,2024-01-27,2024-01-27,On-Time,3,0
660,660,1,4,2024-01-24,2024-01-24,2024-01-26,2024-01-26,On-Time,2,0
661,661,3,2,2024-03-29,2024-03-29,2024-03-31,2024-03-31,On-Time,2,0
662,662,1,1,2024-02-13,2024-02-13,2024-02-16,2024-02-16,On-Time,3,0
663,663,7,5,2024-03-02,2024-03-02,2024-03-07,2024-03-07,On-Time,5,0
664,664,6,1,2024-01-26,2024-01-26,2024-01-28,2024-01-31,Delayed,5,3
665,665,5,3,2024-02-15,2024-02-15,2024-02-18,2024-02-18,On-Time,3,0
666,666,7,1,2024-02-17,2024-02-17,2024-02-19,2024-02-22,Delayed,5,3
667,667,5,4,2024-03-19,2024-03-19,2024-03-21,2024-03-21,On-Time,2,0
668,668,6,5,2024-03-24,2024-03-24,2024-03-29,2024-03-29,On-Time,5,0
669,669,5,3,2024-03-11,2024-03-11,2024-03-15,2024-03-15,On-Time,4,0
670,670,2,3,2024-02-13,2024-02-13,2024-02-16,2024-02-16,On-Time,3,0
671,671,7,5,2024-01-13,2024-01-13,2024-01-18,2024-01-18,On-Time,5,0
672,672,1,1,2024-03-15,2024-03-15,2024-03-18,2024-03-21,Delayed,6,3
673,673,6,3,2024-03-29,2024-03-29,2024-04-02,2024-04-02,On-Time,4,0
674,674,6,3,2024-03-01,2024-03-01,2024-03-04,2024-03-04,On-Time,3,0
675,675,8,5,2024-01-16,2024-01-16,2024-01-21,2024-01-21,On-Time,5,0
676,676,6,3,2024-01-12,2024-01-12,2024-01-16,2024-01-16,On-Time,4,0
677,677,3,2,2024-03-09,2024-03-09,2024-03-10,2024-03-10,On-Time,1,0
678,678,1,5,2024-02-02,2024-02-02,2024-02-07,2024-02-07,On-Time,5,0
679,679,2,3,2024-03-27,2024-03-27,2024-03-30,2024-03-30,On-Time,3,0
680,680,1,2,2024-02-18,2024-02-18,2024-02-20,2024-02-20,On-Time,2,0
681,681,2,5,2024-01-18,2024-01-18,2024-01-22,,Cancelled,0,0
682,682,8,5,2024-02-11,2024-02-11,2024-02-16,2024-02-16,On-Time,5,0
683,683,6,2,2024-01-20,2024-01-20,2024-01-21,2024-01-21,On-Time,1,0
684,684,5,1,2024-01-30,2024-01-30,2024-02-01,2024-02-01,On-Time,2,0
685,685,3,5,2024-02-29,2024-02-29,2024-03-04,2024-03-04,On-Time,4,0
686,686,1,4,2024-02-03,2024-02-03,2024-02-04,2024-02-04,On-Time,1,0
687,687,1,3,2024-03-18,2024-03-18,2024-03-22,2024-03-22,On-Time,4,0
688,688,3,3,2024-01-12,2024-01-12,2024-01-15,2024-01-15,On-Time,3,0
689,689,2,3,2024-01-26,2024-01-26,2024-01-30,,Cancelled,0,0
690,690,6,4,2024-01-19,2024-01-19,2024-01-21,2024-01-21,On-Time,2,0
691,691,3,5,2024-03-15,2024-03-15,2024-03-20,2024-03-20,On-Time,5,0
692,692,3,3,2024-03-01,2024-03-01,2024-03-04,2024-03-04,On-Time,3,0
693,693,1,3,2024-01-04,2024-01-04,2024-01-08,2024-01-08,On-Time,4,0
694,694,6,3,2024-03-13,2024-03-13,2024-03-16,2024-03-16,On-Time,3,0
695,695,4,2,2024-03-19,2024-03-19,2024-03-21,2024-03-21,On-Time,2,0
696,696,6,4,2024-01-11,2024-01-11,2024-01-12,2024-01-12,On-Time,1,0
697,697,4,2,2024-04-02,2024-04-02,2024-04-03,2024-04-03,On-Time,1,0
698,698,6,1,2024-03-21,2024-03-21,2024-03-23,2024-03-23,On-Time,2,0
699,699,3,3,2024-02-23,2024-02-23,2024-02-27,2024-02-27,On-Time,4,0
700,700,6,1,2024-01-16,2024-01-16,2024-01-18,2024-01-18,On-Time,2,0
701,701,8,2,2024-03-31,2024-03-31,2024-04-01,2024-04-01,On-Time,1,0
702,702,7,1,2024-01-27,2024-01-27,2024-01-30,2024-02-01,Delayed,5,2
703,703,1,1,2024-03-15,2024-03-15,2024-03-17,2024-03-17,On-Time,2,0
704,704,7,2,2024-02-19,2024-02-19,2024-02-21,2024-02-24,Delayed,5,3
705,705,4,2,2024-03-05,2024-03-05,2024-03-07,2024-03-07,On-Time,2,0
706,706,5,2,2024-01-13,2024-01-13,2024-01-15,2024-01-15,On-Time,2,0
707,707,7,3,2024-01-25,2024-01-25,2024-01-29,2024-01-29,On-Time,4,0
708,708,1,3,2024-03-26,2024-03-26,2024-03-29,,Cancelled,0,0
709,709,5,3,2024-03-11,2024-03-11,2024-03-15,2024-03-15,On-Time,4,0
710,710,8,2,2024-03-19,2024-03-19,2024-03-21,2024-03-21,On-Time,2,0
711,711,2,5,2024-02-10,2024-02-10,2024-02-15,2024-02-15,On-Time,5,0
712,712,1,4,2024-01-07,2024-01-07,2024-01-09,2024-01-09,On-Time,2,0
713,713,8,3,2024-03-08,2024-03-08,2024-03-11,2024-03-11,On-Time,3,0
714,714,1,3,2024-01-24,2024-01-24,2024-01-27,2024-01-29,Delayed,5,2
715,715,6,2,2024-03-12,2024-03-12,2024-03-14,2024-03-14,On-Time,2,0
716,716,5,4,2024-03-14,2024-03-14,2024-03-16,2024-03-16,On-Time,2,0
717,717,8,5,2024-02-29,2024-02-29,2024-03-05,2024-03-05,On-Time,5,0
718,718,6,2,2024-03-12,2024-03-12,2024-03-14,2024-03-14,On-Time,2,0
719,719,6,3,2024-01-14,2024-01-14,2024-01-18,2024-01-18,On-Time,4,0
720,720,1,3,2024-01-27,2024-01-27,2024-01-30,2024-01-30,On-Time,3,0
721,721,4,1,2024-02-07,2024-02-07,2024-02-10,2024-02-10,On-Time,3,0
722,722,6,1,2024-01-13,2024-01-13,2024-01-16,2024-01-16,On-Time,3,0
723,723,7,2,2024-01-11,2024-01-11,2024-01-12,2024-01-12,On-Time,1,0
724,724,6,1,2024-01-04,2024-01-04,2024-01-07,2024-01-07,On-Time,3,0
725,725,4,1,2024-02-16,2024-02-16,2024-02-18,2024-02-18,On-Time,2,0
726,726,3,2,2024-01-08,2024-01-08,2024-01-10,2024-01-10,On-Time,2,0
727,727,1,2,2024-01-19,2024-01-19,2024-01-20,2024-01-20,On-Time,1,0
728,728,3,3,2024-02-27,2024-02-27,2024-03-02,2024-03-06,Delayed,8,4
729,729,1,5,2024-03-04,2024-03-04,2024-03-09,2024-03-09,On-Time,5,0
730,730,7,4,2024-03-01,2024-03-01,2024-03-02,2024-03-02,On-Time,1,0
731,731,6,5,2024-01-12,2024-01-12,2024-01-16,2024-01-16,On-Time,4,0
732,732,1,5,2024-03-17,2024-03-17,2024-03-21,2024-03-21,On-Time,4,0
733,733,5,2,2024-01-28,2024-01-28,2024-01-30,2024-01-30,On-Time,2,0
734,734,1,3,2024-01-22,2024-01-22,2024-01-26,2024-01-26,On-Time,4,0
735,735,2,1,2024-03-06,2024-03-06,2024-03-08,2024-03-08,On-Time,2,0
736,736,5,4,2024-01-25,2024-01-25,2024-01-26,2024-01-26,On-Time,1,0
737,737,5,2,2024-01-07,2024-01-07,2024-01-09,2024-01-13,Delayed,6,4
738,738,6,1,2024-03-09,2024-03-09,2024-03-12,2024-03-12,On-Time,3,0
739,739,1,1,2024-01-15,2024-01-15,2024-01-18,2024-01-18,On-Time,3,0
740,740,1,1,2024-02-10,2024-02-10,2024-02-12,2024-02-12,On-Time,2,0
741,741,3,5,2024-03-23,2024-03-23,2024-03-27,2024-03-30,Delayed,7,3
742,742,4,3,2024-02-17,2024-02-17,2024-02-21,2024-02-21,On-Time,4,0
743,743,8,5,2024-03-13,2024-03-13,2024-03-18,2024-03-18,On-Time,5,0
744,744,1,5,2024-03-13,2024-03-13,2024-03-17,2024-03-17,On-Time,4,0
745,745,2,1,2024-02-14,2024-02-14,2024-02-17,2024-02-17,On-Time,3,0
746,746,2,4,2024-03-06,2024-03-06,2024-03-08,2024-03-08,On-Time,2,0
747,747,7,1,2024-03-20,2024-03-20,2024-03-22,2024-03-22,On-Time,2,0
748,748,6,3,2024-03-30,2024-03-30,2024-04-03,2024-04-03,On-Time,4,0
749,749,1,1,2024-01-29,2024-01-29,2024-02-01,2024-02-01,On-Time,3,0
750,750,4,1,2024-01-05,2024-01-05,2024-01-08,2024-01-09,Delayed,4,1
751,751,7,2,2024-04-01,2024-04-01,2024-04-02,2024-04-02,On-Time,1,0
752,752,5,4,2024-01-18,2024-01-18,2024-01-19,2024-01-19,On-Time,1,0
753,753,3,4,2024-03-13,2024-03-13,2024-03-14,2024-03-14,On-Time,1,0
754,754,6,1,2024-02-19,2024-02-19,2024-02-21,2024-02-21,On-Time,2,0
755,755,1,1,2024-02-27,2024-02-27,2024-02-29,2024-03-01,Delayed,3,1
756,756,1,5,2024-03-06,2024-03-06,2024-03-11,2024-03-11,On-Time,5,0
757,757,3,3,2024-02-11,2024-02-11,2024-02-14,2024-02-14,On-Time,3,0
758,758,5,4,2024-01-24,2024-01-24,2024-01-26,2024-01-26,On-Time,2,0
759,759,2,3,2024-02-03,2024-02-03,2024-02-07,2024-02-07,On-Time,4,0
760,760,1,5,2024-02-16,2024-02-16,2024-02-21,2024-02-21,On-Time,5,0
761,761,8,2,2024-03-09,2024-03-09,2024-03-10,2024-03-11,Delayed,2,1
762,762,1,1,2024-02-25,2024-02-25,2024-02-27,2024-02-27,On-Time,2,0
763,763,7,1,2024-03-02,2024-03-02,2024-03-05,2024-03-05,On-Time,3,0
764,764,3,2,2024-03-03,2024-03-03,2024-03-05,2024-03-05,On-Time,2,0
765,765,1,1,2024-03-02,2024-03-02,2024-03-04,2024-03-04,On-Time,2,0
766,766,2,1,2024-02-19,2024-02-19,2024-02-21,2024-02-21,On-Time,2,0
767,767,8,2,2024-01-25,2024-01-25,2024-01-26,2024-01-26,On-Time,1,0
768,768,6,2,2024-01-12,2024-01-12,2024-01-13,2024-01-13,On-Time,1,0
769,769,6,2,2024-01-04,2024-01-04,2024-01-05,2024-01-05,On-Time,1,0
770,770,5,5,2024-01-22,2024-01-22,2024-01-27,2024-01-27,On-Time,5,0
771,771,2,5,2024-02-15,2024-02-15,2024-02-20,2024-02-20,On-Time,5,0
772,772,6,5,2024-01-23,2024-01-23,2024-01-27,2024-01-31,Delayed,8,4
773,773,6,3,2024-01-24,2024-01-24,2024-01-27,,Cancelled,0,0
774,774,6,1,2024-03-11,2024-03-11,2024-03-14,2024-03-15,Delayed,4,1
775,775,1,3,2024-03-19,2024-03-19,2024-03-22,2024-03-22,On-Time,3,0
776,776,6,1,2024-02-15,2024-02-15,2024-02-18,2024-02-18,On-Time,3,0
777,777,2,2,2024-01-17,2024-01-17,2024-01-18,2024-01-18,On-Time,1,0
778,778,3,5,2024-03-22,2024-03-22,2024-03-26,2024-03-26,On-Time,4,0
779,779,6,3,2024-03-25,2024-03-25,2024-03-28,2024-03-28,On-Time,3,0
780,780,7,2,2024-01-20,2024-01-20,2024-01-22,2024-01-22,On-Time,2,0
781,781,5,4,2024-04-29,2024-04-29,2024-04-30,2024-05-02,Delayed,3,2
782,782,6,3,2024-05-24,2024-05-24,2024-05-27,2024-05-29,Delayed,5,2
783,783,4,1,2024-04-05,2024-04-05,2024-04-08,2024-04-08,On-Time,3,0
784,784,3,5,2024-04-15,2024-04-15,2024-04-19,2024-04-19,On-Time,4,0
785,785,3,3,2024-04-19,2024-04-19,2024-04-22,,Cancelled,0,0
786,786,8,4,2024-04-16,2024-04-16,2024-04-18,2024-04-18,On-Time,2,0
787,787,4,2,2024-04-24,2024-04-24,2024-04-25,2024-04-25,On-Time,1,0
788,788,1,5,2024-04-09,2024-04-09,2024-04-14,2024-04-14,On-Time,5,0
789,789,5,5,2024-04-19,2024-04-19,2024-04-24,2024-04-24,On-Time,5,0
790,790,3,5,2024-06-15,2024-06-15,2024-06-20,2024-06-20,On-Time,5,0
791,791,2,2,2024-05-29,2024-05-29,2024-05-31,2024-05-31,On-Time,2,0
792,792,4,2,2024-06-18,2024-06-18,2024-06-19,2024-06-19,On-Time,1,0
793,793,5,1,2024-06-15,2024-06-15,2024-06-18,2024-06-18,On-Time,3,0
794,794,1,1,2024-06-14,2024-06-14,2024-06-17,2024-06-17,On-Time,3,0
795,795,5,4,2024-04-04,2024-04-04,2024-04-06,2024-04-06,On-Time,2,0
796,796,5,2,2024-07-02,2024-07-02,2024-07-03,2024-07-03,On-Time,1,0
797,797,4,4,2024-06-28,2024-06-28,2024-06-29,2024-06-29,On-Time,1,0
798,798,6,4,2024-05-08,2024-05-08,2024-05-10,2024-05-10,On-Time,2,0
799,799,5,5,2024-06-21,2024-06-21,2024-06-25,2024-06-26,Delayed,5,1
800,800,8,3,2024-04-26,2024-04-26,2024-04-30,2024-04-30,On-Time,4,0
801,801,1,3,2024-04-28,2024-04-28,2024-05-01,2024-05-01,On-Time,3,0
802,802,1,3,2024-05-25,2024-05-25,2024-05-29,2024-05-29,On-Time,4,0
803,803,4,1,2024-06-06,2024-06-06,2024-06-08,2024-06-08,On-Time,2,0
804,804,1,3,2024-06-16,2024-06-16,2024-06-19,2024-06-19,On-Time,3,0
805,805,4,5,2024-06-06,2024-06-06,2024-06-10,2024-06-10,On-Time,4,0
806,806,4,3,2024-05-26,2024-05-26,2024-05-29,2024-05-29,On-Time,3,0
807,807,1,2,2024-06-07,2024-06-07,2024-06-09,2024-06-12,Delayed,5,3
808,808,6,1,2024-04-04,2024-04-04,2024-04-07,2024-04-07,On-Time,3,0
809,809,5,5,2024-04-29,2024-04-29,2024-05-04,2024-05-04,On-Time,5,0
810,810,1,5,2024-06-15,2024-06-15,2024-06-19,2024-06-19,On-Time,4,0
811,811,5,5,2024-05-22,2024-05-22,2024-05-26,2024-05-26,On-Time,4,0
812,812,3,1,2024-06-23,2024-06-23,2024-06-25,2024-06-29,Delayed,6,4
813,813,3,4,2024-06-28,2024-06-28,2024-06-30,2024-06-30,On-Time,2,0
814,814,5,4,2024-06-15,2024-06-15,2024-06-17,2024-06-17,On-Time,2,0
815,815,6,5,2024-05-02,2024-05-02,2024-05-06,2024-05-06,On-Time,4,0
816,816,1,3,2024-06-10,2024-06-10,2024-06-13,2024-06-13,On-Time,3,0
817,817,7,5,2024-06-14,2024-06-14,2024-06-18,2024-06-18,On-Time,4,0
818,818,1,2,2024-05-01,2024-05-01,2024-05-03,2024-05-03,On-Time,2,0
819,819,4,1,2024-05-22,2024-05-22,2024-05-24,2024-05-24,On-Time,2,0
820,820,1,5,2024-04-13,2024-04-13,2024-04-18,2024-04-18,On-Time,5,0
821,821,5,4,2024-04-05,2024-04-05,2024-04-07,2024-04-07,On-Time,2,0
822,822,6,5,2024-05-10,2024-05-10,2024-05-15,2024-05-15,On-Time,5,0
823,823,6,2,2024-06-10,2024-06-10,2024-06-12,2024-06-12,On-Time,2,0
824,824,6,2,2024-05-31,2024-05-31,2024-06-01,2024-06-01,On-Time,1,0
825,825,6,2,2024-06-08,2024-06-08,2024-06-09,2024-06-09,On-Time,1,0
826,826,7,5,2024-06-16,2024-06-16,2024-06-20,2024-06-20,On-Time,4,0
827,827,1,3,2024-06-24,2024-06-24,2024-06-28,2024-06-28,On-Time,4,0
828,828,1,3,2024-04-30,2024-04-30,2024-05-04,2024-05-04,On-Time,4,0
829,829,1,3,2024-06-11,2024-06-11,2024-06-14,2024-06-14,On-Time,3,0
830,830,8,5,2024-05-20,2024-05-20,2024-05-25,2024-05-25,On-Time,5,0
831,831,7,5,2024-04-19,2024-04-19,2024-04-24,2024-04-28,Delayed,9,4
832,832,5,5,2024-04-24,2024-04-24,2024-04-29,2024-04-29,On-Time,5,0
833,833,6,1,2024-06-13,2024-06-13,2024-06-15,2024-06-15,On-Time,2,0
834,834,4,2,2024-06-18,2024-06-18,2024-06-20,2024-06-20,On-Time,2,0
835,835,1,3,2024-05-09,2024-05-09,2024-05-13,2024-05-13,On-Time,4,0
836,836,6,3,2024-04-05,2024-04-05,2024-04-08,2024-04-08,On-Time,3,0
837,837,6,2,2024-05-14,2024-05-14,2024-05-16,2024-05-16,On-Time,2,0
838,838,5,3,2024-06-21,2024-06-21,2024-06-24,2024-06-24,On-Time,3,0
839,839,6,5,2024-05-04,2024-05-04,2024-05-08,2024-05-08,On-Time,4,0
840,840,6,4,2024-06-24,2024-06-24,2024-06-25,2024-06-25,On-Time,1,0
841,841,6,4,2024-06-02,2024-06-02,2024-06-04,2024-06-04,On-Time,2,0
842,842,5,3,2024-05-16,2024-05-16,2024-05-20,,Cancelled,0,0
843,843,6,3,2024-04-27,2024-04-27,2024-04-30,2024-04-30,On-Time,3,0
844,844,5,4,2024-05-29,2024-05-29,2024-05-30,2024-05-30,On-Time,1,0
845,845,3,5,2024-06-30,2024-06-30,2024-07-04,2024-07-07,Delayed,7,3
846,846,2,1,2024-06-13,2024-06-13,2024-06-15,2024-06-15,On-Time,2,0
847,847,2,4,2024-05-23,2024-05-23,2024-05-24,2024-05-27,Delayed,4,3
848,848,3,2,2024-04-03,2024-04-03,2024-04-05,2024-04-05,On-Time,2,0
849,849,1,3,2024-05-20,2024-05-20,2024-05-24,2024-05-24,On-Time,4,0
850,850,5,2,2024-04-22,2024-04-22,2024-04-24,2024-04-24,On-Time,2,0
851,851,1,4,2024-06-19,2024-06-19,2024-06-20,2024-06-24,Delayed,5,4
852,852,6,2,2024-06-27,2024-06-27,2024-06-29,2024-07-01,Delayed,4,2
853,853,2,1,2024-06-10,2024-06-10,2024-06-12,2024-06-16,Delayed,6,4
854,854,6,3,2024-05-01,2024-05-01,2024-05-04,,Cancelled,0,0
855,855,1,4,2024-04-09,2024-04-09,2024-04-11,2024-04-11,On-Time,2,0
856,856,6,2,2024-05-06,2024-05-06,2024-05-08,2024-05-08,On-Time,2,0
857,857,3,2,2024-05-02,2024-05-02,2024-05-03,2024-05-03,On-Time,1,0
858,858,6,2,2024-06-08,2024-06-08,2024-06-09,2024-06-09,On-Time,1,0
859,859,1,5,2024-06-23,2024-06-23,2024-06-28,2024-06-28,On-Time,5,0
860,860,6,3,2024-06-23,2024-06-23,2024-06-26,2024-06-26,On-Time,3,0
861,861,6,3,2024-05-23,2024-05-23,2024-05-26,2024-05-26,On-Time,3,0
862,862,4,1,2024-06-12,2024-06-12,2024-06-15,2024-06-15,On-Time,3,0
863,863,8,3,2024-05-22,2024-05-22,2024-05-25,2024-05-25,On-Time,3,0
864,864,5,2,2024-06-29,2024-06-29,2024-06-30,2024-07-04,Delayed,5,4
865,865,1,2,2024-05-30,2024-05-30,2024-05-31,2024-05-31,On-Time,1,0
866,866,6,4,2024-04-05,2024-04-05,2024-04-07,2024-04-07,On-Time,2,0
867,867,6,1,2024-05-05,2024-05-05,2024-05-07,2024-05-07,On-Time,2,0
868,868,2,5,2024-06-29,2024-06-29,2024-07-04,2024-07-04,On-Time,5,0
869,869,1,2,2024-05-24,2024-05-24,2024-05-25,2024-05-25,On-Time,1,0
870,870,1,4,2024-05-19,2024-05-19,2024-05-21,2024-05-21,On-Time,2,0
871,871,4,5,2024-06-14,2024-06-14,2024-06-18,2024-06-18,On-Time,4,0
872,872,6,4,2024-05-09,2024-05-09,2024-05-11,2024-05-11,On-Time,2,0
873,873,5,3,2024-04-30,2024-04-30,2024-05-04,2024-05-06,Delayed,6,2
874,874,3,4,2024-04-20,2024-04-20,2024-04-21,2024-04-21,On-Time,1,0
875,875,4,2,2024-04-18,2024-04-18,2024-04-20,2024-04-20,On-Time,2,0
876,876,2,2,2024-05-09,2024-05-09,2024-05-10,2024-05-10,On-Time,1,0
877,877,6,1,2024-06-06,2024-06-06,2024-06-08,2024-06-11,Delayed,5,3
878,878,1,3,2024-04-06,2024-04-06,2024-04-10,2024-04-10,On-Time,4,0
879,879,8,4,2024-07-02,2024-07-02,2024-07-03,2024-07-03,On-Time,1,0
880,880,1,2,2024-04-03,2024-04-03,2024-04-04,2024-04-04,On-Time,1,0
881,881,5,1,2024-05-24,2024-05-24,2024-05-27,2024-05-27,On-Time,3,0
882,882,1,5,2024-07-02,2024-07-02,2024-07-06,2024-07-06,On-Time,4,0
883,883,6,3,2024-06-30,2024-06-30,2024-07-04,2024-07-04,On-Time,4,0
884,884,6,1,2024-04-18,2024-04-18,2024-04-21,2024-04-21,On-Time,3,0
885,885,8,3,2024-04-19,2024-04-19,2024-04-23,2024-04-23,On-Time,4,0
886,886,1,2,2024-06-06,2024-06-06,2024-06-07,2024-06-07,On-Time,1,0
887,887,8,5,2024-05-10,2024-05-10,2024-05-14,2024-05-14,On-Time,4,0
888,888,5,5,2024-06-06,2024-06-06,2024-06-11,2024-06-11,On-Time,5,0
889,889,5,4,2024-04-18,2024-04-18,2024-04-19,2024-04-19,On-Time,1,0
890,890,1,4,2024-05-08,2024-05-08,2024-05-09,2024-05-11,Delayed,3,2
891,891,2,3,2024-04-08,2024-04-08,2024-04-12,2024-04-12,On-Time,4,0
892,892,6,1,2024-04-21,2024-04-21,2024-04-24,2024-04-24,On-Time,3,0
893,893,1,4,2024-05-26,2024-05-26,2024-05-28,2024-05-31,Delayed,5,3
894,894,4,5,2024-06-06,2024-06-06,2024-06-11,2024-06-14,Delayed,8,3
895,895,6,2,2024-06-16,2024-06-16,2024-06-17,2024-06-17,On-Time,1,0
896,896,2,4,2024-04-28,2024-04-28,2024-04-30,2024-04-30,On-Time,2,0
897,897,8,5,2024-04-03,2024-04-03,2024-04-08,2024-04-08,On-Time,5,0
898,898,5,3,2024-05-05,2024-05-05,2024-05-08,,Cancelled,0,0
899,899,8,4,2024-06-01,2024-06-01,2024-06-02,2024-06-02,On-Time,1,0
900,900,5,2,2024-06-25,2024-06-25,2024-06-27,2024-06-27,On-Time,2,0
901,901,6,2,2024-06-23,2024-06-23,2024-06-25,2024-06-25,On-Time,2,0
902,902,1,5,2024-06-11,2024-06-11,2024-06-16,2024-06-20,Delayed,9,4
903,903,1,4,2024-06-16,2024-06-16,2024-06-18,2024-06-18,On-Time,2,0
904,904,8,2,2024-05-18,2024-05-18,2024-05-20,2024-05-20,On-Time,2,0
905,905,6,5,2024-05-29,2024-05-29,2024-06-03,2024-06-07,Delayed,9,4
906,906,6,3,2024-04-09,2024-04-09,2024-04-13,2024-04-13,On-Time,4,0
907,907,1,2,2024-06-17,2024-06-17,2024-06-18,2024-06-18,On-Time,1,0
908,908,6,2,2024-04-10,2024-04-10,2024-04-11,2024-04-11,On-Time,1,0
909,909,6,1,2024-05-24,2024-05-24,2024-05-27,2024-05-28,Delayed,4,1
910,910,5,1,2024-06-11,2024-06-11,2024-06-13,2024-06-17,Delayed,6,4
911,911,8,5,2024-05-30,2024-05-30,2024-06-04,2024-06-04,On-Time,5,0
912,912,8,5,2024-05-31,2024-05-31,2024-06-04,2024-06-04,On-Time,4,0
913,913,4,2,2024-05-15,2024-05-15,2024-05-17,2024-05-20,Delayed,5,3
914,914,5,5,2024-05-29,2024-05-29,2024-06-02,2024-06-02,On-Time,4,0
915,915,5,2,2024-06-09,2024-06-09,2024-06-11,2024-06-11,On-Time,2,0
916,916,8,4,2024-05-29,2024-05-29,2024-05-30,2024-05-30,On-Time,1,0
917,917,5,2,2024-06-22,2024-06-22,2024-06-23,2024-06-23,On-Time,1,0
918,918,3,3,2024-05-28,2024-05-28,2024-05-31,2024-05-31,On-Time,3,0
919,919,2,2,2024-06-25,2024-06-25,2024-06-27,2024-06-27,On-Time,2,0
920,920,7,5,2024-05-01,2024-05-01,2024-05-06,2024-05-06,On-Time,5,0
921,921,2,3,2024-05-11,2024-05-11,2024-05-14,2024-05-14,On-Time,3,0
922,922,1,1,2024-04-16,2024-04-16,2024-04-19,2024-04-19,On-Time,3,0
923,923,1,5,2024-05-02,2024-05-02,2024-05-06,2024-05-06,On-Time,4,0
924,924,6,3,2024-04-05,2024-04-05,2024-04-09,2024-04-09,On-Time,4,0
925,925,3,1,2024-06-22,2024-06-22,2024-06-25,2024-06-25,On-Time,3,0
926,926,5,3,2024-05-25,2024-05-25,2024-05-29,2024-05-29,On-Time,4,0
927,927,2,2,2024-04-20,2024-04-20,2024-04-21,2024-04-21,On-Time,1,0
928,928,8,1,2024-04-05,2024-04-05,2024-04-07,2024-04-07,On-Time,2,0
929,929,1,1,2024-04-10,2024-04-10,2024-04-13,2024-04-13,On-Time,3,0
930,930,6,3,2024-06-13,2024-06-13,2024-06-17,2024-06-17,On-Time,4,0
931,931,7,1,2024-04-13,2024-04-13,2024-04-16,,Cancelled,0,0
932,932,1,5,2024-04-11,2024-04-11,2024-04-15,2024-04-15,On-Time,4,0
933,933,1,1,2024-06-02,2024-06-02,2024-06-04,2024-06-04,On-Time,2,0
934,934,4,3,2024-04-16,2024-04-16,2024-04-20,2024-04-20,On-Time,4,0
935,935,3,5,2024-05-27,2024-05-27,2024-05-31,2024-05-31,On-Time,4,0
936,936,3,1,2024-04-12,2024-04-12,2024-04-15,2024-04-15,On-Time,3,0
937,937,6,1,2024-06-27,2024-06-27,2024-06-29,2024-06-29,On-Time,2,0
938,938,7,2,2024-06-15,2024-06-15,2024-06-17,2024-06-18,Delayed,3,1
939,939,6,1,2024-04-26,2024-04-26,2024-04-28,2024-04-28,On-Time,2,0
940,940,2,3,2024-04-15,2024-04-15,2024-04-18,2024-04-18,On-Time,3,0
941,941,1,3,2024-05-26,2024-05-26,2024-05-30,2024-06-02,Delayed,7,3
942,942,4,1,2024-04-08,2024-04-08,2024-04-11,2024-04-11,On-Time,3,0
943,943,5,2,2024-04-14,2024-04-14,2024-04-16,2024-04-16,On-Time,2,0
944,944,4,3,2024-04-19,2024-04-19,2024-04-22,2024-04-22,On-Time,3,0
945,945,8,2,2024-05-18,2024-05-18,2024-05-19,2024-05-19,On-Time,1,0
946,946,2,3,2024-05-22,2024-05-22,2024-05-25,2024-05-25,On-Time,3,0
947,947,1,2,2024-06-22,2024-06-22,2024-06-24,2024-06-24,On-Time,2,0
948,948,6,2,2024-05-07,2024-05-07,2024-05-08,2024-05-08,On-Time,1,0
949,949,2,2,2024-05-10,2024-05-10,2024-05-11,2024-05-11,On-Time,1,0
950,950,8,1,2024-05-14,2024-05-14,2024-05-16,2024-05-16,On-Time,2,0
951,951,1,4,2024-06-16,2024-06-16,2024-06-18,2024-06-18,On-Time,2,0
952,952,4,4,2024-06-24,2024-06-24,2024-06-26,2024-06-26,On-Time,2,0
953,953,4,4,2024-06-10,2024-06-10,2024-06-11,2024-06-11,On-Time,1,0
954,954,8,3,2024-05-08,2024-05-08,2024-05-12,2024-05-12,On-Time,4,0
955,955,5,5,2024-05-17,2024-05-17,2024-05-21,2024-05-25,Delayed,8,4
956,956,7,4,2024-06-26,2024-06-26,2024-06-28,2024-06-28,On-Time,2,0
957,957,3,4,2024-06-17,2024-06-17,2024-06-19,2024-06-19,On-Time,2,0
958,958,4,3,2024-04-26,2024-04-26,2024-04-30,2024-04-30,On-Time,4,0
959,959,4,1,2024-04-12,2024-04-12,2024-04-14,2024-04-17,Delayed,5,3
960,960,8,4,2024-05-11,2024-05-11,2024-05-13,2024-05-13,On-Time,2,0
961,961,5,3,2024-06-21,2024-06-21,2024-06-24,2024-06-24,On-Time,3,0
962,962,5,2,2024-05-13,2024-05-13,2024-05-14,2024-05-17,Delayed,4,3
963,963,3,2,2024-06-05,2024-06-05,2024-06-06,2024-06-06,On-Time,1,0
964,964,8,3,2024-06-13,2024-06-13,2024-06-16,2024-06-16,On-Time,3,0
965,965,6,2,2024-04-29,2024-04-29,2024-05-01,2024-05-01,On-Time,2,0
966,966,1,2,2024-05-10,2024-05-10,2024-05-12,2024-05-12,On-Time,2,0
967,967,1,2,2024-04-09,2024-04-09,2024-04-10,2024-04-13,Delayed,4,3
968,968,7,3,2024-04-25,2024-04-25,2024-04-28,2024-04-28,On-Time,3,0
969,969,7,4,2024-06-16,2024-06-16,2024-06-17,2024-06-17,On-Time,1,0
970,970,1,2,2024-05-19,2024-05-19,2024-05-21,2024-05-21,On-Time,2,0
971,971,1,4,2024-04-19,2024-04-19,2024-04-21,2024-04-21,On-Time,2,0
972,972,1,2,2024-06-25,2024-06-25,2024-06-26,2024-06-30,Delayed,5,4
973,973,4,4,2024-06-22,2024-06-22,2024-06-24,2024-06-24,On-Time,2,0
974,974,1,2,2024-04-26,2024-04-26,2024-04-28,2024-04-28,On-Time,2,0
975,975,8,4,2024-06-08,2024-06-08,2024-06-10,2024-06-10,On-Time,2,0
976,976,8,2,2024-05-16,2024-05-16,2024-05-18,2024-05-18,On-Time,2,0
977,977,2,5,2024-05-28,2024-05-28,2024-06-01,2024-06-01,On-Time,4,0
978,978,6,2,2024-04-05,2024-04-05,2024-04-06,2024-04-09,Delayed,4,3
979,979,2,2,2024-06-24,2024-06-24,2024-06-26,2024-06-26,On-Time,2,0
980,980,5,4,2024-05-16,2024-05-16,2024-05-18,2024-05-18,On-Time,2,0
981,981,6,5,2024-06-20,2024-06-20,2024-06-25,2024-06-25,On-Time,5,0
982,982,3,5,2024-05-19,2024-05-19,2024-05-24,2024-05-24,On-Time,5,0
983,983,1,4,2024-06-30,2024-06-30,2024-07-01,2024-07-01,On-Time,1,0
984,984,1,2,2024-05-29,2024-05-29,2024-05-30,2024-05-30,On-Time,1,0
985,985,8,5,2024-06-11,2024-06-11,2024-06-16,2024-06-16,On-Time,5,0
986,986,8,2,2024-06-04,2024-06-04,2024-06-06,2024-06-06,On-Time,2,0
987,987,8,3,2024-04-02,2024-04-02,2024-04-06,2024-04-06,On-Time,4,0
988,988,6,1,2024-05-12,2024-05-12,2024-05-15,2024-05-15,On-Time,3,0
989,989,1,1,2024-05-01,2024-05-01,2024-05-03,2024-05-03,On-Time,2,0
990,990,1,4,2024-04-07,2024-04-07,2024-04-09,2024-04-12,Delayed,5,3
991,991,1,5,2024-05-10,2024-05-10,2024-05-15,2024-05-15,On-Time,5,0
992,992,3,5,2024-05-22,2024-05-22,2024-05-27,2024-05-27,On-Time,5,0
993,993,5,2,2024-04-08,2024-04-08,2024-04-09,2024-04-09,On-Time,1,0
994,994,6,4,2024-04-03,2024-04-03,2024-04-04,2024-04-04,On-Time,1,0
995,995,3,2,2024-05-17,2024-05-17,2024-05-19,2024-05-19,On-Time,2,0
996,996,1,3,2024-04-13,2024-04-13,2024-04-16,2024-04-16,On-Time,3,0
997,997,4,1,2024-04-04,2024-04-04,2024-04-06,2024-04-06,On-Time,2,0
998,998,5,5,2024-04-09,2024-04-09,2024-04-14,2024-04-14,On-Time,5,0
999,999,1,4,2024-06-26,2024-06-26,2024-06-27,2024-07-01,Delayed,5,4
1000,1000,2,4,2024-04-22,2024-04-22,2024-04-23,2024-04-23,On-Time,1,0
1001,1001,4,4,2024-04-13,2024-04-13,2024-04-14,2024-04-14,On-Time,1,0
1002,1002,1,2,2024-04-29,2024-04-29,2024-04-30,2024-04-30,On-Time,1,0
1003,1003,7,2,2024-04-27,2024-04-27,2024-04-29,2024-04-30,Delayed,3,1
1004,1004,3,3,2024-04-22,2024-04-22,2024-04-26,2024-04-26,On-Time,4,0
1005,1005,6,3,2024-05-01,2024-05-01,2024-05-04,2024-05-04,On-Time,3,0
1006,1006,8,1,2024-05-09,2024-05-09,2024-05-12,2024-05-12,On-Time,3,0
1007,1007,1,2,2024-06-15,2024-06-15,2024-06-17,2024-06-17,On-Time,2,0
1008,1008,1,3,2024-04-25,2024-04-25,2024-04-28,2024-04-28,On-Time,3,0
1009,1009,6,4,2024-05-10,2024-05-10,2024-05-12,2024-05-12,On-Time,2,0
1010,1010,4,2,2024-04-19,2024-04-19,2024-04-21,2024-04-25,Delayed,6,4
1011,1011,7,3,2024-05-28,2024-05-28,2024-06-01,2024-06-01,On-Time,4,0
1012,1012,8,2,2024-04-03,2024-04-03,2024-04-05,2024-04-07,Delayed,4,2
1013,1013,4,2,2024-06-27,2024-06-27,2024-06-29,2024-06-29,On-Time,2,0
1014,1014,5,2,2024-04-24,2024-04-24,2024-04-25,2024-04-28,Delayed,4,3
1015,1015,4,1,2024-05-27,2024-05-27,2024-05-30,2024-05-30,On-Time,3,0
1016,1016,8,5,2024-05-19,2024-05-19,2024-05-24,2024-05-24,On-Time,5,0
1017,1017,5,1,2024-06-07,2024-06-07,2024-06-09,2024-06-11,Delayed,4,2
1018,1018,1,3,2024-06-06,2024-06-06,2024-06-10,2024-06-10,On-Time,4,0
1019,1019,1,4,2024-04-08,2024-04-08,2024-04-09,2024-04-09,On-Time,1,0
1020,1020,8,5,2024-04-13,2024-04-13,2024-04-18,2024-04-18,On-Time,5,0
1021,1021,3,1,2024-05-19,2024-05-19,2024-05-21,,Cancelled,0,0
1022,1022,5,4,2024-05-17,2024-05-17,2024-05-19,2024-05-19,On-Time,2,0
1023,1023,5,5,2024-05-20,2024-05-20,2024-05-24,2024-05-24,On-Time,4,0
1024,1024,7,3,2024-06-06,2024-06-06,2024-06-10,2024-06-13,Delayed,7,3
1025,1025,1,2,2024-06-12,2024-06-12,2024-06-13,2024-06-13,On-Time,1,0
1026,1026,6,1,2024-05-27,2024-05-27,2024-05-30,2024-05-30,On-Time,3,0
1027,1027,5,5,2024-04-16,2024-04-16,2024-04-20,2024-04-20,On-Time,4,0
1028,1028,5,1,2024-06-13,2024-06-13,2024-06-15,2024-06-15,On-Time,2,0
1029,1029,1,4,2024-06-24,2024-06-24,2024-06-26,2024-06-26,On-Time,2,0
1030,1030,7,4,2024-05-08,2024-05-08,2024-05-09,2024-05-13,Delayed,5,4
1031,1031,7,1,2024-07-02,2024-07-02,2024-07-04,2024-07-04,On-Time,2,0
1032,1032,1,2,2024-04-05,2024-04-05,2024-04-06,2024-04-06,On-Time,1,0
1033,1033,4,4,2024-04-18,2024-04-18,2024-04-20,,Cancelled,0,0
1034,1034,8,1,2024-06-26,2024-06-26,2024-06-29,2024-07-03,Delayed,7,4
1035,1035,6,3,2024-06-06,2024-06-06,2024-06-09,2024-06-09,On-Time,3,0
1036,1036,2,1,2024-06-06,2024-06-06,2024-06-08,2024-06-08,On-Time,2,0
1037,1037,6,3,2024-05-03,2024-05-03,2024-05-07,,Cancelled,0,0
1038,1038,3,3,2024-04-29,2024-04-29,2024-05-02,2024-05-02,On-Time,3,0
1039,1039,2,1,2024-06-27,2024-06-27,2024-06-29,2024-06-29,On-Time,2,0
1040,1040,5,1,2024-04-05,2024-04-05,2024-04-08,2024-04-08,On-Time,3,0
1041,1041,5,1,2024-05-20,2024-05-20,2024-05-23,2024-05-23,On-Time,3,0
1042,1042,1,3,2024-06-08,2024-06-08,2024-06-11,2024-06-13,Delayed,5,2
1043,1043,3,4,2024-04-09,2024-04-09,2024-04-10,2024-04-10,On-Time,1,0
1044,1044,6,4,2024-04-20,2024-04-20,2024-04-21,2024-04-21,On-Time,1,0
1045,1045,5,2,2024-04-11,2024-04-11,2024-04-13,2024-04-13,On-Time,2,0
1046,1046,6,2,2024-06-06,2024-06-06,2024-06-07,2024-06-07,On-Time,1,0
1047,1047,1,4,2024-06-24,2024-06-24,2024-06-25,2024-06-25,On-Time,1,0
1048,1048,6,1,2024-04-29,2024-04-29,2024-05-02,2024-05-02,On-Time,3,0
1049,1049,4,5,2024-04-24,2024-04-24,2024-04-29,2024-04-29,On-Time,5,0
1050,1050,3,2,2024-04-24,2024-04-24,2024-04-25,2024-04-25,On-Time,1,0
1051,1051,1,5,2024-06-18,2024-06-18,2024-06-23,2024-06-23,On-Time,5,0
1052,1052,3,2,2024-04-16,2024-04-16,2024-04-17,2024-04-17,On-Time,1,0
1053,1053,4,1,2024-04-12,2024-04-12,2024-04-15,2024-04-15,On-Time,3,0
1054,1054,1,1,2024-06-12,2024-06-12,2024-06-15,2024-06-15,On-Time,3,0
1055,1055,4,4,2024-04-22,2024-04-22,2024-04-23,2024-04-23,On-Time,1,0
1056,1056,5,5,2024-05-16,2024-05-16,2024-05-21,2024-05-21,On-Time,5,0
1057,1057,1,5,2024-06-23,2024-06-23,2024-06-27,2024-06-27,On-Time,4,0
1058,1058,7,5,2024-06-05,2024-06-05,2024-06-09,2024-06-09,On-Time,4,0
1059,1059,1,2,2024-06-11,2024-06-11,2024-06-12,2024-06-12,On-Time,1,0
1060,1060,1,3,2024-05-26,2024-05-26,2024-05-30,2024-05-30,On-Time,4,0
1061,1061,1,4,2024-06-25,2024-06-25,2024-06-26,2024-06-26,On-Time,1,0
1062,1062,3,2,2024-06-02,2024-06-02,2024-06-03,2024-06-03,On-Time,1,0
1063,1063,2,3,2024-05-11,2024-05-11,2024-05-14,2024-05-14,On-Time,3,0
1064,1064,8,2,2024-05-06,2024-05-06,2024-05-08,2024-05-08,On-Time,2,0
1065,1065,5,2,2024-04-20,2024-04-20,2024-04-22,2024-04-24,Delayed,4,2
1066,1066,1,3,2024-06-27,2024-06-27,2024-07-01,2024-07-01,On-Time,4,0
1067,1067,6,2,2024-05-05,2024-05-05,2024-05-07,2024-05-07,On-Time,2,0
1068,1068,5,4,2024-06-26,2024-06-26,2024-06-27,2024-06-27,On-Time,1,0
1069,1069,1,3,2024-04-17,2024-04-17,2024-04-20,2024-04-20,On-Time,3,0
1070,1070,7,1,2024-05-27,2024-05-27,2024-05-30,2024-05-30,On-Time,3,0
1071,1071,6,2,2024-05-13,2024-05-13,2024-05-14,2024-05-14,On-Time,1,0
1072,1072,6,4,2024-05-28,2024-05-28,2024-05-30,2024-05-30,On-Time,2,0
1073,1073,6,4,2024-04-05,2024-04-05,2024-04-07,2024-04-08,Delayed,3,1
1074,1074,1,1,2024-05-03,2024-05-03,2024-05-05,2024-05-05,On-Time,2,0
1075,1075,3,3,2024-06-27,2024-06-27,2024-07-01,2024-07-01,On-Time,4,0
1076,1076,5,4,2024-04-14,2024-04-14,2024-04-15,2024-04-15,On-Time,1,0
1077,1077,2,1,2024-04-16,2024-04-16,2024-04-18,2024-04-18,On-Time,2,0
1078,1078,1,2,2024-05-05,2024-05-05,2024-05-07,2024-05-07,On-Time,2,0
1079,1079,2,4,2024-06-02,2024-06-02,2024-06-04,2024-06-04,On-Time,2,0
1080,1080,2,1,2024-04-30,2024-04-30,2024-05-02,2024-05-02,On-Time,2,0
1081,1081,6,4,2024-05-03,2024-05-03,2024-05-05,2024-05-05,On-Time,2,0
1082,1082,2,1,2024-06-24,2024-06-24,2024-06-26,2024-06-26,On-Time,2,0
1083,1083,3,3,2024-04-25,2024-04-25,2024-04-28,2024-04-28,On-Time,3,0
1084,1084,6,4,2024-05-23,2024-05-23,2024-05-24,2024-05-24,On-Time,1,0
1085,1085,1,4,2024-04-20,2024-04-20,2024-04-22,2024-04-25,Delayed,5,3
1086,1086,4,3,2024-05-20,2024-05-20,2024-05-24,2024-05-24,On-Time,4,0
1087,1087,5,2,2024-06-27,2024-06-27,2024-06-29,2024-06-29,On-Time,2,0
1088,1088,8,2,2024-04-03,2024-04-03,2024-04-05,2024-04-08,Delayed,5,3
1089,1089,6,5,2024-04-15,2024-04-15,2024-04-19,2024-04-19,On-Time,4,0
1090,1090,7,1,2024-06-09,2024-06-09,2024-06-12,2024-06-12,On-Time,3,0
1091,1091,5,5,2024-05-18,2024-05-18,2024-05-23,2024-05-23,On-Time,5,0
1092,1092,1,2,2024-06-30,2024-06-30,2024-07-01,2024-07-01,On-Time,1,0
1093,1093,1,4,2024-05-20,2024-05-20,2024-05-22,2024-05-22,On-Time,2,0
1094,1094,1,3,2024-04-24,2024-04-24,2024-04-27,,Cancelled,0,0
1095,1095,2,3,2024-05-26,2024-05-26,2024-05-30,2024-05-30,On-Time,4,0
1096,1096,8,1,2024-06-07,2024-06-07,2024-06-09,2024-06-09,On-Time,2,0
1097,1097,1,5,2024-04-04,2024-04-04,2024-04-09,2024-04-09,On-Time,5,0
1098,1098,3,2,2024-04-26,2024-04-26,2024-04-27,2024-04-27,On-Time,1,0
1099,1099,2,3,2024-05-06,2024-05-06,2024-05-09,2024-05-09,On-Time,3,0
1100,1100,7,5,2024-07-01,2024-07-01,2024-07-05,2024-07-05,On-Time,4,0
1101,1101,6,1,2024-06-20,2024-06-20,2024-06-23,2024-06-23,On-Time,3,0
1102,1102,2,4,2024-06-07,2024-06-07,2024-06-09,2024-06-09,On-Time,2,0
1103,1103,1,3,2024-04-15,2024-04-15,2024-04-18,2024-04-18,On-Time,3,0
1104,1104,1,5,2024-05-11,2024-05-11,2024-05-16,2024-05-16,On-Time,5,0
1105,1105,3,2,2024-06-30,2024-06-30,2024-07-02,2024-07-02,On-Time,2,0
1106,1106,6,5,2024-05-02,2024-05-02,2024-05-07,2024-05-07,On-Time,5,0
1107,1107,5,5,2024-06-07,2024-06-07,2024-06-12,2024-06-12,On-Time,5,0
1108,1108,8,1,2024-04-20,2024-04-20,2024-04-23,2024-04-23,On-Time,3,0
1109,1109,2,4,2024-06-04,2024-06-04,2024-06-06,2024-06-06,On-Time,2,0
1110,1110,6,2,2024-05-17,2024-05-17,2024-05-19,2024-05-19,On-Time,2,0
1111,1111,5,5,2024-06-02,2024-06-02,2024-06-06,,Cancelled,0,0
1112,1112,1,1,2024-06-16,2024-06-16,2024-06-18,2024-06-18,On-Time,2,0
1113,1113,1,2,2024-05-26,2024-05-26,2024-05-27,2024-05-27,On-Time,1,0
1114,1114,5,2,2024-07-02,2024-07-02,2024-07-03,2024-07-05,Delayed,3,2
1115,1115,1,3,2024-04-26,2024-04-26,2024-04-29,2024-04-29,On-Time,3,0
1116,1116,1,4,2024-04-23,2024-04-23,2024-04-24,2024-04-24,On-Time,1,0
1117,1117,8,1,2024-05-27,2024-05-27,2024-05-29,2024-05-29,On-Time,2,0
1118,1118,1,5,2024-04-06,2024-04-06,2024-04-11,2024-04-11,On-Time,5,0
1119,1119,5,1,2024-04-05,2024-04-05,2024-04-08,2024-04-08,On-Time,3,0
1120,1120,1,1,2024-06-17,2024-06-17,2024-06-20,2024-06-20,On-Time,3,0
1121,1121,2,3,2024-06-20,2024-06-20,2024-06-24,2024-06-24,On-Time,4,0
1122,1122,2,3,2024-04-27,2024-04-27,2024-05-01,2024-05-01,On-Time,4,0
1123,1123,1,3,2024-06-08,2024-06-08,2024-06-12,2024-06-12,On-Time,4,0
1124,1124,4,5,2024-04-20,2024-04-20,2024-04-24,2024-04-24,On-Time,4,0
1125,1125,6,3,2024-06-22,2024-06-22,2024-06-25,2024-06-25,On-Time,3,0
1126,1126,6,3,2024-05-05,2024-05-05,2024-05-09,2024-05-09,On-Time,4,0
1127,1127,8,4,2024-06-19,2024-06-19,2024-06-21,2024-06-21,On-Time,2,0
1128,1128,4,5,2024-06-24,2024-06-24,2024-06-28,2024-06-28,On-Time,4,0
1129,1129,7,1,2024-06-02,2024-06-02,2024-06-05,2024-06-05,On-Time,3,0
1130,1130,7,5,2024-04-29,2024-04-29,2024-05-03,2024-05-06,Delayed,7,3
1131,1131,3,2,2024-05-25,2024-05-25,2024-05-26,2024-05-26,On-Time,1,0
1132,1132,5,2,2024-06-17,2024-06-17,2024-06-18,2024-06-18,On-Time,1,0
1133,1133,1,5,2024-05-10,2024-05-10,2024-05-15,2024-05-15,On-Time,5,0
1134,1134,3,2,2024-05-14,2024-05-14,2024-05-15,2024-05-15,On-Time,1,0
1135,1135,8,4,2024-06-25,2024-06-25,2024-06-26,2024-06-26,On-Time,1,0
1136,1136,8,3,2024-05-13,2024-05-13,2024-05-17,2024-05-17,On-Time,4,0
1137,1137,4,4,2024-05-01,2024-05-01,2024-05-03,2024-05-03,On-Time,2,0
1138,1138,6,2,2024-05-08,2024-05-08,2024-05-09,2024-05-09,On-Time,1,0
1139,1139,1,3,2024-06-20,2024-06-20,2024-06-23,2024-06-23,On-Time,3,0
1140,1140,5,2,2024-04-20,2024-04-20,2024-04-21,2024-04-21,On-Time,1,0
1141,1141,4,3,2024-04-21,2024-04-21,2024-04-25,2024-04-29,Delayed,8,4
1142,1142,2,4,2024-04-10,2024-04-10,2024-04-11,2024-04-11,On-Time,1,0
1143,1143,7,3,2024-05-05,2024-05-05,2024-05-09,2024-05-09,On-Time,4,0
1144,1144,5,1,2024-05-25,2024-05-25,2024-05-27,2024-05-27,On-Time,2,0
1145,1145,6,3,2024-05-11,2024-05-11,2024-05-15,2024-05-16,Delayed,5,1
1146,1146,3,5,2024-05-08,2024-05-08,2024-05-12,2024-05-12,On-Time,4,0
1147,1147,1,3,2024-05-24,2024-05-24,2024-05-28,2024-05-28,On-Time,4,0
1148,1148,2,4,2024-04-11,2024-04-11,2024-04-12,2024-04-12,On-Time,1,0
1149,1149,3,5,2024-06-29,2024-06-29,2024-07-03,2024-07-03,On-Time,4,0
1150,1150,5,3,2024-04-30,2024-04-30,2024-05-03,2024-05-03,On-Time,3,0
1151,1151,1,2,2024-06-19,2024-06-19,2024-06-20,2024-06-20,On-Time,1,0
1152,1152,1,5,2024-06-02,2024-06-02,2024-06-07,2024-06-10,Delayed,8,3
1153,1153,7,2,2024-05-12,2024-05-12,2024-05-14,2024-05-14,On-Time,2,0
1154,1154,4,5,2024-04-10,2024-04-10,2024-04-14,2024-04-14,On-Time,4,0
1155,1155,5,5,2024-06-20,2024-06-20,2024-06-25,2024-06-25,On-Time,5,0
1156,1156,1,5,2024-04-27,2024-04-27,2024-05-01,2024-05-01,On-Time,4,0
1157,1157,1,4,2024-04-24,2024-04-24,2024-04-26,2024-04-26,On-Time,2,0
1158,1158,1,3,2024-05-18,2024-05-18,2024-05-21,2024-05-25,Delayed,7,4
1159,1159,6,2,2024-05-19,2024-05-19,2024-05-20,2024-05-20,On-Time,1,0
1160,1160,6,3,2024-06-17,2024-06-17,2024-06-21,2024-06-24,Delayed,7,3
1161,1161,4,2,2024-06-30,2024-06-30,2024-07-01,2024-07-01,On-Time,1,0
1162,1162,6,2,2024-06-06,2024-06-06,2024-06-07,2024-06-07,On-Time,1,0
1163,1163,2,3,2024-06-09,2024-06-09,2024-06-12,2024-06-12,On-Time,3,0
1164,1164,7,3,2024-04-09,2024-04-09,2024-04-12,2024-04-12,On-Time,3,0
1165,1165,3,3,2024-05-31,2024-05-31,2024-06-04,2024-06-04,On-Time,4,0
1166,1166,1,3,2024-06-07,2024-06-07,2024-06-11,2024-06-11,On-Time,4,0
1167,1167,5,3,2024-05-29,2024-05-29,2024-06-02,2024-06-02,On-Time,4,0
1168,1168,6,5,2024-04-29,2024-04-29,2024-05-03,2024-05-03,On-Time,4,0
1169,1169,1,2,2024-06-20,2024-06-20,2024-06-22,,Cancelled,0,0
1170,1170,6,4,2024-04-14,2024-04-14,2024-04-15,2024-04-15,On-Time,1,0
1171,1171,7,2,2024-04-03,2024-04-03,2024-04-05,2024-04-05,On-Time,2,0
1172,1172,5,5,2024-05-06,2024-05-06,2024-05-10,2024-05-10,On-Time,4,0
1173,1173,7,5,2024-06-14,2024-06-14,2024-06-18,2024-06-18,On-Time,4,0
1174,1174,5,2,2024-05-20,2024-05-20,2024-05-22,2024-05-22,On-Time,2,0
1175,1175,6,5,2024-05-04,2024-05-04,2024-05-08,2024-05-08,On-Time,4,0
1176,1176,1,5,2024-06-06,2024-06-06,2024-06-10,,Cancelled,0,0
1177,1177,1,5,2024-04-20,2024-04-20,2024-04-25,2024-04-25,On-Time,5,0
1178,1178,2,4,2024-05-08,2024-05-08,2024-05-09,2024-05-09,On-Time,1,0
1179,1179,8,3,2024-04-18,2024-04-18,2024-04-21,2024-04-24,Delayed,6,3
1180,1180,1,5,2024-06-19,2024-06-19,2024-06-24,2024-06-24,On-Time,5,0
1181,1181,5,2,2024-05-23,2024-05-23,2024-05-24,2024-05-24,On-Time,1,0
1182,1182,1,1,2024-04-23,2024-04-23,2024-04-26,2024-04-26,On-Time,3,0
1183,1183,4,4,2024-04-27,2024-04-27,2024-04-29,2024-04-29,On-Time,2,0
1184,1184,4,4,2024-04-15,2024-04-15,2024-04-17,2024-04-17,On-Time,2,0
1185,1185,2,4,2024-06-23,2024-06-23,2024-06-24,2024-06-24,On-Time,1,0
1186,1186,4,5,2024-04-22,2024-04-22,2024-04-26,2024-04-26,On-Time,4,0
1187,1187,4,4,2024-05-14,2024-05-14,2024-05-15,2024-05-15,On-Time,1,0
1188,1188,1,4,2024-05-21,2024-05-21,2024-05-23,2024-05-23,On-Time,2,0
1189,1189,6,3,2024-04-13,2024-04-13,2024-04-16,2024-04-19,Delayed,6,3
1190,1190,1,5,2024-05-16,2024-05-16,2024-05-20,2024-05-20,On-Time,4,0
1191,1191,6,5,2024-05-21,2024-05-21,2024-05-25,2024-05-25,On-Time,4,0
1192,1192,3,2,2024-06-09,2024-06-09,2024-06-11,2024-06-11,On-Time,2,0
1193,1193,4,1,2024-05-10,2024-05-10,2024-05-13,2024-05-13,On-Time,3,0
1194,1194,1,5,2024-05-09,2024-05-09,2024-05-13,2024-05-13,On-Time,4,0
1195,1195,7,1,2024-05-16,2024-05-16,2024-05-18,2024-05-18,On-Time,2,0
1196,1196,6,5,2024-06-26,2024-06-26,2024-07-01,,Cancelled,0,0
1197,1197,8,5,2024-06-15,2024-06-15,2024-06-20,2024-06-20,On-Time,5,0
1198,1198,6,4,2024-05-05,2024-05-05,2024-05-07,2024-05-07,On-Time,2,0
1199,1199,7,2,2024-05-29,2024-05-29,2024-05-30,2024-05-30,On-Time,1,0
1200,1200,2,1,2024-06-08,2024-06-08,2024-06-10,2024-06-14,Delayed,6,4
1201,1201,5,4,2024-05-17,2024-05-17,2024-05-18,2024-05-18,On-Time,1,0
1202,1202,5,1,2024-07-01,2024-07-01,2024-07-03,2024-07-03,On-Time,2,0
1203,1203,1,5,2024-05-18,2024-05-18,2024-05-22,2024-05-23,Delayed,5,1
1204,1204,2,5,2024-05-06,2024-05-06,2024-05-11,2024-05-13,Delayed,7,2
1205,1205,2,3,2024-05-12,2024-05-12,2024-05-15,2024-05-15,On-Time,3,0
1206,1206,2,3,2024-06-30,2024-06-30,2024-07-03,2024-07-03,On-Time,3,0
1207,1207,8,1,2024-06-06,2024-06-06,2024-06-09,2024-06-09,On-Time,3,0
1208,1208,1,3,2024-04-15,2024-04-15,2024-04-19,2024-04-19,On-Time,4,0
1209,1209,6,5,2024-06-04,2024-06-04,2024-06-08,2024-06-08,On-Time,4,0
1210,1210,7,3,2024-06-22,2024-06-22,2024-06-25,2024-06-25,On-Time,3,0
1211,1211,7,2,2024-06-29,2024-06-29,2024-07-01,2024-07-01,On-Time,2,0
1212,1212,8,1,2024-06-24,2024-06-24,2024-06-26,2024-06-26,On-Time,2,0
1213,1213,3,1,2024-04-23,2024-04-23,2024-04-26,,Cancelled,0,0
1214,1214,1,1,2024-05-21,2024-05-21,2024-05-24,2024-05-24,On-Time,3,0
1215,1215,6,4,2024-05-03,2024-05-03,2024-05-04,2024-05-04,On-Time,1,0
1216,1216,6,5,2024-04-14,2024-04-14,2024-04-19,2024-04-19,On-Time,5,0
1217,1217,1,4,2024-06-15,2024-06-15,2024-06-16,2024-06-16,On-Time,1,0
1218,1218,2,5,2024-05-24,2024-05-24,2024-05-28,2024-05-28,On-Time,4,0
1219,1219,6,5,2024-07-01,2024-07-01,2024-07-06,2024-07-06,On-Time,5,0
1220,1220,2,5,2024-04-03,2024-04-03,2024-04-08,2024-04-08,On-Time,5,0
1221,1221,2,5,2024-04-24,2024-04-24,2024-04-28,2024-04-28,On-Time,4,0
1222,1222,3,1,2024-05-02,2024-05-02,2024-05-04,2024-05-04,On-Time,2,0
1223,1223,8,1,2024-05-11,2024-05-11,2024-05-14,2024-05-14,On-Time,3,0
1224,1224,7,5,2024-04-21,2024-04-21,2024-04-26,2024-04-26,On-Time,5,0
1225,1225,6,1,2024-04-13,2024-04-13,2024-04-15,2024-04-18,Delayed,5,3
1226,1226,7,5,2024-05-23,2024-05-23,2024-05-27,2024-05-31,Delayed,8,4
1227,1227,6,2,2024-04-09,2024-04-09,2024-04-11,2024-04-11,On-Time,2,0
1228,1228,8,3,2024-04-24,2024-04-24,2024-04-28,2024-04-28,On-Time,4,0
1229,1229,6,4,2024-06-16,2024-06-16,2024-06-18,2024-06-18,On-Time,2,0
1230,1230,7,4,2024-06-17,2024-06-17,2024-06-19,2024-06-20,Delayed,3,1
1231,1231,7,2,2024-05-18,2024-05-18,2024-05-20,2024-05-20,On-Time,2,0
1232,1232,7,4,2024-06-28,2024-06-28,2024-06-30,2024-06-30,On-Time,2,0
1233,1233,8,4,2024-04-11,2024-04-11,2024-04-12,2024-04-12,On-Time,1,0
1234,1234,7,1,2024-04-20,2024-04-20,2024-04-23,2024-04-27,Delayed,7,4
1235,1235,1,2,2024-04-24,2024-04-24,2024-04-26,2024-04-26,On-Time,2,0
1236,1236,2,1,2024-04-05,2024-04-05,2024-04-07,,Cancelled,0,0
1237,1237,7,1,2024-04-26,2024-04-26,2024-04-29,2024-04-29,On-Time,3,0
1238,1238,2,1,2024-05-05,2024-05-05,2024-05-08,2024-05-08,On-Time,3,0
1239,1239,2,3,2024-04-03,2024-04-03,2024-04-06,2024-04-06,On-Time,3,0
1240,1240,1,2,2024-06-10,2024-06-10,2024-06-12,2024-06-12,On-Time,2,0
1241,1241,1,5,2024-04-13,2024-04-13,2024-04-18,,Cancelled,0,0
1242,1242,5,3,2024-06-08,2024-06-08,2024-06-12,2024-06-12,On-Time,4,0
1243,1243,3,2,2024-06-01,2024-06-01,2024-06-03,2024-06-03,On-Time,2,0
1244,1244,4,1,2024-04-12,2024-04-12,2024-04-15,2024-04-15,On-Time,3,0
1245,1245,1,1,2024-05-18,2024-05-18,2024-05-21,2024-05-21,On-Time,3,0
1246,1246,6,3,2024-05-13,2024-05-13,2024-05-16,2024-05-16,On-Time,3,0
1247,1247,2,2,2024-05-22,2024-05-22,2024-05-24,2024-05-24,On-Time,2,0
1248,1248,1,3,2024-06-30,2024-06-30,2024-07-03,2024-07-03,On-Time,3,0
1249,1249,4,3,2024-06-03,2024-06-03,2024-06-07,2024-06-07,On-Time,4,0
1250,1250,1,5,2024-06-27,2024-06-27,2024-07-01,2024-07-01,On-Time,4,0
1251,1251,1,5,2024-04-02,2024-04-02,2024-04-07,2024-04-07,On-Time,5,0
1252,1252,1,1,2024-04-12,2024-04-12,2024-04-14,2024-04-14,On-Time,2,0
1253,1253,7,2,2024-05-12,2024-05-12,2024-05-13,2024-05-13,On-Time,1,0
1254,1254,1,4,2024-05-11,2024-05-11,2024-05-12,2024-05-12,On-Time,1,0
1255,1255,6,2,2024-04-28,2024-04-28,2024-04-29,2024-04-29,On-Time,1,0
1256,1256,2,2,2024-05-12,2024-05-12,2024-05-13,2024-05-13,On-Time,1,0
1257,1257,5,5,2024-06-15,2024-06-15,2024-06-20,2024-06-20,On-Time,5,0
1258,1258,5,2,2024-05-09,2024-05-09,2024-05-10,2024-05-10,On-Time,1,0
1259,1259,8,1,2024-05-24,2024-05-24,2024-05-27,2024-05-27,On-Time,3,0
1260,1260,7,3,2024-07-02,2024-07-02,2024-07-05,2024-07-05,On-Time,3,0
1261,1261,8,3,2024-05-06,2024-05-06,2024-05-10,2024-05-10,On-Time,4,0
1262,1262,1,3,2024-06-19,2024-06-19,2024-06-23,2024-06-23,On-Time,4,0
1263,1263,6,3,2024-05-27,2024-05-27,2024-05-31,2024-06-02,Delayed,6,2
1264,1264,1,3,2024-06-14,2024-06-14,2024-06-18,2024-06-18,On-Time,4,0
1265,1265,4,4,2024-05-09,2024-05-09,2024-05-10,2024-05-10,On-Time,1,0
1266,1266,3,3,2024-06-20,2024-06-20,2024-06-24,2024-06-24,On-Time,4,0
1267,1267,6,3,2024-05-03,2024-05-03,2024-05-07,2024-05-07,On-Time,4,0
1268,1268,4,5,2024-05-27,2024-05-27,2024-05-31,2024-05-31,On-Time,4,0
1269,1269,4,4,2024-05-16,2024-05-16,2024-05-18,2024-05-18,On-Time,2,0
1270,1270,1,3,2024-05-07,2024-05-07,2024-05-10,2024-05-10,On-Time,3,0
1271,1271,2,4,2024-05-19,2024-05-19,2024-05-21,2024-05-21,On-Time,2,0
1272,1272,6,1,2024-05-01,2024-05-01,2024-05-03,,Cancelled,0,0
1273,1273,5,5,2024-05-12,2024-05-12,2024-05-17,2024-05-17,On-Time,5,0
1274,1274,7,4,2024-04-17,2024-04-17,2024-04-19,2024-04-19,On-Time,2,0
1275,1275,6,5,2024-05-31,2024-05-31,2024-06-04,2024-06-04,On-Time,4,0
1276,1276,3,1,2024-05-11,2024-05-11,2024-05-14,2024-05-17,Delayed,6,3
1277,1277,4,1,2024-04-30,2024-04-30,2024-05-02,2024-05-02,On-Time,2,0
1278,1278,6,1,2024-06-13,2024-06-13,2024-06-15,2024-06-15,On-Time,2,0
1279,1279,3,4,2024-06-26,2024-06-26,2024-06-27,2024-06-27,On-Time,1,0
1280,1280,3,3,2024-04-22,2024-04-22,2024-04-25,,Cancelled,0,0
1281,1281,5,5,2024-04-28,2024-04-28,2024-05-03,2024-05-07,Delayed,9,4
1282,1282,8,4,2024-05-17,2024-05-17,2024-05-18,2024-05-18,On-Time,1,0
1283,1283,6,1,2024-06-08,2024-06-08,2024-06-11,2024-06-11,On-Time,3,0
1284,1284,3,4,2024-05-18,2024-05-18,2024-05-20,2024-05-20,On-Time,2,0
1285,1285,6,4,2024-04-20,2024-04-20,2024-04-21,2024-04-21,On-Time,1,0
1286,1286,7,1,2024-05-21,2024-05-21,2024-05-23,2024-05-23,On-Time,2,0
1287,1287,6,1,2024-04-20,2024-04-20,2024-04-23,2024-04-23,On-Time,3,0
1288,1288,1,2,2024-06-27,2024-06-27,2024-06-28,2024-06-28,On-Time,1,0
1289,1289,6,2,2024-05-09,2024-05-09,2024-05-10,2024-05-10,On-Time,1,0
1290,1290,1,4,2024-04-16,2024-04-16,2024-04-17,2024-04-17,On-Time,1,0
1291,1291,1,1,2024-06-18,2024-06-18,2024-06-21,2024-06-21,On-Time,3,0
1292,1292,3,2,2024-04-07,2024-04-07,2024-04-08,,Cancelled,0,0
1293,1293,2,3,2024-04-07,2024-04-07,2024-04-11,2024-04-11,On-Time,4,0
1294,1294,8,2,2024-06-16,2024-06-16,2024-06-17,2024-06-19,Delayed,3,2
1295,1295,2,3,2024-05-11,2024-05-11,2024-05-14,,Cancelled,0,0
1296,1296,2,5,2024-05-31,2024-05-31,2024-06-05,2024-06-05,On-Time,5,0
1297,1297,6,1,2024-05-05,2024-05-05,2024-05-08,2024-05-08,On-Time,3,0
1298,1298,6,5,2024-04-17,2024-04-17,2024-04-22,2024-04-22,On-Time,5,0
1299,1299,5,1,2024-05-09,2024-05-09,2024-05-12,2024-05-12,On-Time,3,0
1300,1300,6,3,2024-04-23,2024-04-23,2024-04-26,2024-04-29,Delayed,6,3
1301,1301,6,3,2024-05-31,2024-05-31,2024-06-03,2024-06-03,On-Time,3,0
1302,1302,6,3,2024-06-18,2024-06-18,2024-06-21,2024-06-21,On-Time,3,0
1303,1303,6,3,2024-05-03,2024-05-03,2024-05-07,2024-05-11,Delayed,8,4
1304,1304,6,2,2024-05-29,2024-05-29,2024-05-31,2024-05-31,On-Time,2,0
1305,1305,1,4,2024-06-09,2024-06-09,2024-06-11,2024-06-11,On-Time,2,0
1306,1306,6,5,2024-06-08,2024-06-08,2024-06-12,2024-06-12,On-Time,4,0
1307,1307,7,2,2024-04-06,2024-04-06,2024-04-07,2024-04-07,On-Time,1,0
1308,1308,8,1,2024-05-28,2024-05-28,2024-05-31,2024-05-31,On-Time,3,0
1309,1309,7,4,2024-05-07,2024-05-07,2024-05-08,2024-05-08,On-Time,1,0
1310,1310,6,1,2024-06-30,2024-06-30,2024-07-03,2024-07-03,On-Time,3,0
1311,1311,6,2,2024-05-12,2024-05-12,2024-05-13,2024-05-13,On-Time,1,0
1312,1312,4,3,2024-05-03,2024-05-03,2024-05-06,2024-05-06,On-Time,3,0
1313,1313,1,5,2024-06-12,2024-06-12,2024-06-17,,Cancelled,0,0
1314,1314,3,3,2024-05-21,2024-05-21,2024-05-25,2024-05-25,On-Time,4,0
1315,1315,7,2,2024-05-29,2024-05-29,2024-05-30,2024-05-30,On-Time,1,0
1316,1316,2,3,2024-04-18,2024-04-18,2024-04-21,2024-04-21,On-Time,3,0
1317,1317,1,5,2024-06-25,2024-06-25,2024-06-30,2024-06-30,On-Time,5,0
1318,1318,1,3,2024-04-15,2024-04-15,2024-04-18,2024-04-18,On-Time,3,0
1319,1319,5,1,2024-04-24,2024-04-24,2024-04-27,2024-04-27,On-Time,3,0
1320,1320,5,2,2024-05-30,2024-05-30,2024-06-01,2024-06-03,Delayed,4,2
1321,1321,8,4,2024-06-26,2024-06-26,2024-06-28,2024-06-28,On-Time,2,0
1322,1322,8,3,2024-06-09,2024-06-09,2024-06-12,2024-06-14,Delayed,5,2
1323,1323,6,3,2024-06-08,2024-06-08,2024-06-12,2024-06-12,On-Time,4,0
1324,1324,7,5,2024-04-30,2024-04-30,2024-05-05,2024-05-05,On-Time,5,0
1325,1325,1,3,2024-05-27,2024-05-27,2024-05-31,2024-05-31,On-Time,4,0
1326,1326,1,2,2024-04-24,2024-04-24,2024-04-26,2024-04-26,On-Time,2,0
1327,1327,6,5,2024-05-10,2024-05-10,2024-05-15,2024-05-15,On-Time,5,0
1328,1328,1,1,2024-05-01,2024-05-01,2024-05-03,2024-05-03,On-Time,2,0
1329,1329,8,5,2024-06-30,2024-06-30,2024-07-05,2024-07-05,On-Time,5,0
1330,1330,7,4,2024-05-21,2024-05-21,2024-05-23,2024-05-23,On-Time,2,0
1331,1331,6,2,2024-04-25,2024-04-25,2024-04-26,,Cancelled,0,0
1332,1332,6,1,2024-04-27,2024-04-27,2024-04-30,2024-04-30,On-Time,3,0
1333,1333,7,4,2024-06-28,2024-06-28,2024-06-29,2024-06-29,On-Time,1,0
1334,1334,1,4,2024-06-12,2024-06-12,2024-06-14,2024-06-16,Delayed,4,2
1335,1335,8,5,2024-04-19,2024-04-19,2024-04-24,2024-04-28,Delayed,9,4
1336,1336,6,1,2024-06-11,2024-06-11,2024-06-13,2024-06-13,On-Time,2,0
1337,1337,1,5,2024-06-04,2024-06-04,2024-06-08,2024-06-08,On-Time,4,0
1338,1338,8,2,2024-04-04,2024-04-04,2024-04-06,2024-04-06,On-Time,2,0
1339,1339,3,1,2024-04-03,2024-04-03,2024-04-06,2024-04-06,On-Time,3,0
1340,1340,4,5,2024-05-14,2024-05-14,2024-05-19,2024-05-19,On-Time,5,0
1341,1341,4,1,2024-06-20,2024-06-20,2024-06-22,2024-06-22,On-Time,2,0
1342,1342,7,5,2024-04-14,2024-04-14,2024-04-19,2024-04-20,Delayed,6,1
1343,1343,6,5,2024-06-30,2024-06-30,2024-07-04,2024-07-06,Delayed,6,2
1344,1344,5,3,2024-07-01,2024-07-01,2024-07-05,2024-07-05,On-Time,4,0
1345,1345,7,2,2024-04-10,2024-04-10,2024-04-11,2024-04-12,Delayed,2,1
1346,1346,1,4,2024-04-22,2024-04-22,2024-04-24,2024-04-24,On-Time,2,0
1347,1347,6,1,2024-05-03,2024-05-03,2024-05-05,2024-05-08,Delayed,5,3
1348,1348,2,1,2024-05-20,2024-05-20,2024-05-22,2024-05-22,On-Time,2,0
1349,1349,5,1,2024-06-05,2024-06-05,2024-06-07,2024-06-07,On-Time,2,0
1350,1350,6,5,2024-05-14,2024-05-14,2024-05-18,2024-05-18,On-Time,4,0
1351,1351,1,5,2024-05-17,2024-05-17,2024-05-21,2024-05-23,Delayed,6,2
1352,1352,3,1,2024-04-19,2024-04-19,2024-04-21,2024-04-21,On-Time,2,0
1353,1353,1,4,2024-06-18,2024-06-18,2024-06-20,2024-06-20,On-Time,2,0
1354,1354,4,5,2024-04-30,2024-04-30,2024-05-04,2024-05-04,On-Time,4,0
1355,1355,4,1,2024-06-10,2024-06-10,2024-06-13,2024-06-13,On-Time,3,0
1356,1356,8,3,2024-06-16,2024-06-16,2024-06-19,2024-06-19,On-Time,3,0
1357,1357,1,2,2024-04-24,2024-04-24,2024-04-25,2024-04-25,On-Time,1,0
1358,1358,2,4,2024-05-06,2024-05-06,2024-05-07,2024-05-07,On-Time,1,0
1359,1359,1,2,2024-06-28,2024-06-28,2024-06-29,2024-06-29,On-Time,1,0
1360,1360,2,3,2024-06-24,2024-06-24,2024-06-28,2024-06-28,On-Time,4,0
1361,1361,7,3,2024-04-29,2024-04-29,2024-05-03,2024-05-03,On-Time,4,0
1362,1362,4,4,2024-05-15,2024-05-15,2024-05-16,2024-05-16,On-Time,1,0
1363,1363,2,2,2024-04-17,2024-04-17,2024-04-19,2024-04-19,On-Time,2,0
1364,1364,6,4,2024-05-14,2024-05-14,2024-05-16,2024-05-16,On-Time,2,0
1365,1365,6,5,2024-04-17,2024-04-17,2024-04-21,2024-04-21,On-Time,4,0
1366,1366,4,4,2024-06-12,2024-06-12,2024-06-13,2024-06-17,Delayed,5,4
1367,1367,8,4,2024-04-22,2024-04-22,2024-04-23,2024-04-23,On-Time,1,0
1368,1368,6,2,2024-05-05,2024-05-05,2024-05-06,2024-05-06,On-Time,1,0
1369,1369,4,5,2024-06-27,2024-06-27,2024-07-02,2024-07-02,On-Time,5,0
1370,1370,3,4,2024-06-29,2024-06-29,2024-07-01,2024-07-01,On-Time,2,0
1371,1371,5,4,2024-05-20,2024-05-20,2024-05-21,2024-05-22,Delayed,2,1
1372,1372,6,5,2024-04-29,2024-04-29,2024-05-03,2024-05-03,On-Time,4,0
1373,1373,1,5,2024-06-11,2024-06-11,2024-06-16,2024-06-16,On-Time,5,0
1374,1374,2,2,2024-04-30,2024-04-30,2024-05-02,2024-05-02,On-Time,2,0
1375,1375,8,2,2024-05-12,2024-05-12,2024-05-14,2024-05-16,Delayed,4,2
1376,1376,4,4,2024-06-07,2024-06-07,2024-06-09,,Cancelled,0,0
1377,1377,4,5,2024-07-02,2024-07-02,2024-07-06,2024-07-06,On-Time,4,0
1378,1378,6,5,2024-05-29,2024-05-29,2024-06-02,2024-06-02,On-Time,4,0
1379,1379,5,4,2024-06-30,2024-06-30,2024-07-02,2024-07-02,On-Time,2,0
1380,1380,2,4,2024-06-10,2024-06-10,2024-06-12,2024-06-12,On-Time,2,0
1381,1381,1,3,2024-04-03,2024-04-03,2024-04-06,2024-04-06,On-Time,3,0
1382,1382,6,1,2024-06-29,2024-06-29,2024-07-02,2024-07-02,On-Time,3,0
1383,1383,5,4,2024-04-19,2024-04-19,2024-04-21,2024-04-22,Delayed,3,1
1384,1384,4,3,2024-05-28,2024-05-28,2024-06-01,2024-06-05,Delayed,8,4
1385,1385,8,4,2024-04-09,2024-04-09,2024-04-11,2024-04-11,On-Time,2,0
1386,1386,8,1,2024-04-10,2024-04-10,2024-04-13,2024-04-14,Delayed,4,1
1387,1387,2,1,2024-06-13,2024-06-13,2024-06-16,2024-06-16,On-Time,3,0
1388,1388,3,5,2024-06-19,2024-06-19,2024-06-23,2024-06-23,On-Time,4,0
1389,1389,6,2,2024-04-23,2024-04-23,2024-04-25,2024-04-25,On-Time,2,0
1390,1390,1,2,2024-05-29,2024-05-29,2024-05-30,2024-05-30,On-Time,1,0
1391,1391,5,4,2024-05-22,2024-05-22,2024-05-24,2024-05-24,On-Time,2,0
1392,1392,6,5,2024-05-10,2024-05-10,2024-05-15,2024-05-15,On-Time,5,0
1393,1393,1,3,2024-05-16,2024-05-16,2024-05-19,2024-05-19,On-Time,3,0
1394,1394,1,1,2024-05-19,2024-05-19,2024-05-22,2024-05-22,On-Time,3,0
1395,1395,5,2,2024-05-24,2024-05-24,2024-05-26,2024-05-26,On-Time,2,0
1396,1396,4,1,2024-04-08,2024-04-08,2024-04-11,2024-04-11,On-Time,3,0
1397,1397,3,5,2024-06-05,2024-06-05,2024-06-09,2024-06-09,On-Time,4,0
1398,1398,7,3,2024-04-11,2024-04-11,2024-04-14,2024-04-16,Delayed,5,2
1399,1399,2,3,2024-06-12,2024-06-12,2024-06-15,2024-06-17,Delayed,5,2
1400,1400,1,5,2024-04-21,2024-04-21,2024-04-25,2024-04-25,On-Time,4,0
1401,1401,1,3,2024-05-09,2024-05-09,2024-05-13,,Cancelled,0,0
1402,1402,6,5,2024-06-16,2024-06-16,2024-06-20,2024-06-20,On-Time,4,0
1403,1403,6,5,2024-05-05,2024-05-05,2024-05-09,2024-05-09,On-Time,4,0
1404,1404,2,2,2024-05-24,2024-05-24,2024-05-26,2024-05-26,On-Time,2,0
1405,1405,1,4,2024-06-20,2024-06-20,2024-06-21,2024-06-21,On-Time,1,0
1406,1406,2,3,2024-06-28,2024-06-28,2024-07-01,2024-07-01,On-Time,3,0
1407,1407,6,5,2024-04-15,2024-04-15,2024-04-20,2024-04-20,On-Time,5,0
1408,1408,8,3,2024-05-17,2024-05-17,2024-05-20,2024-05-21,Delayed,4,1
1409,1409,7,5,2024-04-24,2024-04-24,2024-04-28,2024-04-28,On-Time,4,0
1410,1410,3,1,2024-04-22,2024-04-22,2024-04-25,2024-04-25,On-Time,3,0
1411,1411,6,3,2024-04-28,2024-04-28,2024-05-02,2024-05-02,On-Time,4,0
1412,1412,6,4,2024-05-26,2024-05-26,2024-05-28,2024-05-28,On-Time,2,0
1413,1413,3,4,2024-06-02,2024-06-02,2024-06-04,2024-06-04,On-Time,2,0
1414,1414,4,4,2024-06-23,2024-06-23,2024-06-24,2024-06-24,On-Time,1,0
1415,1415,4,2,2024-05-15,2024-05-15,2024-05-17,2024-05-17,On-Time,2,0
1416,1416,7,3,2024-05-12,2024-05-12,2024-05-15,2024-05-15,On-Time,3,0
1417,1417,4,3,2024-05-31,2024-05-31,2024-06-03,,Cancelled,0,0
1418,1418,6,4,2024-05-23,2024-05-23,2024-05-25,2024-05-25,On-Time,2,0
1419,1419,3,3,2024-06-05,2024-06-05,2024-06-08,2024-06-08,On-Time,3,0
1420,1420,1,2,2024-04-23,2024-04-23,2024-04-24,2024-04-24,On-Time,1,0
1421,1421,2,1,2024-05-13,2024-05-13,2024-05-16,2024-05-16,On-Time,3,0
1422,1422,6,5,2024-04-20,2024-04-20,2024-04-25,2024-04-26,Delayed,6,1
1423,1423,7,4,2024-05-30,2024-05-30,2024-06-01,2024-06-01,On-Time,2,0
1424,1424,7,3,2024-06-19,2024-06-19,2024-06-22,2024-06-22,On-Time,3,0
1425,1425,1,4,2024-05-15,2024-05-15,2024-05-17,2024-05-17,On-Time,2,0
1426,1426,1,2,2024-04-30,2024-04-30,2024-05-02,2024-05-02,On-Time,2,0
1427,1427,1,3,2024-05-23,2024-05-23,2024-05-26,2024-05-26,On-Time,3,0
1428,1428,1,4,2024-04-07,2024-04-07,2024-04-09,2024-04-11,Delayed,4,2
1429,1429,8,3,2024-06-28,2024-06-28,2024-07-02,2024-07-02,On-Time,4,0
1430,1430,1,3,2024-05-01,2024-05-01,2024-05-05,2024-05-05,On-Time,4,0
1431,1431,4,3,2024-06-03,2024-06-03,2024-06-06,2024-06-06,On-Time,3,0
1432,1432,7,5,2024-04-14,2024-04-14,2024-04-18,,Cancelled,0,0
1433,1433,3,2,2024-06-18,2024-06-18,2024-06-19,2024-06-19,On-Time,1,0
1434,1434,1,1,2024-04-06,2024-04-06,2024-04-08,2024-04-08,On-Time,2,0
1435,1435,6,2,2024-06-18,2024-06-18,2024-06-20,2024-06-21,Delayed,3,1
1436,1436,1,4,2024-06-26,2024-06-26,2024-06-28,2024-06-28,On-Time,2,0
1437,1437,1,5,2024-06-30,2024-06-30,2024-07-05,2024-07-05,On-Time,5,0
1438,1438,7,5,2024-04-06,2024-04-06,2024-04-10,2024-04-10,On-Time,4,0
1439,1439,1,2,2024-06-02,2024-06-02,2024-06-03,2024-06-03,On-Time,1,0
1440,1440,1,1,2024-04-28,2024-04-28,2024-05-01,2024-05-01,On-Time,3,0
1441,1441,1,4,2024-04-27,2024-04-27,2024-04-28,2024-04-28,On-Time,1,0
1442,1442,1,2,2024-06-18,2024-06-18,2024-06-20,2024-06-20,On-Time,2,0
1443,1443,3,3,2024-06-28,2024-06-28,2024-07-02,2024-07-02,On-Time,4,0
1444,1444,7,5,2024-04-05,2024-04-05,2024-04-10,2024-04-10,On-Time,5,0
1445,1445,1,5,2024-04-02,2024-04-02,2024-04-07,2024-04-07,On-Time,5,0
1446,1446,6,1,2024-05-12,2024-05-12,2024-05-15,2024-05-15,On-Time,3,0
1447,1447,8,5,2024-05-26,2024-05-26,2024-05-31,2024-05-31,On-Time,5,0
1448,1448,6,1,2024-05-25,2024-05-25,2024-05-27,2024-05-27,On-Time,2,0
1449,1449,1,1,2024-04-16,2024-04-16,2024-04-18,2024-04-18,On-Time,2,0
1450,1450,1,2,2024-05-05,2024-05-05,2024-05-06,2024-05-06,On-Time,1,0
1451,1451,4,3,2024-04-18,2024-04-18,2024-04-21,2024-04-21,On-Time,3,0
1452,1452,4,4,2024-04-25,2024-04-25,2024-04-26,2024-04-29,Delayed,4,3
1453,1453,6,4,2024-06-21,2024-06-21,2024-06-23,2024-06-24,Delayed,3,1
1454,1454,6,5,2024-06-24,2024-06-24,2024-06-28,2024-06-28,On-Time,4,0
1455,1455,4,5,2024-04-29,2024-04-29,2024-05-03,2024-05-03,On-Time,4,0
1456,1456,1,4,2024-05-06,2024-05-06,2024-05-07,2024-05-07,On-Time,1,0
1457,1457,4,4,2024-06-21,2024-06-21,2024-06-23,2024-06-23,On-Time,2,0
1458,1458,8,3,2024-05-15,2024-05-15,2024-05-18,,Cancelled,0,0
1459,1459,7,4,2024-04-19,2024-04-19,2024-04-21,2024-04-21,On-Time,2,0
1460,1460,1,3,2024-05-26,2024-05-26,2024-05-29,2024-05-29,On-Time,3,0
1461,1461,6,3,2024-05-13,2024-05-13,2024-05-16,2024-05-16,On-Time,3,0
1462,1462,6,4,2024-04-03,2024-04-03,2024-04-05,2024-04-05,On-Time,2,0
1463,1463,5,3,2024-05-11,2024-05-11,2024-05-14,2024-05-14,On-Time,3,0
1464,1464,2,2,2024-04-23,2024-04-23,2024-04-25,2024-04-25,On-Time,2,0
1465,1465,6,1,2024-06-02,2024-06-02,2024-06-04,,Cancelled,0,0
1466,1466,3,1,2024-06-14,2024-06-14,2024-06-17,2024-06-21,Delayed,7,4
1467,1467,6,4,2024-06-04,2024-06-04,2024-06-05,2024-06-05,On-Time,1,0
1468,1468,2,2,2024-06-01,2024-06-01,2024-06-03,2024-06-03,On-Time,2,0
1469,1469,1,4,2024-04-23,2024-04-23,2024-04-25,2024-04-25,On-Time,2,0
1470,1470,5,1,2024-06-14,2024-06-14,2024-06-17,2024-06-17,On-Time,3,0
1471,1471,1,4,2024-04-04,2024-04-04,2024-04-06,2024-04-06,On-Time,2,0
1472,1472,7,4,2024-05-02,2024-05-02,2024-05-04,2024-05-04,On-Time,2,0
1473,1473,8,1,2024-05-15,2024-05-15,2024-05-18,2024-05-18,On-Time,3,0
1474,1474,2,2,2024-05-17,2024-05-17,2024-05-18,2024-05-18,On-Time,1,0
1475,1475,6,2,2024-05-21,2024-05-21,2024-05-23,2024-05-24,Delayed,3,1
1476,1476,5,3,2024-04-08,2024-04-08,2024-04-11,2024-04-11,On-Time,3,0
1477,1477,6,2,2024-04-28,2024-04-28,2024-04-29,2024-04-29,On-Time,1,0
1478,1478,5,4,2024-05-27,2024-05-27,2024-05-29,2024-05-29,On-Time,2,0
1479,1479,6,1,2024-04-25,2024-04-25,2024-04-28,2024-04-28,On-Time,3,0
1480,1480,5,5,2024-04-06,2024-04-06,2024-04-11,2024-04-11,On-Time,5,0
1481,1481,1,1,2024-06-12,2024-06-12,2024-06-14,2024-06-14,On-Time,2,0
1482,1482,6,4,2024-05-09,2024-05-09,2024-05-11,2024-05-11,On-Time,2,0
1483,1483,6,5,2024-04-29,2024-04-29,2024-05-03,,Cancelled,0,0
1484,1484,7,5,2024-04-19,2024-04-19,2024-04-23,2024-04-23,On-Time,4,0
1485,1485,7,3,2024-06-30,2024-06-30,2024-07-03,2024-07-03,On-Time,3,0
1486,1486,8,2,2024-05-23,2024-05-23,2024-05-24,2024-05-24,On-Time,1,0
1487,1487,4,2,2024-06-28,2024-06-28,2024-06-29,2024-06-29,On-Time,1,0
1488,1488,1,2,2024-04-24,2024-04-24,2024-04-25,2024-04-25,On-Time,1,0
1489,1489,6,2,2024-04-02,2024-04-02,2024-04-04,2024-04-04,On-Time,2,0
1490,1490,2,3,2024-04-14,2024-04-14,2024-04-17,2024-04-17,On-Time,3,0
1491,1491,8,4,2024-08-07,2024-08-07,2024-08-09,,Cancelled,0,0
1492,1492,2,4,2024-07-06,2024-07-06,2024-07-08,,Cancelled,0,0
1493,1493,5,4,2024-08-24,2024-08-24,2024-08-25,2024-08-25,On-Time,1,0
1494,1494,6,3,2024-07-10,2024-07-10,2024-07-13,2024-07-25,Delayed,15,12
1495,1495,6,3,2024-09-03,2024-09-03,2024-09-06,2024-09-06,On-Time,3,0
1496,1496,6,1,2024-07-18,2024-07-18,2024-07-21,2024-07-29,Delayed,11,8
1497,1497,3,5,2024-08-27,2024-08-27,2024-09-01,2024-09-10,Delayed,14,9
1498,1498,5,3,2024-09-05,2024-09-05,2024-09-09,2024-09-09,On-Time,4,0
1499,1499,3,5,2024-09-17,2024-09-17,2024-09-21,2024-10-03,Delayed,16,12
1500,1500,5,2,2024-08-25,2024-08-25,2024-08-26,2024-08-26,On-Time,1,0
1501,1501,6,1,2024-07-17,2024-07-17,2024-07-20,2024-08-03,Delayed,17,14
1502,1502,4,3,2024-09-30,2024-09-30,2024-10-04,2024-10-07,Delayed,7,3
1503,1503,8,1,2024-10-01,2024-10-01,2024-10-04,2024-10-07,Delayed,6,3
1504,1504,8,1,2024-07-15,2024-07-15,2024-07-18,2024-07-18,On-Time,3,0
1505,1505,1,1,2024-09-17,2024-09-17,2024-09-19,2024-09-19,On-Time,2,0
1506,1506,1,4,2024-08-23,2024-08-23,2024-08-25,2024-08-25,On-Time,2,0
1507,1507,4,4,2024-09-30,2024-09-30,2024-10-02,2024-10-02,On-Time,2,0
1508,1508,5,1,2024-07-31,2024-07-31,2024-08-02,2024-08-03,Delayed,3,1
1509,1509,2,4,2024-09-01,2024-09-01,2024-09-02,2024-09-08,Delayed,7,6
1510,1510,4,4,2024-07-07,2024-07-07,2024-07-08,2024-07-08,On-Time,1,0
1511,1511,2,2,2024-09-10,2024-09-10,2024-09-12,2024-09-14,Delayed,4,2
1512,1512,6,5,2024-07-10,2024-07-10,2024-07-14,2024-07-26,Delayed,16,12
1513,1513,1,1,2024-09-21,2024-09-21,2024-09-24,2024-09-25,Delayed,4,1
1514,1514,1,3,2024-08-23,2024-08-23,2024-08-26,2024-08-26,On-Time,3,0
1515,1515,2,3,2024-09-29,2024-09-29,2024-10-02,2024-10-02,On-Time,3,0
1516,1516,7,2,2024-07-04,2024-07-04,2024-07-05,2024-07-09,Delayed,5,4
1517,1517,8,2,2024-09-13,2024-09-13,2024-09-15,2024-09-15,On-Time,2,0
1518,1518,2,5,2024-08-12,2024-08-12,2024-08-16,2024-08-17,Delayed,5,1
1519,1519,7,5,2024-09-20,2024-09-20,2024-09-25,2024-10-01,Delayed,11,6
1520,1520,6,1,2024-07-17,2024-07-17,2024-07-20,2024-08-01,Delayed,15,12
1521,1521,4,1,2024-08-23,2024-08-23,2024-08-25,2024-08-25,On-Time,2,0
1522,1522,7,2,2024-09-02,2024-09-02,2024-09-04,2024-09-06,Delayed,4,2
1523,1523,6,5,2024-08-15,2024-08-15,2024-08-19,2024-08-18,On-Time,3,0
1524,1524,1,2,2024-08-14,2024-08-14,2024-08-16,2024-08-16,On-Time,2,0
1525,1525,3,5,2024-09-19,2024-09-19,2024-09-24,2024-09-23,On-Time,4,0
1526,1526,1,5,2024-09-29,2024-09-29,2024-10-04,2024-10-06,Delayed,7,2
1527,1527,5,1,2024-09-16,2024-09-16,2024-09-18,2024-09-18,On-Time,2,0
1528,1528,1,1,2024-09-03,2024-09-03,2024-09-05,2024-09-08,Delayed,5,3
1529,1529,8,4,2024-09-07,2024-09-07,2024-09-08,2024-09-08,On-Time,1,0
1530,1530,4,3,2024-09-05,2024-09-05,2024-09-08,2024-09-08,On-Time,3,0
1531,1531,6,1,2024-07-10,2024-07-10,2024-07-13,2024-07-22,Delayed,12,9
1532,1532,2,5,2024-07-22,2024-07-22,2024-07-27,2024-07-27,On-Time,5,0
1533,1533,5,4,2024-08-29,2024-08-29,2024-08-30,2024-08-30,On-Time,1,0
1534,1534,4,3,2024-10-01,2024-10-01,2024-10-04,2024-10-10,Delayed,9,6
1535,1535,8,3,2024-08-07,2024-08-07,2024-08-10,2024-08-10,On-Time,3,0
1536,1536,1,5,2024-09-02,2024-09-02,2024-09-06,2024-09-10,Delayed,8,4
1537,1537,6,3,2024-07-08,2024-07-08,2024-07-11,2024-07-10,On-Time,2,0
1538,1538,2,4,2024-09-06,2024-09-06,2024-09-07,2024-09-11,Delayed,5,4
1539,1539,3,2,2024-08-07,2024-08-07,2024-08-09,2024-08-08,On-Time,1,0
1540,1540,2,4,2024-07-04,2024-07-04,2024-07-05,2024-07-05,On-Time,1,0
1541,1541,6,2,2024-07-04,2024-07-04,2024-07-06,,Cancelled,0,0
1542,1542,8,5,2024-07-25,2024-07-25,2024-07-30,2024-07-30,On-Time,5,0
1543,1543,7,5,2024-10-01,2024-10-01,2024-10-05,2024-10-05,On-Time,4,0
1544,1544,1,2,2024-09-24,2024-09-24,2024-09-26,2024-09-29,Delayed,5,3
1545,1545,7,3,2024-09-14,2024-09-14,2024-09-18,2024-09-21,Delayed,7,3
1546,1546,5,4,2024-08-31,2024-08-31,2024-09-01,2024-09-01,On-Time,1,0
1547,1547,1,2,2024-09-14,2024-09-14,2024-09-16,2024-09-16,On-Time,2,0
1548,1548,6,4,2024-08-24,2024-08-24,2024-08-25,2024-09-03,Delayed,10,9
1549,1549,7,2,2024-07-11,2024-07-11,2024-07-13,2024-07-13,On-Time,2,0
1550,1550,3,1,2024-07-18,2024-07-18,2024-07-21,2024-07-28,Delayed,10,7
1551,1551,3,1,2024-08-11,2024-08-11,2024-08-13,2024-08-13,On-Time,2,0
1552,1552,6,4,2024-09-07,2024-09-07,2024-09-09,2024-09-23,Delayed,16,14
1553,1553,1,4,2024-07-30,2024-07-30,2024-08-01,2024-08-01,On-Time,2,0
1554,1554,3,3,2024-07-18,2024-07-18,2024-07-21,2024-08-01,Delayed,14,11
1555,1555,3,2,2024-07-16,2024-07-16,2024-07-17,2024-07-22,Delayed,6,5
1556,1556,6,1,2024-09-27,2024-09-27,2024-09-29,2024-10-09,Delayed,12,10
1557,1557,1,4,2024-09-08,2024-09-08,2024-09-09,2024-09-09,On-Time,1,0
1558,1558,8,4,2024-08-07,2024-08-07,2024-08-08,2024-08-08,On-Time,1,0
1559,1559,8,4,2024-08-27,2024-08-27,2024-08-29,2024-08-29,On-Time,2,0
1560,1560,2,3,2024-08-03,2024-08-03,2024-08-07,2024-08-07,On-Time,4,0
1561,1561,8,1,2024-09-26,2024-09-26,2024-09-29,2024-09-29,On-Time,3,0
1562,1562,8,4,2024-09-01,2024-09-01,2024-09-03,2024-09-08,Delayed,7,5
1563,1563,2,4,2024-08-19,2024-08-19,2024-08-21,2024-08-21,On-Time,2,0
1564,1564,5,3,2024-08-06,2024-08-06,2024-08-10,2024-08-16,Delayed,10,6
1565,1565,7,4,2024-09-09,2024-09-09,2024-09-10,2024-09-10,On-Time,1,0
1566,1566,6,1,2024-08-03,2024-08-03,2024-08-05,2024-08-09,Delayed,6,4
1567,1567,1,5,2024-07-08,2024-07-08,2024-07-13,2024-07-13,On-Time,5,0
1568,1568,5,2,2024-08-04,2024-08-04,2024-08-06,2024-08-06,On-Time,2,0
1569,1569,6,2,2024-09-24,2024-09-24,2024-09-25,2024-10-06,Delayed,12,11
1570,1570,4,2,2024-09-07,2024-09-07,2024-09-09,2024-09-15,Delayed,8,6
1571,1571,3,2,2024-07-18,2024-07-18,2024-07-20,,Cancelled,0,0
1572,1572,2,4,2024-08-14,2024-08-14,2024-08-15,2024-08-16,Delayed,2,1
1573,1573,4,1,2024-08-29,2024-08-29,2024-09-01,2024-09-04,Delayed,6,3
1574,1574,3,4,2024-09-24,2024-09-24,2024-09-26,2024-10-09,Delayed,15,13
1575,1575,7,2,2024-08-28,2024-08-28,2024-08-30,2024-08-30,On-Time,2,0
1576,1576,3,1,2024-08-05,2024-08-05,2024-08-08,2024-08-08,On-Time,3,0
1577,1577,1,1,2024-07-21,2024-07-21,2024-07-24,2024-07-24,On-Time,3,0
1578,1578,8,3,2024-07-04,2024-07-04,2024-07-08,,Cancelled,0,0
1579,1579,2,4,2024-09-16,2024-09-16,2024-09-18,2024-09-18,On-Time,2,0
1580,1580,2,1,2024-09-21,2024-09-21,2024-09-23,2024-09-24,Delayed,3,1
1581,1581,2,1,2024-09-07,2024-09-07,2024-09-09,2024-09-09,On-Time,2,0
1582,1582,4,3,2024-08-17,2024-08-17,2024-08-20,2024-08-20,On-Time,3,0
1583,1583,7,2,2024-09-09,2024-09-09,2024-09-10,2024-09-10,On-Time,1,0
1584,1584,4,3,2024-08-18,2024-08-18,2024-08-21,2024-08-21,On-Time,3,0
1585,1585,1,1,2024-08-14,2024-08-14,2024-08-16,2024-08-16,On-Time,2,0
1586,1586,2,2,2024-07-06,2024-07-06,2024-07-07,2024-07-11,Delayed,5,4
1587,1587,2,5,2024-09-16,2024-09-16,2024-09-21,2024-09-21,On-Time,5,0
1588,1588,1,3,2024-09-20,2024-09-20,2024-09-24,2024-09-29,Delayed,9,5
1589,1589,6,3,2024-09-02,2024-09-02,2024-09-05,2024-09-13,Delayed,11,8
1590,1590,6,4,2024-08-31,2024-08-31,2024-09-01,2024-09-10,Delayed,10,9
1591,1591,3,2,2024-07-23,2024-07-23,2024-07-25,2024-08-08,Delayed,16,14
1592,1592,5,1,2024-08-08,2024-08-08,2024-08-10,2024-08-10,On-Time,2,0
1593,1593,5,1,2024-08-17,2024-08-17,2024-08-19,2024-08-19,On-Time,2,0
1594,1594,7,1,2024-09-30,2024-09-30,2024-10-02,2024-10-02,On-Time,2,0
1595,1595,5,1,2024-10-02,2024-10-02,2024-10-04,2024-10-04,On-Time,2,0
1596,1596,6,1,2024-09-27,2024-09-27,2024-09-30,,Cancelled,0,0
1597,1597,6,3,2024-09-10,2024-09-10,2024-09-14,2024-09-21,Delayed,11,7
1598,1598,7,5,2024-08-02,2024-08-02,2024-08-07,2024-08-07,On-Time,5,0
1599,1599,7,4,2024-07-30,2024-07-30,2024-07-31,2024-07-31,On-Time,1,0
1600,1600,7,4,2024-07-04,2024-07-04,2024-07-05,2024-07-05,On-Time,1,0
1601,1601,6,5,2024-08-11,2024-08-11,2024-08-15,2024-08-26,Delayed,15,11
1602,1602,6,5,2024-08-28,2024-08-28,2024-09-01,2024-09-09,Delayed,12,8
1603,1603,8,4,2024-09-13,2024-09-13,2024-09-14,2024-09-14,On-Time,1,0
1604,1604,1,4,2024-09-21,2024-09-21,2024-09-22,2024-09-22,On-Time,1,0
1605,1605,2,2,2024-09-25,2024-09-25,2024-09-26,2024-09-26,On-Time,1,0
1606,1606,6,4,2024-08-31,2024-08-31,2024-09-01,2024-09-13,Delayed,13,12
1607,1607,6,4,2024-08-05,2024-08-05,2024-08-06,2024-08-20,Delayed,15,14
1608,1608,2,2,2024-09-05,2024-09-05,2024-09-06,2024-09-06,On-Time,1,0
1609,1609,1,4,2024-09-18,2024-09-18,2024-09-19,2024-09-22,Delayed,4,3
1610,1610,1,2,2024-07-21,2024-07-21,2024-07-23,2024-07-24,Delayed,3,1
1611,1611,3,2,2024-08-15,2024-08-15,2024-08-17,2024-08-29,Delayed,14,12
1612,1612,6,4,2024-07-25,2024-07-25,2024-07-27,2024-08-07,Delayed,13,11
1613,1613,1,4,2024-07-28,2024-07-28,2024-07-30,2024-08-01,Delayed,4,2
1614,1614,8,3,2024-08-05,2024-08-05,2024-08-09,2024-08-09,On-Time,4,0
1615,1615,1,1,2024-07-26,2024-07-26,2024-07-28,2024-07-28,On-Time,2,0
1616,1616,8,5,2024-08-18,2024-08-18,2024-08-22,2024-08-22,On-Time,4,0
1617,1617,1,4,2024-08-08,2024-08-08,2024-08-09,2024-08-10,Delayed,2,1
1618,1618,5,3,2024-07-08,2024-07-08,2024-07-11,2024-07-11,On-Time,3,0
1619,1619,6,1,2024-07-08,2024-07-08,2024-07-11,2024-07-20,Delayed,12,9
1620,1620,3,1,2024-08-25,2024-08-25,2024-08-28,2024-08-27,On-Time,2,0
1621,1621,7,3,2024-08-18,2024-08-18,2024-08-21,2024-08-21,On-Time,3,0
1622,1622,5,5,2024-08-13,2024-08-13,2024-08-18,2024-08-21,Delayed,8,3
1623,1623,2,3,2024-09-20,2024-09-20,2024-09-24,2024-09-24,On-Time,4,0
1624,1624,1,3,2024-09-09,2024-09-09,2024-09-13,2024-09-17,Delayed,8,4
1625,1625,4,5,2024-10-01,2024-10-01,2024-10-05,2024-10-08,Delayed,7,3
1626,1626,1,3,2024-07-14,2024-07-14,2024-07-18,2024-07-18,On-Time,4,0
1627,1627,8,3,2024-08-31,2024-08-31,2024-09-04,2024-09-04,On-Time,4,0
1628,1628,8,3,2024-08-01,2024-08-01,2024-08-05,,Cancelled,0,0
1629,1629,3,5,2024-09-11,2024-09-11,2024-09-15,2024-09-19,Delayed,8,4
1630,1630,7,4,2024-07-22,2024-07-22,2024-07-23,2024-07-26,Delayed,4,3
1631,1631,8,1,2024-08-25,2024-08-25,2024-08-28,2024-08-28,On-Time,3,0
1632,1632,7,5,2024-09-17,2024-09-17,2024-09-22,2024-09-22,On-Time,5,0
1633,1633,2,3,2024-07-09,2024-07-09,2024-07-12,2024-07-12,On-Time,3,0
1634,1634,4,1,2024-08-07,2024-08-07,2024-08-09,2024-08-09,On-Time,2,0
1635,1635,3,5,2024-09-02,2024-09-02,2024-09-07,2024-09-16,Delayed,14,9
1636,1636,1,1,2024-08-22,2024-08-22,2024-08-25,2024-08-25,On-Time,3,0
1637,1637,5,1,2024-08-06,2024-08-06,2024-08-08,2024-08-08,On-Time,2,0
1638,1638,1,5,2024-09-04,2024-09-04,2024-09-08,2024-09-10,Delayed,6,2
1639,1639,6,4,2024-08-15,2024-08-15,2024-08-17,2024-08-28,Delayed,13,11
1640,1640,1,2,2024-08-24,2024-08-24,2024-08-26,2024-08-31,Delayed,7,5
1641,1641,5,1,2024-09-07,2024-09-07,2024-09-10,2024-09-10,On-Time,3,0
1642,1642,4,4,2024-07-17,2024-07-17,2024-07-19,2024-07-19,On-Time,2,0
1643,1643,2,2,2024-07-13,2024-07-13,2024-07-14,2024-07-14,On-Time,1,0
1644,1644,4,4,2024-08-12,2024-08-12,2024-08-13,2024-08-15,Delayed,3,2
1645,1645,1,1,2024-07-28,2024-07-28,2024-07-31,2024-07-31,On-Time,3,0
1646,1646,1,3,2024-07-07,2024-07-07,2024-07-10,2024-07-15,Delayed,8,5
1647,1647,1,1,2024-09-09,2024-09-09,2024-09-11,2024-09-11,On-Time,2,0
1648,1648,6,3,2024-07-09,2024-07-09,2024-07-13,2024-07-26,Delayed,17,13
1649,1649,2,2,2024-07-02,2024-07-02,2024-07-04,2024-07-04,On-Time,2,0
1650,1650,1,1,2024-07-28,2024-07-28,2024-07-31,2024-07-31,On-Time,3,0
1651,1651,1,3,2024-08-08,2024-08-08,2024-08-11,2024-08-11,On-Time,3,0
1652,1652,3,5,2024-08-15,2024-08-15,2024-08-19,2024-08-24,Delayed,9,5
1653,1653,6,4,2024-08-06,2024-08-06,2024-08-08,2024-08-12,Delayed,6,4
1654,1654,6,1,2024-07-08,2024-07-08,2024-07-11,2024-07-17,Delayed,9,6
1655,1655,2,5,2024-07-11,2024-07-11,2024-07-15,2024-07-17,Delayed,6,2
1656,1656,1,5,2024-07-03,2024-07-03,2024-07-08,2024-07-08,On-Time,5,0
1657,1657,4,2,2024-07-23,2024-07-23,2024-07-25,2024-07-25,On-Time,2,0
1658,1658,5,1,2024-09-13,2024-09-13,2024-09-16,2024-09-16,On-Time,3,0
1659,1659,2,2,2024-07-26,2024-07-26,2024-07-28,2024-07-31,Delayed,5,3
1660,1660,8,3,2024-09-23,2024-09-23,2024-09-26,2024-09-26,On-Time,3,0
1661,1661,6,3,2024-07-17,2024-07-17,2024-07-21,2024-07-20,On-Time,3,0
1662,1662,7,5,2024-09-23,2024-09-23,2024-09-28,2024-09-28,On-Time,5,0
1663,1663,3,2,2024-07-18,2024-07-18,2024-07-20,2024-07-26,Delayed,8,6
1664,1664,5,5,2024-08-28,2024-08-28,2024-09-01,2024-09-01,On-Time,4,0
1665,1665,6,3,2024-08-09,2024-08-09,2024-08-13,2024-08-13,On-Time,4,0
1666,1666,6,2,2024-09-30,2024-09-30,2024-10-01,2024-10-01,On-Time,1,0
1667,1667,4,4,2024-07-11,2024-07-11,2024-07-12,2024-07-12,On-Time,1,0
1668,1668,2,4,2024-09-29,2024-09-29,2024-10-01,2024-10-01,On-Time,2,0
1669,1669,1,1,2024-09-07,2024-09-07,2024-09-09,2024-09-09,On-Time,2,0
1670,1670,3,3,2024-08-26,2024-08-26,2024-08-29,2024-09-07,Delayed,12,9
1671,1671,1,5,2024-09-24,2024-09-24,2024-09-28,2024-10-01,Delayed,7,3
1672,1672,4,5,2024-07-19,2024-07-19,2024-07-23,2024-07-23,On-Time,4,0
1673,1673,3,3,2024-08-18,2024-08-18,2024-08-22,2024-08-27,Delayed,9,5
1674,1674,6,3,2024-07-17,2024-07-17,2024-07-20,2024-07-27,Delayed,10,7
1675,1675,2,2,2024-09-17,2024-09-17,2024-09-19,2024-09-23,Delayed,6,4
1676,1676,4,2,2024-07-07,2024-07-07,2024-07-09,2024-07-09,On-Time,2,0
1677,1677,2,4,2024-09-27,2024-09-27,2024-09-28,2024-09-28,On-Time,1,0
1678,1678,1,5,2024-07-12,2024-07-12,2024-07-16,2024-07-18,Delayed,6,2
1679,1679,3,5,2024-08-13,2024-08-13,2024-08-18,2024-08-28,Delayed,15,10
1680,1680,2,2,2024-07-08,2024-07-08,2024-07-09,2024-07-09,On-Time,1,0
1681,1681,6,1,2024-08-31,2024-08-31,2024-09-03,2024-09-07,Delayed,7,4
1682,1682,4,1,2024-07-29,2024-07-29,2024-08-01,2024-08-01,On-Time,3,0
1683,1683,1,2,2024-07-16,2024-07-16,2024-07-18,2024-07-18,On-Time,2,0
1684,1684,7,5,2024-07-19,2024-07-19,2024-07-23,2024-07-23,On-Time,4,0
1685,1685,3,5,2024-07-30,2024-07-30,2024-08-03,2024-08-09,Delayed,10,6
1686,1686,3,4,2024-07-30,2024-07-30,2024-08-01,2024-08-13,Delayed,14,12
1687,1687,6,4,2024-08-11,2024-08-11,2024-08-12,2024-08-25,Delayed,14,13
1688,1688,3,2,2024-08-01,2024-08-01,2024-08-03,2024-08-17,Delayed,16,14
1689,1689,3,3,2024-07-31,2024-07-31,2024-08-04,2024-08-18,Delayed,18,14
1690,1690,7,3,2024-08-16,2024-08-16,2024-08-20,2024-08-20,On-Time,4,0
1691,1691,3,1,2024-09-07,2024-09-07,2024-09-10,2024-09-16,Delayed,9,6
1692,1692,6,4,2024-09-19,2024-09-19,2024-09-21,2024-09-30,Delayed,11,9
1693,1693,1,3,2024-07-15,2024-07-15,2024-07-18,2024-07-22,Delayed,7,4
1694,1694,4,5,2024-09-04,2024-09-04,2024-09-08,2024-09-08,On-Time,4,0
1695,1695,4,4,2024-08-12,2024-08-12,2024-08-14,2024-08-18,Delayed,6,4
1696,1696,7,2,2024-09-16,2024-09-16,2024-09-18,2024-09-18,On-Time,2,0
1697,1697,1,1,2024-07-22,2024-07-22,2024-07-25,2024-07-25,On-Time,3,0
1698,1698,3,4,2024-07-13,2024-07-13,2024-07-14,2024-07-25,Delayed,12,11
1699,1699,6,4,2024-08-02,2024-08-02,2024-08-03,2024-08-12,Delayed,10,9
1700,1700,4,2,2024-07-28,2024-07-28,2024-07-30,2024-07-30,On-Time,2,0
1701,1701,6,3,2024-07-28,2024-07-28,2024-08-01,,Cancelled,0,0
1702,1702,7,2,2024-08-28,2024-08-28,2024-08-29,2024-08-29,On-Time,1,0
1703,1703,7,3,2024-07-15,2024-07-15,2024-07-19,2024-07-19,On-Time,4,0
1704,1704,8,1,2024-08-11,2024-08-11,2024-08-14,2024-08-19,Delayed,8,5
1705,1705,3,3,2024-07-26,2024-07-26,2024-07-30,2024-08-03,Delayed,8,4
1706,1706,5,3,2024-10-02,2024-10-02,2024-10-05,2024-10-05,On-Time,3,0
1707,1707,7,5,2024-10-01,2024-10-01,2024-10-05,2024-10-10,Delayed,9,5
1708,1708,8,2,2024-07-09,2024-07-09,2024-07-10,2024-07-10,On-Time,1,0
1709,1709,7,1,2024-07-31,2024-07-31,2024-08-03,2024-08-04,Delayed,4,1
1710,1710,4,2,2024-08-18,2024-08-18,2024-08-19,2024-08-19,On-Time,1,0
1711,1711,2,2,2024-08-18,2024-08-18,2024-08-19,2024-08-21,Delayed,3,2
1712,1712,8,2,2024-09-05,2024-09-05,2024-09-07,2024-09-07,On-Time,2,0
1713,1713,6,5,2024-09-13,2024-09-13,2024-09-17,2024-09-17,On-Time,4,0
1714,1714,4,5,2024-09-30,2024-09-30,2024-10-05,2024-10-07,Delayed,7,2
1715,1715,6,4,2024-07-29,2024-07-29,2024-07-31,2024-08-08,Delayed,10,8
1716,1716,1,5,2024-08-20,2024-08-20,2024-08-25,2024-08-25,On-Time,5,0
1717,1717,6,3,2024-10-01,2024-10-01,2024-10-04,2024-10-16,Delayed,15,12
1718,1718,8,2,2024-09-02,2024-09-02,2024-09-04,2024-09-04,On-Time,2,0
1719,1719,8,1,2024-10-01,2024-10-01,2024-10-04,2024-10-08,Delayed,7,4
1720,1720,6,5,2024-07-24,2024-07-24,2024-07-28,2024-07-27,On-Time,3,0
1721,1721,6,2,2024-08-31,2024-08-31,2024-09-02,2024-09-15,Delayed,15,13
1722,1722,2,3,2024-07-31,2024-07-31,2024-08-04,2024-08-04,On-Time,4,0
1723,1723,5,5,2024-09-27,2024-09-27,2024-10-02,2024-10-02,On-Time,5,0
1724,1724,7,3,2024-07-21,2024-07-21,2024-07-25,2024-07-31,Delayed,10,6
1725,1725,7,1,2024-08-02,2024-08-02,2024-08-04,2024-08-04,On-Time,2,0
1726,1726,2,5,2024-07-04,2024-07-04,2024-07-08,2024-07-08,On-Time,4,0
1727,1727,1,4,2024-07-18,2024-07-18,2024-07-19,2024-07-19,On-Time,1,0
1728,1728,7,5,2024-08-15,2024-08-15,2024-08-19,2024-08-21,Delayed,6,2
1729,1729,2,3,2024-08-28,2024-08-28,2024-09-01,2024-09-01,On-Time,4,0
1730,1730,2,5,2024-08-23,2024-08-23,2024-08-27,2024-09-02,Delayed,10,6
1731,1731,1,5,2024-08-28,2024-08-28,2024-09-01,2024-09-01,On-Time,4,0
1732,1732,1,5,2024-08-30,2024-08-30,2024-09-03,2024-09-07,Delayed,8,4
1733,1733,5,3,2024-08-06,2024-08-06,2024-08-10,2024-08-10,On-Time,4,0
1734,1734,1,4,2024-08-08,2024-08-08,2024-08-10,2024-08-10,On-Time,2,0
1735,1735,6,2,2024-08-31,2024-08-31,2024-09-02,2024-09-09,Delayed,9,7
1736,1736,7,2,2024-08-14,2024-08-14,2024-08-16,2024-08-16,On-Time,2,0
1737,1737,6,5,2024-09-14,2024-09-14,2024-09-19,2024-10-02,Delayed,18,13
1738,1738,1,2,2024-07-06,2024-07-06,2024-07-07,2024-07-07,On-Time,1,0
1739,1739,1,1,2024-08-27,2024-08-27,2024-08-30,2024-08-30,On-Time,3,0
1740,1740,1,4,2024-08-03,2024-08-03,2024-08-04,2024-08-04,On-Time,1,0
1741,1741,5,1,2024-09-25,2024-09-25,2024-09-27,2024-09-27,On-Time,2,0
1742,1742,8,3,2024-08-03,2024-08-03,2024-08-07,2024-08-11,Delayed,8,4
1743,1743,6,5,2024-07-15,2024-07-15,2024-07-20,2024-07-26,Delayed,11,6
1744,1744,8,5,2024-09-13,2024-09-13,2024-09-18,2024-09-24,Delayed,11,6
1745,1745,1,4,2024-09-25,2024-09-25,2024-09-26,2024-10-02,Delayed,7,6
1746,1746,1,4,2024-08-21,2024-08-21,2024-08-22,2024-08-22,On-Time,1,0
1747,1747,6,4,2024-08-22,2024-08-22,2024-08-24,2024-08-30,Delayed,8,6
1748,1748,4,4,2024-08-15,2024-08-15,2024-08-16,2024-08-21,Delayed,6,5
1749,1749,3,5,2024-07-21,2024-07-21,2024-07-25,2024-08-04,Delayed,14,10
1750,1750,1,2,2024-09-27,2024-09-27,2024-09-28,2024-09-28,On-Time,1,0
1751,1751,2,5,2024-07-22,2024-07-22,2024-07-27,2024-07-28,Delayed,6,1
1752,1752,1,3,2024-09-25,2024-09-25,2024-09-29,2024-09-29,On-Time,4,0
1753,1753,2,4,2024-07-26,2024-07-26,2024-07-28,2024-07-28,On-Time,2,0
1754,1754,1,5,2024-08-16,2024-08-16,2024-08-20,2024-08-20,On-Time,4,0
1755,1755,5,5,2024-08-30,2024-08-30,2024-09-04,2024-09-04,On-Time,5,0
1756,1756,2,4,2024-09-18,2024-09-18,2024-09-19,2024-09-24,Delayed,6,5
1757,1757,4,1,2024-07-26,2024-07-26,2024-07-29,2024-07-29,On-Time,3,0
1758,1758,1,2,2024-07-09,2024-07-09,2024-07-11,2024-07-11,On-Time,2,0
1759,1759,1,2,2024-08-18,2024-08-18,2024-08-19,2024-08-19,On-Time,1,0
1760,1760,8,1,2024-07-06,2024-07-06,2024-07-09,2024-07-09,On-Time,3,0
1761,1761,7,5,2024-09-27,2024-09-27,2024-10-01,2024-10-04,Delayed,7,3
1762,1762,5,5,2024-09-07,2024-09-07,2024-09-12,2024-09-12,On-Time,5,0
1763,1763,6,1,2024-09-22,2024-09-22,2024-09-24,2024-09-24,On-Time,2,0
1764,1764,1,2,2024-07-04,2024-07-04,2024-07-05,2024-07-05,On-Time,1,0
1765,1765,3,3,2024-08-04,2024-08-04,2024-08-07,2024-08-12,Delayed,8,5
1766,1766,1,5,2024-08-24,2024-08-24,2024-08-28,2024-09-03,Delayed,10,6
1767,1767,2,2,2024-07-10,2024-07-10,2024-07-12,2024-07-12,On-Time,2,0
1768,1768,2,2,2024-08-29,2024-08-29,2024-08-30,2024-08-30,On-Time,1,0
1769,1769,5,3,2024-08-15,2024-08-15,2024-08-19,2024-08-25,Delayed,10,6
1770,1770,8,5,2024-07-25,2024-07-25,2024-07-30,2024-08-05,Delayed,11,6
1771,1771,6,5,2024-07-29,2024-07-29,2024-08-03,2024-08-09,Delayed,11,6
1772,1772,8,5,2024-09-20,2024-09-20,2024-09-25,2024-09-25,On-Time,5,0
1773,1773,3,1,2024-09-25,2024-09-25,2024-09-28,2024-10-02,Delayed,7,4
1774,1774,1,4,2024-08-15,2024-08-15,2024-08-16,2024-08-16,On-Time,1,0
1775,1775,5,2,2024-09-24,2024-09-24,2024-09-26,2024-09-26,On-Time,2,0
1776,1776,5,3,2024-09-07,2024-09-07,2024-09-11,2024-09-11,On-Time,4,0
1777,1777,6,5,2024-09-06,2024-09-06,2024-09-10,2024-09-09,On-Time,3,0
1778,1778,3,1,2024-09-30,2024-09-30,2024-10-03,2024-10-09,Delayed,9,6
1779,1779,3,4,2024-08-15,2024-08-15,2024-08-16,2024-08-24,Delayed,9,8
1780,1780,4,2,2024-08-26,2024-08-26,2024-08-27,2024-09-01,Delayed,6,5
1781,1781,4,2,2024-08-18,2024-08-18,2024-08-19,2024-08-25,Delayed,7,6
1782,1782,2,5,2024-09-12,2024-09-12,2024-09-16,2024-09-16,On-Time,4,0
1783,1783,1,3,2024-08-30,2024-08-30,2024-09-02,2024-09-02,On-Time,3,0
1784,1784,1,5,2024-07-30,2024-07-30,2024-08-04,2024-08-04,On-Time,5,0
1785,1785,5,2,2024-09-14,2024-09-14,2024-09-16,2024-09-16,On-Time,2,0
1786,1786,1,3,2024-10-02,2024-10-02,2024-10-05,2024-10-11,Delayed,9,6
1787,1787,6,1,2024-08-24,2024-08-24,2024-08-27,2024-08-26,On-Time,2,0
1788,1788,7,5,2024-09-30,2024-09-30,2024-10-04,2024-10-04,On-Time,4,0
1789,1789,3,5,2024-09-19,2024-09-19,2024-09-24,2024-10-01,Delayed,12,7
1790,1790,4,2,2024-08-22,2024-08-22,2024-08-23,2024-08-23,On-Time,1,0
1791,1791,1,4,2024-09-10,2024-09-10,2024-09-12,2024-09-15,Delayed,5,3
1792,1792,4,1,2024-09-15,2024-09-15,2024-09-17,2024-09-17,On-Time,2,0
1793,1793,6,5,2024-07-07,2024-07-07,2024-07-12,2024-07-12,On-Time,5,0
1794,1794,2,1,2024-09-02,2024-09-02,2024-09-05,2024-09-05,On-Time,3,0
1795,1795,6,1,2024-07-25,2024-07-25,2024-07-27,2024-07-26,On-Time,1,0
1796,1796,5,1,2024-07-17,2024-07-17,2024-07-19,2024-07-24,Delayed,7,5
1797,1797,1,4,2024-08-07,2024-08-07,2024-08-09,2024-08-14,Delayed,7,5
1798,1798,5,1,2024-09-09,2024-09-09,2024-09-12,2024-09-13,Delayed,4,1
1799,1799,1,4,2024-08-16,2024-08-16,2024-08-17,2024-08-17,On-Time,1,0
1800,1800,8,2,2024-08-22,2024-08-22,2024-08-24,2024-08-25,Delayed,3,1
1801,1801,8,1,2024-08-27,2024-08-27,2024-08-29,2024-08-29,On-Time,2,0
1802,1802,1,1,2024-08-08,2024-08-08,2024-08-10,2024-08-13,Delayed,5,3
1803,1803,1,5,2024-07-23,2024-07-23,2024-07-27,2024-07-27,On-Time,4,0
1804,1804,2,3,2024-09-23,2024-09-23,2024-09-27,2024-09-27,On-Time,4,0
1805,1805,3,1,2024-08-27,2024-08-27,2024-08-30,2024-09-08,Delayed,12,9
1806,1806,4,1,2024-07-10,2024-07-10,2024-07-13,2024-07-13,On-Time,3,0
1807,1807,4,1,2024-07-11,2024-07-11,2024-07-13,,Cancelled,0,0
1808,1808,6,2,2024-08-16,2024-08-16,2024-08-18,2024-08-26,Delayed,10,8
1809,1809,2,5,2024-08-10,2024-08-10,2024-08-15,2024-08-15,On-Time,5,0
1810,1810,7,4,2024-08-07,2024-08-07,2024-08-08,2024-08-08,On-Time,1,0
1811,1811,1,4,2024-08-23,2024-08-23,2024-08-24,2024-08-24,On-Time,1,0
1812,1812,2,3,2024-08-31,2024-08-31,2024-09-03,2024-09-03,On-Time,3,0
1813,1813,1,5,2024-08-13,2024-08-13,2024-08-17,2024-08-17,On-Time,4,0
1814,1814,1,1,2024-09-03,2024-09-03,2024-09-06,2024-09-06,On-Time,3,0
1815,1815,8,3,2024-09-25,2024-09-25,2024-09-29,2024-09-29,On-Time,4,0
1816,1816,6,4,2024-09-27,2024-09-27,2024-09-28,2024-10-04,Delayed,7,6
1817,1817,5,4,2024-08-02,2024-08-02,2024-08-03,2024-08-06,Delayed,4,3
1818,1818,4,4,2024-07-13,2024-07-13,2024-07-15,,Cancelled,0,0
1819,1819,6,3,2024-09-08,2024-09-08,2024-09-11,2024-09-16,Delayed,8,5
1820,1820,1,4,2024-07-21,2024-07-21,2024-07-22,2024-07-23,Delayed,2,1
1821,1821,1,4,2024-08-19,2024-08-19,2024-08-21,2024-08-21,On-Time,2,0
1822,1822,2,5,2024-09-05,2024-09-05,2024-09-09,2024-09-09,On-Time,4,0
1823,1823,4,3,2024-07-10,2024-07-10,2024-07-13,2024-07-13,On-Time,3,0
1824,1824,7,3,2024-09-11,2024-09-11,2024-09-15,2024-09-15,On-Time,4,0
1825,1825,7,4,2024-07-29,2024-07-29,2024-07-30,2024-07-31,Delayed,2,1
1826,1826,7,5,2024-08-10,2024-08-10,2024-08-15,2024-08-15,On-Time,5,0
1827,1827,3,2,2024-08-05,2024-08-05,2024-08-07,2024-08-11,Delayed,6,4
1828,1828,3,2,2024-07-23,2024-07-23,2024-07-25,2024-07-25,On-Time,2,0
1829,1829,6,5,2024-09-11,2024-09-11,2024-09-15,2024-09-23,Delayed,12,8
1830,1830,8,2,2024-07-12,2024-07-12,2024-07-14,2024-07-14,On-Time,2,0
1831,1831,7,4,2024-09-15,2024-09-15,2024-09-16,2024-09-16,On-Time,1,0
1832,1832,8,4,2024-09-30,2024-09-30,2024-10-01,2024-10-01,On-Time,1,0
1833,1833,6,5,2024-07-04,2024-07-04,2024-07-09,2024-07-17,Delayed,13,8
1834,1834,1,5,2024-08-15,2024-08-15,2024-08-19,2024-08-19,On-Time,4,0
1835,1835,8,3,2024-07-29,2024-07-29,2024-08-02,2024-08-02,On-Time,4,0
1836,1836,4,3,2024-08-09,2024-08-09,2024-08-12,2024-08-12,On-Time,3,0
1837,1837,6,2,2024-09-18,2024-09-18,2024-09-19,2024-10-02,Delayed,14,13
1838,1838,6,5,2024-09-28,2024-09-28,2024-10-02,2024-10-08,Delayed,10,6
1839,1839,2,1,2024-09-11,2024-09-11,2024-09-13,2024-09-13,On-Time,2,0
1840,1840,6,3,2024-09-21,2024-09-21,2024-09-25,2024-10-08,Delayed,17,13
1841,1841,1,1,2024-07-21,2024-07-21,2024-07-23,2024-07-23,On-Time,2,0
1842,1842,7,1,2024-07-20,2024-07-20,2024-07-23,2024-07-23,On-Time,3,0
1843,1843,3,3,2024-08-13,2024-08-13,2024-08-17,2024-08-23,Delayed,10,6
1844,1844,2,4,2024-07-28,2024-07-28,2024-07-30,2024-07-30,On-Time,2,0
1845,1845,4,4,2024-09-24,2024-09-24,2024-09-26,2024-09-26,On-Time,2,0
1846,1846,8,1,2024-08-08,2024-08-08,2024-08-11,2024-08-11,On-Time,3,0
1847,1847,5,4,2024-09-11,2024-09-11,2024-09-12,2024-09-12,On-Time,1,0
1848,1848,1,3,2024-08-31,2024-08-31,2024-09-03,2024-09-03,On-Time,3,0
1849,1849,1,2,2024-09-05,2024-09-05,2024-09-06,2024-09-06,On-Time,1,0
1850,1850,1,2,2024-09-09,2024-09-09,2024-09-10,2024-09-10,On-Time,1,0
1851,1851,1,4,2024-08-14,2024-08-14,2024-08-16,2024-08-16,On-Time,2,0
1852,1852,5,1,2024-08-12,2024-08-12,2024-08-14,2024-08-14,On-Time,2,0
1853,1853,6,1,2024-09-25,2024-09-25,2024-09-27,2024-10-08,Delayed,13,11
1854,1854,5,5,2024-07-23,2024-07-23,2024-07-27,2024-07-27,On-Time,4,0
1855,1855,3,5,2024-08-10,2024-08-10,2024-08-14,2024-08-24,Delayed,14,10
1856,1856,1,1,2024-08-04,2024-08-04,2024-08-06,2024-08-08,Delayed,4,2
1857,1857,1,1,2024-08-13,2024-08-13,2024-08-16,2024-08-16,On-Time,3,0
1858,1858,5,5,2024-09-26,2024-09-26,2024-10-01,2024-10-07,Delayed,11,6
1859,1859,3,4,2024-09-21,2024-09-21,2024-09-23,2024-10-01,Delayed,10,8
1860,1860,3,4,2024-09-20,2024-09-20,2024-09-21,2024-09-27,Delayed,7,6
1861,1861,1,4,2024-09-02,2024-09-02,2024-09-04,2024-09-04,On-Time,2,0
1862,1862,5,5,2024-08-24,2024-08-24,2024-08-29,2024-08-29,On-Time,5,0
1863,1863,4,2,2024-08-15,2024-08-15,2024-08-16,2024-08-16,On-Time,1,0
1864,1864,5,4,2024-07-12,2024-07-12,2024-07-13,2024-07-13,On-Time,1,0
1865,1865,1,1,2024-08-10,2024-08-10,2024-08-12,2024-08-12,On-Time,2,0
1866,1866,3,4,2024-09-21,2024-09-21,2024-09-22,2024-09-26,Delayed,5,4
1867,1867,5,5,2024-09-15,2024-09-15,2024-09-20,2024-09-20,On-Time,5,0
1868,1868,4,2,2024-09-07,2024-09-07,2024-09-09,2024-09-11,Delayed,4,2
1869,1869,6,1,2024-09-02,2024-09-02,2024-09-05,2024-09-05,On-Time,3,0
1870,1870,6,2,2024-09-01,2024-09-01,2024-09-02,2024-09-09,Delayed,8,7
1871,1871,5,4,2024-09-06,2024-09-06,2024-09-07,,Cancelled,0,0
1872,1872,3,1,2024-07-19,2024-07-19,2024-07-22,,Cancelled,0,0
1873,1873,6,4,2024-07-13,2024-07-13,2024-07-14,2024-07-24,Delayed,11,10
1874,1874,6,5,2024-09-23,2024-09-23,2024-09-28,2024-10-12,Delayed,19,14
1875,1875,2,2,2024-07-31,2024-07-31,2024-08-01,2024-08-01,On-Time,1,0
1876,1876,2,1,2024-09-29,2024-09-29,2024-10-01,2024-10-01,On-Time,2,0
1877,1877,8,5,2024-07-18,2024-07-18,2024-07-23,2024-07-23,On-Time,5,0
1878,1878,6,4,2024-09-05,2024-09-05,2024-09-06,2024-09-19,Delayed,14,13
1879,1879,4,2,2024-07-13,2024-07-13,2024-07-14,2024-07-19,Delayed,6,5
1880,1880,6,3,2024-07-19,2024-07-19,2024-07-22,2024-08-01,Delayed,13,10
1881,1881,4,5,2024-09-09,2024-09-09,2024-09-14,2024-09-14,On-Time,5,0
1882,1882,1,1,2024-07-26,2024-07-26,2024-07-29,2024-07-29,On-Time,3,0
1883,1883,6,5,2024-08-24,2024-08-24,2024-08-29,2024-08-28,On-Time,4,0
1884,1884,5,2,2024-07-05,2024-07-05,2024-07-07,2024-07-07,On-Time,2,0
1885,1885,1,2,2024-08-26,2024-08-26,2024-08-27,2024-08-27,On-Time,1,0
1886,1886,1,3,2024-07-03,2024-07-03,2024-07-06,2024-07-06,On-Time,3,0
1887,1887,8,5,2024-09-01,2024-09-01,2024-09-06,2024-09-06,On-Time,5,0
1888,1888,6,5,2024-09-11,2024-09-11,2024-09-15,2024-09-19,Delayed,8,4
1889,1889,6,4,2024-07-19,2024-07-19,2024-07-21,2024-08-03,Delayed,15,13
1890,1890,2,1,2024-08-08,2024-08-08,2024-08-11,2024-08-16,Delayed,8,5
1891,1891,1,2,2024-08-04,2024-08-04,2024-08-05,2024-08-05,On-Time,1,0
1892,1892,1,1,2024-07-15,2024-07-15,2024-07-18,2024-07-18,On-Time,3,0
1893,1893,3,2,2024-09-22,2024-09-22,2024-09-23,,Cancelled,0,0
1894,1894,4,2,2024-07-23,2024-07-23,2024-07-25,2024-07-30,Delayed,7,5
1895,1895,5,2,2024-08-27,2024-08-27,2024-08-28,2024-08-30,Delayed,3,2
1896,1896,2,4,2024-08-30,2024-08-30,2024-09-01,2024-09-06,Delayed,7,5
1897,1897,8,5,2024-08-20,2024-08-20,2024-08-25,2024-08-25,On-Time,5,0
1898,1898,3,5,2024-07-15,2024-07-15,2024-07-20,2024-07-20,On-Time,5,0
1899,1899,2,2,2024-09-07,2024-09-07,2024-09-09,2024-09-10,Delayed,3,1
1900,1900,5,4,2024-09-17,2024-09-17,2024-09-18,2024-09-18,On-Time,1,0
1901,1901,6,3,2024-08-07,2024-08-07,2024-08-11,2024-08-17,Delayed,10,6
1902,1902,5,1,2024-09-27,2024-09-27,2024-09-29,2024-09-29,On-Time,2,0
1903,1903,7,4,2024-08-27,2024-08-27,2024-08-28,2024-08-28,On-Time,1,0
1904,1904,2,1,2024-09-24,2024-09-24,2024-09-27,2024-09-30,Delayed,6,3
1905,1905,8,4,2024-09-05,2024-09-05,2024-09-07,2024-09-07,On-Time,2,0
1906,1906,6,4,2024-08-17,2024-08-17,2024-08-19,2024-08-31,Delayed,14,12
1907,1907,6,2,2024-09-27,2024-09-27,2024-09-28,2024-10-09,Delayed,12,11
1908,1908,6,4,2024-07-30,2024-07-30,2024-07-31,2024-08-06,Delayed,7,6
1909,1909,1,2,2024-07-17,2024-07-17,2024-07-19,,Cancelled,0,0
1910,1910,8,3,2024-08-21,2024-08-21,2024-08-25,2024-08-25,On-Time,4,0
1911,1911,5,2,2024-08-01,2024-08-01,2024-08-03,2024-08-03,On-Time,2,0
1912,1912,6,1,2024-08-11,2024-08-11,2024-08-13,2024-08-12,On-Time,1,0
1913,1913,1,3,2024-07-10,2024-07-10,2024-07-13,2024-07-13,On-Time,3,0
1914,1914,8,4,2024-07-24,2024-07-24,2024-07-25,2024-07-25,On-Time,1,0
1915,1915,4,5,2024-07-27,2024-07-27,2024-08-01,2024-08-03,Delayed,7,2
1916,1916,3,1,2024-09-06,2024-09-06,2024-09-08,2024-09-08,On-Time,2,0
1917,1917,6,4,2024-07-31,2024-07-31,2024-08-02,2024-08-02,On-Time,2,0
1918,1918,6,2,2024-07-11,2024-07-11,2024-07-13,2024-07-12,On-Time,1,0
1919,1919,4,1,2024-09-21,2024-09-21,2024-09-24,2024-09-24,On-Time,3,0
1920,1920,8,2,2024-09-22,2024-09-22,2024-09-23,2024-09-24,Delayed,2,1
1921,1921,7,1,2024-08-11,2024-08-11,2024-08-14,2024-08-14,On-Time,3,0
1922,1922,1,1,2024-07-26,2024-07-26,2024-07-29,2024-07-29,On-Time,3,0
1923,1923,6,4,2024-09-24,2024-09-24,2024-09-26,2024-10-05,Delayed,11,9
1924,1924,3,2,2024-09-03,2024-09-03,2024-09-05,2024-09-18,Delayed,15,13
1925,1925,6,2,2024-09-04,2024-09-04,2024-09-06,2024-09-05,On-Time,1,0
1926,1926,4,4,2024-08-24,2024-08-24,2024-08-26,2024-08-26,On-Time,2,0
1927,1927,1,3,2024-09-16,2024-09-16,2024-09-20,,Cancelled,0,0
1928,1928,6,3,2024-08-03,2024-08-03,2024-08-07,2024-08-21,Delayed,18,14
1929,1929,1,1,2024-08-04,2024-08-04,2024-08-06,2024-08-06,On-Time,2,0
1930,1930,2,3,2024-07-19,2024-07-19,2024-07-22,2024-07-22,On-Time,3,0
1931,1931,6,4,2024-09-11,2024-09-11,2024-09-13,2024-09-18,Delayed,7,5
1932,1932,7,3,2024-07-06,2024-07-06,2024-07-09,2024-07-09,On-Time,3,0
1933,1933,7,4,2024-08-20,2024-08-20,2024-08-21,2024-08-22,Delayed,2,1
1934,1934,6,1,2024-09-17,2024-09-17,2024-09-19,2024-09-26,Delayed,9,7
1935,1935,1,4,2024-08-22,2024-08-22,2024-08-23,2024-08-23,On-Time,1,0
1936,1936,5,2,2024-08-26,2024-08-26,2024-08-27,2024-08-31,Delayed,5,4
1937,1937,6,1,2024-09-19,2024-09-19,2024-09-21,2024-10-04,Delayed,15,13
1938,1938,8,3,2024-10-01,2024-10-01,2024-10-04,2024-10-10,Delayed,9,6
1939,1939,7,5,2024-09-14,2024-09-14,2024-09-18,2024-09-18,On-Time,4,0
1940,1940,1,1,2024-09-24,2024-09-24,2024-09-27,2024-09-27,On-Time,3,0
1941,1941,4,1,2024-08-12,2024-08-12,2024-08-14,2024-08-14,On-Time,2,0
1942,1942,5,3,2024-08-21,2024-08-21,2024-08-24,2024-08-24,On-Time,3,0
1943,1943,5,2,2024-07-21,2024-07-21,2024-07-22,2024-07-22,On-Time,1,0
1944,1944,2,5,2024-08-05,2024-08-05,2024-08-09,2024-08-15,Delayed,10,6
1945,1945,3,5,2024-08-31,2024-08-31,2024-09-04,2024-09-14,Delayed,14,10
1946,1946,6,3,2024-08-26,2024-08-26,2024-08-30,2024-09-07,Delayed,12,8
1947,1947,5,4,2024-08-24,2024-08-24,2024-08-25,,Cancelled,0,0
1948,1948,3,3,2024-07-23,2024-07-23,2024-07-26,2024-07-25,On-Time,2,0
1949,1949,6,4,2024-07-17,2024-07-17,2024-07-18,2024-07-18,On-Time,1,0
1950,1950,1,1,2024-09-12,2024-09-12,2024-09-14,2024-09-19,Delayed,7,5
1951,1951,6,1,2024-08-26,2024-08-26,2024-08-29,2024-09-05,Delayed,10,7
1952,1952,6,4,2024-08-16,2024-08-16,2024-08-17,2024-08-23,Delayed,7,6
1953,1953,1,1,2024-08-29,2024-08-29,2024-08-31,2024-08-31,On-Time,2,0
1954,1954,5,4,2024-07-23,2024-07-23,2024-07-24,2024-07-24,On-Time,1,0
1955,1955,4,5,2024-08-27,2024-08-27,2024-09-01,2024-09-01,On-Time,5,0
1956,1956,1,1,2024-07-18,2024-07-18,2024-07-21,2024-07-21,On-Time,3,0
1957,1957,3,2,2024-07-16,2024-07-16,2024-07-17,2024-07-30,Delayed,14,13
1958,1958,1,4,2024-07-22,2024-07-22,2024-07-23,2024-07-23,On-Time,1,0
1959,1959,6,2,2024-08-06,2024-08-06,2024-08-08,2024-08-07,On-Time,1,0
1960,1960,2,2,2024-08-17,2024-08-17,2024-08-19,2024-08-23,Delayed,6,4
1961,1961,7,4,2024-08-18,2024-08-18,2024-08-20,2024-08-20,On-Time,2,0
1962,1962,6,2,2024-09-09,2024-09-09,2024-09-10,2024-09-23,Delayed,14,13
1963,1963,3,3,2024-08-11,2024-08-11,2024-08-15,2024-08-28,Delayed,17,13
1964,1964,4,1,2024-07-11,2024-07-11,2024-07-14,2024-07-14,On-Time,3,0
1965,1965,2,1,2024-09-07,2024-09-07,2024-09-10,2024-09-10,On-Time,3,0
1966,1966,4,2,2024-07-11,2024-07-11,2024-07-13,2024-07-13,On-Time,2,0
1967,1967,6,1,2024-07-15,2024-07-15,2024-07-17,2024-07-29,Delayed,14,12
1968,1968,2,4,2024-09-10,2024-09-10,2024-09-12,2024-09-13,Delayed,3,1
1969,1969,1,3,2024-09-15,2024-09-15,2024-09-19,2024-09-22,Delayed,7,3
1970,1970,4,3,2024-09-11,2024-09-11,2024-09-14,2024-09-14,On-Time,3,0
1971,1971,4,2,2024-08-01,2024-08-01,2024-08-03,2024-08-06,Delayed,5,3
1972,1972,5,4,2024-07-20,2024-07-20,2024-07-22,2024-07-25,Delayed,5,3
1973,1973,2,3,2024-09-17,2024-09-17,2024-09-20,2024-09-20,On-Time,3,0
1974,1974,8,5,2024-08-25,2024-08-25,2024-08-29,2024-08-29,On-Time,4,0
1975,1975,1,2,2024-08-21,2024-08-21,2024-08-23,2024-08-25,Delayed,4,2
1976,1976,1,4,2024-07-26,2024-07-26,2024-07-27,2024-07-27,On-Time,1,0
1977,1977,6,2,2024-07-28,2024-07-28,2024-07-29,2024-08-07,Delayed,10,9
1978,1978,6,2,2024-08-27,2024-08-27,2024-08-28,2024-09-03,Delayed,7,6
1979,1979,8,3,2024-08-02,2024-08-02,2024-08-05,2024-08-05,On-Time,3,0
1980,1980,8,3,2024-09-05,2024-09-05,2024-09-09,2024-09-13,Delayed,8,4
1981,1981,5,1,2024-08-17,2024-08-17,2024-08-20,2024-08-22,Delayed,5,2
1982,1982,7,4,2024-09-25,2024-09-25,2024-09-26,2024-09-26,On-Time,1,0
1983,1983,6,5,2024-07-12,2024-07-12,2024-07-17,2024-07-22,Delayed,10,5
1984,1984,6,2,2024-09-19,2024-09-19,2024-09-21,2024-10-04,Delayed,15,13
1985,1985,7,3,2024-08-18,2024-08-18,2024-08-21,2024-08-21,On-Time,3,0
1986,1986,6,4,2024-09-24,2024-09-24,2024-09-26,2024-10-06,Delayed,12,10
1987,1987,3,3,2024-10-02,2024-10-02,2024-10-05,2024-10-19,Delayed,17,14
1988,1988,5,5,2024-08-28,2024-08-28,2024-09-02,,Cancelled,0,0
1989,1989,1,5,2024-09-23,2024-09-23,2024-09-27,2024-09-27,On-Time,4,0
1990,1990,3,2,2024-09-07,2024-09-07,2024-09-08,2024-09-16,Delayed,9,8
1991,1991,1,1,2024-09-30,2024-09-30,2024-10-03,2024-10-03,On-Time,3,0
1992,1992,8,5,2024-07-20,2024-07-20,2024-07-24,2024-07-24,On-Time,4,0
1993,1993,8,4,2024-07-19,2024-07-19,2024-07-21,2024-07-21,On-Time,2,0
1994,1994,3,5,2024-08-14,2024-08-14,2024-08-19,2024-08-27,Delayed,13,8
1995,1995,7,4,2024-07-26,2024-07-26,2024-07-27,2024-07-27,On-Time,1,0
1996,1996,7,1,2024-09-06,2024-09-06,2024-09-09,2024-09-09,On-Time,3,0
1997,1997,8,2,2024-08-13,2024-08-13,2024-08-14,2024-08-14,On-Time,1,0
1998,1998,8,1,2024-09-25,2024-09-25,2024-09-28,2024-09-28,On-Time,3,0
1999,1999,7,5,2024-07-13,2024-07-13,2024-07-17,2024-07-17,On-Time,4,0
2000,2000,4,1,2024-08-29,2024-08-29,2024-09-01,2024-09-03,Delayed,5,2
2001,2001,5,4,2024-08-12,2024-08-12,2024-08-14,2024-08-14,On-Time,2,0
2002,2002,2,2,2024-09-24,2024-09-24,2024-09-25,2024-09-30,Delayed,6,5
2003,2003,6,3,2024-07-15,2024-07-15,2024-07-19,2024-07-23,Delayed,8,4
2004,2004,5,4,2024-08-21,2024-08-21,2024-08-23,2024-08-23,On-Time,2,0
2005,2005,1,3,2024-08-16,2024-08-16,2024-08-20,2024-08-26,Delayed,10,6
2006,2006,7,2,2024-09-21,2024-09-21,2024-09-22,2024-09-22,On-Time,1,0
2007,2007,1,1,2024-08-13,2024-08-13,2024-08-16,2024-08-16,On-Time,3,0
2008,2008,4,5,2024-07-14,2024-07-14,2024-07-19,2024-07-25,Delayed,11,6
2009,2009,3,4,2024-09-06,2024-09-06,2024-09-07,2024-09-18,Delayed,12,11
2010,2010,6,1,2024-09-08,2024-09-08,2024-09-10,2024-09-19,Delayed,11,9
2011,2011,6,2,2024-08-17,2024-08-17,2024-08-19,2024-08-19,On-Time,2,0
2012,2012,5,3,2024-08-02,2024-08-02,2024-08-05,2024-08-05,On-Time,3,0
2013,2013,3,1,2024-09-03,2024-09-03,2024-09-06,2024-09-06,On-Time,3,0
2014,2014,8,1,2024-09-08,2024-09-08,2024-09-10,2024-09-10,On-Time,2,0
2015,2015,6,3,2024-07-03,2024-07-03,2024-07-06,2024-07-11,Delayed,8,5
2016,2016,6,4,2024-08-20,2024-08-20,2024-08-21,2024-08-31,Delayed,11,10
2017,2017,4,2,2024-07-21,2024-07-21,2024-07-23,2024-07-23,On-Time,2,0
2018,2018,1,3,2024-07-09,2024-07-09,2024-07-12,2024-07-16,Delayed,7,4
2019,2019,4,4,2024-09-23,2024-09-23,2024-09-24,2024-09-29,Delayed,6,5
2020,2020,4,5,2024-08-28,2024-08-28,2024-09-01,2024-09-01,On-Time,4,0
2021,2021,6,3,2024-09-17,2024-09-17,2024-09-20,2024-09-19,On-Time,2,0
2022,2022,6,2,2024-09-13,2024-09-13,2024-09-14,2024-09-19,Delayed,6,5
2023,2023,1,5,2024-09-06,2024-09-06,2024-09-10,2024-09-10,On-Time,4,0
2024,2024,6,3,2024-09-16,2024-09-16,2024-09-20,2024-09-30,Delayed,14,10
2025,2025,1,1,2024-09-12,2024-09-12,2024-09-15,2024-09-17,Delayed,5,2
2026,2026,1,5,2024-08-15,2024-08-15,2024-08-19,2024-08-19,On-Time,4,0
2027,2027,7,5,2024-09-30,2024-09-30,2024-10-05,2024-10-05,On-Time,5,0
2028,2028,7,4,2024-08-03,2024-08-03,2024-08-04,2024-08-08,Delayed,5,4
2029,2029,1,5,2024-08-14,2024-08-14,2024-08-18,2024-08-23,Delayed,9,5
2030,2030,6,2,2024-08-28,2024-08-28,2024-08-29,2024-09-07,Delayed,10,9
2031,2031,6,2,2024-09-26,2024-09-26,2024-09-27,2024-09-27,On-Time,1,0
2032,2032,4,3,2024-09-25,2024-09-25,2024-09-29,2024-09-29,On-Time,4,0
2033,2033,5,3,2024-07-29,2024-07-29,2024-08-02,2024-08-02,On-Time,4,0
2034,2034,5,4,2024-07-26,2024-07-26,2024-07-27,2024-08-01,Delayed,6,5
2035,2035,5,5,2024-08-10,2024-08-10,2024-08-15,2024-08-15,On-Time,5,0
2036,2036,8,4,2024-08-04,2024-08-04,2024-08-06,2024-08-10,Delayed,6,4
2037,2037,7,3,2024-08-31,2024-08-31,2024-09-04,2024-09-04,On-Time,4,0
2038,2038,2,1,2024-08-17,2024-08-17,2024-08-19,2024-08-19,On-Time,2,0
2039,2039,5,2,2024-09-05,2024-09-05,2024-09-06,2024-09-06,On-Time,1,0
2040,2040,2,4,2024-08-18,2024-08-18,2024-08-20,2024-08-26,Delayed,8,6
2041,2041,2,1,2024-07-31,2024-07-31,2024-08-03,2024-08-03,On-Time,3,0
2042,2042,7,3,2024-09-16,2024-09-16,2024-09-19,2024-09-19,On-Time,3,0
2043,2043,1,4,2024-07-07,2024-07-07,2024-07-09,2024-07-09,On-Time,2,0
2044,2044,2,3,2024-09-03,2024-09-03,2024-09-06,2024-09-06,On-Time,3,0
2045,2045,3,3,2024-09-26,2024-09-26,2024-09-29,2024-10-05,Delayed,9,6
2046,2046,5,5,2024-07-16,2024-07-16,2024-07-21,2024-07-21,On-Time,5,0
2047,2047,5,3,2024-07-31,2024-07-31,2024-08-04,2024-08-07,Delayed,7,3
2048,2048,2,2,2024-08-19,2024-08-19,2024-08-20,2024-08-20,On-Time,1,0
2049,2049,8,1,2024-09-14,2024-09-14,2024-09-17,2024-09-17,On-Time,3,0
2050,2050,6,1,2024-09-24,2024-09-24,2024-09-26,2024-09-25,On-Time,1,0
2051,2051,1,5,2024-08-04,2024-08-04,2024-08-09,2024-08-09,On-Time,5,0
2052,2052,6,5,2024-08-04,2024-08-04,2024-08-08,2024-08-08,On-Time,4,0
2053,2053,2,3,2024-09-10,2024-09-10,2024-09-14,2024-09-14,On-Time,4,0
2054,2054,2,2,2024-08-08,2024-08-08,2024-08-09,2024-08-09,On-Time,1,0
2055,2055,3,2,2024-08-17,2024-08-17,2024-08-18,2024-08-18,On-Time,1,0
2056,2056,4,3,2024-08-06,2024-08-06,2024-08-09,2024-08-09,On-Time,3,0
2057,2057,5,4,2024-09-22,2024-09-22,2024-09-24,2024-09-25,Delayed,3,1
2058,2058,6,2,2024-09-02,2024-09-02,2024-09-04,2024-09-14,Delayed,12,10
2059,2059,2,5,2024-08-26,2024-08-26,2024-08-30,2024-08-30,On-Time,4,0
2060,2060,5,1,2024-08-08,2024-08-08,2024-08-11,2024-08-11,On-Time,3,0
2061,2061,6,2,2024-11-24,2024-11-24,2024-11-25,2024-12-06,Delayed,12,11
2062,2062,4,3,2024-10-26,2024-10-26,2024-10-30,2024-10-30,On-Time,4,0
2063,2063,1,3,2024-12-24,2024-12-24,2024-12-28,2025-01-01,Delayed,8,4
2064,2064,7,2,2024-10-17,2024-10-17,2024-10-19,2024-10-22,Delayed,5,3
2065,2065,4,1,2024-11-18,2024-11-18,2024-11-20,2024-11-20,On-Time,2,0
2066,2066,2,2,2024-10-26,2024-10-26,2024-10-27,2024-10-27,On-Time,1,0
2067,2067,6,1,2024-10-15,2024-10-15,2024-10-18,,Cancelled,0,0
2068,2068,5,4,2024-10-09,2024-10-09,2024-10-11,2024-10-11,On-Time,2,0
2069,2069,6,1,2024-12-02,2024-12-02,2024-12-05,2024-12-10,Delayed,8,5
2070,2070,7,1,2024-11-28,2024-11-28,2024-11-30,2024-11-30,On-Time,2,0
2071,2071,6,1,2024-10-21,2024-10-21,2024-10-24,2024-10-23,On-Time,2,0
2072,2072,5,3,2024-12-20,2024-12-20,2024-12-24,2024-12-26,Delayed,6,2
2073,2073,7,4,2024-11-13,2024-11-13,2024-11-14,2024-11-14,On-Time,1,0
2074,2074,6,2,2024-12-18,2024-12-18,2024-12-19,,Cancelled,0,0
2075,2075,5,3,2024-11-02,2024-11-02,2024-11-05,2024-11-05,On-Time,3,0
2076,2076,3,1,2024-11-30,2024-11-30,2024-12-03,2024-12-16,Delayed,16,13
2077,2077,7,4,2024-11-01,2024-11-01,2024-11-03,2024-11-08,Delayed,7,5
2078,2078,7,3,2024-11-26,2024-11-26,2024-11-30,2024-11-30,On-Time,4,0
2079,2079,6,1,2024-10-15,2024-10-15,2024-10-17,2024-10-30,Delayed,15,13
2080,2080,3,1,2024-10-08,2024-10-08,2024-10-10,2024-10-21,Delayed,13,11
2081,2081,4,3,2024-11-24,2024-11-24,2024-11-28,2024-11-29,Delayed,5,1
2082,2082,7,4,2024-12-08,2024-12-08,2024-12-10,2024-12-15,Delayed,7,5
2083,2083,1,2,2024-11-27,2024-11-27,2024-11-29,2024-12-03,Delayed,6,4
2084,2084,3,4,2024-10-22,2024-10-22,2024-10-24,2024-10-29,Delayed,7,5
2085,2085,6,3,2024-10-23,2024-10-23,2024-10-26,2024-10-25,On-Time,2,0
2086,2086,1,4,2025-01-01,2025-01-01,2025-01-03,2025-01-04,Delayed,3,1
2087,2087,2,1,2024-10-13,2024-10-13,2024-10-16,2024-10-16,On-Time,3,0
2088,2088,6,4,2024-12-22,2024-12-22,2024-12-23,2025-01-02,Delayed,11,10
2089,2089,5,4,2024-12-26,2024-12-26,2024-12-28,2024-12-28,On-Time,2,0
2090,2090,3,1,2024-10-18,2024-10-18,2024-10-20,,Cancelled,0,0
2091,2091,2,2,2024-11-08,2024-11-08,2024-11-10,2024-11-10,On-Time,2,0
2092,2092,7,1,2024-11-09,2024-11-09,2024-11-11,2024-11-11,On-Time,2,0
2093,2093,2,1,2024-10-11,2024-10-11,2024-10-13,2024-10-13,On-Time,2,0
2094,2094,1,1,2024-11-12,2024-11-12,2024-11-15,2024-11-15,On-Time,3,0
2095,2095,6,4,2024-12-22,2024-12-22,2024-12-23,2025-01-04,Delayed,13,12
2096,2096,6,2,2024-10-15,2024-10-15,2024-10-17,2024-10-24,Delayed,9,7
2097,2097,3,4,2024-10-07,2024-10-07,2024-10-08,2024-10-12,Delayed,5,4
2098,2098,4,5,2024-10-17,2024-10-17,2024-10-21,2024-10-22,Delayed,5,1
2099,2099,1,4,2024-12-02,2024-12-02,2024-12-04,2024-12-04,On-Time,2,0
2100,2100,2,5,2024-12-22,2024-12-22,2024-12-27,2024-12-27,On-Time,5,0
2101,2101,2,2,2024-12-26,2024-12-26,2024-12-28,2024-12-29,Delayed,3,1
2102,2102,5,4,2024-11-15,2024-11-15,2024-11-17,2024-11-17,On-Time,2,0
2103,2103,8,3,2024-12-04,2024-12-04,2024-12-08,2024-12-08,On-Time,4,0
2104,2104,5,3,2024-10-22,2024-10-22,2024-10-25,2024-10-31,Delayed,9,6
2105,2105,7,3,2024-12-14,2024-12-14,2024-12-17,2024-12-17,On-Time,3,0
2106,2106,2,2,2024-12-03,2024-12-03,2024-12-05,2024-12-08,Delayed,5,3
2107,2107,1,2,2024-12-23,2024-12-23,2024-12-24,2024-12-24,On-Time,1,0
2108,2108,2,5,2024-10-24,2024-10-24,2024-10-28,2024-10-28,On-Time,4,0
2109,2109,1,5,2024-11-09,2024-11-09,2024-11-14,2024-11-14,On-Time,5,0
2110,2110,2,5,2024-11-25,2024-11-25,2024-11-30,2024-11-30,On-Time,5,0
2111,2111,4,2,2024-12-11,2024-12-11,2024-12-12,2024-12-12,On-Time,1,0
2112,2112,5,3,2024-12-11,2024-12-11,2024-12-14,2024-12-14,On-Time,3,0
2113,2113,5,3,2024-10-03,2024-10-03,2024-10-07,2024-10-07,On-Time,4,0
2114,2114,1,5,2024-12-14,2024-12-14,2024-12-18,2024-12-18,On-Time,4,0
2115,2115,2,2,2024-11-16,2024-11-16,2024-11-18,2024-11-18,On-Time,2,0
2116,2116,4,1,2024-12-28,2024-12-28,2024-12-31,2024-12-31,On-Time,3,0
2117,2117,3,2,2024-12-17,2024-12-17,2024-12-18,2024-12-25,Delayed,8,7
2118,2118,3,1,2024-10-29,2024-10-29,2024-11-01,2024-11-10,Delayed,12,9
2119,2119,4,2,2024-11-22,2024-11-22,2024-11-23,2024-11-23,On-Time,1,0
2120,2120,8,5,2024-10-19,2024-10-19,2024-10-24,2024-10-28,Delayed,9,4
2121,2121,1,1,2024-12-11,2024-12-11,2024-12-14,2024-12-14,On-Time,3,0
2122,2122,4,4,2024-11-07,2024-11-07,2024-11-08,2024-11-08,On-Time,1,0
2123,2123,1,1,2024-10-12,2024-10-12,2024-10-15,2024-10-15,On-Time,3,0
2124,2124,2,3,2024-12-27,2024-12-27,2024-12-31,2024-12-31,On-Time,4,0
2125,2125,6,1,2024-11-26,2024-11-26,2024-11-29,2024-12-09,Delayed,13,10
2126,2126,1,3,2024-11-21,2024-11-21,2024-11-24,2024-11-29,Delayed,8,5
2127,2127,7,1,2024-11-25,2024-11-25,2024-11-28,2024-11-28,On-Time,3,0
2128,2128,5,3,2024-10-16,2024-10-16,2024-10-19,2024-10-19,On-Time,3,0
2129,2129,7,4,2024-11-28,2024-11-28,2024-11-29,2024-11-29,On-Time,1,0
2130,2130,7,1,2024-12-21,2024-12-21,2024-12-24,2024-12-24,On-Time,3,0
2131,2131,3,3,2024-11-09,2024-11-09,2024-11-12,2024-11-26,Delayed,17,14
2132,2132,8,4,2024-10-13,2024-10-13,2024-10-15,2024-10-15,On-Time,2,0
2133,2133,6,1,2025-01-01,2025-01-01,2025-01-04,2025-01-12,Delayed,11,8
2134,2134,6,4,2024-12-16,2024-12-16,2024-12-17,2024-12-25,Delayed,9,8
2135,2135,6,1,2024-12-09,2024-12-09,2024-12-11,2024-12-23,Delayed,14,12
2136,2136,3,5,2024-11-26,2024-11-26,2024-12-01,2024-12-01,On-Time,5,0
2137,2137,1,1,2024-12-26,2024-12-26,2024-12-28,2024-12-28,On-Time,2,0
2138,2138,1,4,2024-12-21,2024-12-21,2024-12-23,2024-12-23,On-Time,2,0
2139,2139,3,1,2024-10-17,2024-10-17,2024-10-19,,Cancelled,0,0
2140,2140,2,4,2024-11-08,2024-11-08,2024-11-09,2024-11-09,On-Time,1,0
2141,2141,8,2,2024-12-31,2024-12-31,2025-01-02,2025-01-02,On-Time,2,0
2142,2142,2,4,2024-10-06,2024-10-06,2024-10-07,2024-10-13,Delayed,7,6
2143,2143,4,4,2024-12-28,2024-12-28,2024-12-29,2025-01-02,Delayed,5,4
2144,2144,1,2,2024-12-01,2024-12-01,2024-12-02,2024-12-06,Delayed,5,4
2145,2145,4,4,2024-11-17,2024-11-17,2024-11-18,2024-11-18,On-Time,1,0
2146,2146,1,2,2024-10-27,2024-10-27,2024-10-28,2024-10-28,On-Time,1,0
2147,2147,2,2,2024-11-15,2024-11-15,2024-11-17,2024-11-17,On-Time,2,0
2148,2148,6,2,2024-10-27,2024-10-27,2024-10-29,2024-10-28,On-Time,1,0
2149,2149,6,5,2024-12-20,2024-12-20,2024-12-25,2024-12-31,Delayed,11,6
2150,2150,6,3,2024-10-08,2024-10-08,2024-10-11,2024-10-16,Delayed,8,5
2151,2151,7,4,2024-12-14,2024-12-14,2024-12-15,2024-12-15,On-Time,1,0
2152,2152,6,2,2024-10-27,2024-10-27,2024-10-28,2024-11-08,Delayed,12,11
2153,2153,8,2,2024-10-08,2024-10-08,2024-10-10,2024-10-10,On-Time,2,0
2154,2154,4,3,2024-10-08,2024-10-08,2024-10-11,2024-10-11,On-Time,3,0
2155,2155,4,5,2024-11-22,2024-11-22,2024-11-26,2024-11-26,On-Time,4,0
2156,2156,7,5,2024-12-08,2024-12-08,2024-12-13,2024-12-14,Delayed,6,1
2157,2157,2,1,2024-11-12,2024-11-12,2024-11-14,2024-11-15,Delayed,3,1
2158,2158,6,5,2024-12-13,2024-12-13,2024-12-18,2024-12-28,Delayed,15,10
2159,2159,6,3,2024-12-16,2024-12-16,2024-12-19,2024-12-26,Delayed,10,7
2160,2160,6,5,2024-10-09,2024-10-09,2024-10-14,2024-10-25,Delayed,16,11
2161,2161,7,2,2024-10-02,2024-10-02,2024-10-04,2024-10-04,On-Time,2,0
2162,2162,1,2,2024-10-15,2024-10-15,2024-10-16,2024-10-17,Delayed,2,1
2163,2163,6,1,2024-11-06,2024-11-06,2024-11-08,2024-11-20,Delayed,14,12
2164,2164,6,3,2024-10-10,2024-10-10,2024-10-14,2024-10-23,Delayed,13,9
2165,2165,1,4,2024-12-19,2024-12-19,2024-12-21,,Cancelled,0,0
2166,2166,6,3,2024-11-07,2024-11-07,2024-11-10,2024-11-19,Delayed,12,9
2167,2167,6,1,2024-10-25,2024-10-25,2024-10-27,2024-11-04,Delayed,10,8
2168,2168,1,5,2024-10-15,2024-10-15,2024-10-20,2024-10-20,On-Time,5,0
2169,2169,6,1,2024-10-08,2024-10-08,2024-10-10,2024-10-18,Delayed,10,8
2170,2170,6,1,2024-11-06,2024-11-06,2024-11-09,2024-11-13,Delayed,7,4
2171,2171,8,5,2024-11-01,2024-11-01,2024-11-05,2024-11-05,On-Time,4,0
2172,2172,6,5,2024-11-03,2024-11-03,2024-11-08,2024-11-12,Delayed,9,4
2173,2173,1,4,2024-11-05,2024-11-05,2024-11-06,2024-11-06,On-Time,1,0
2174,2174,8,3,2024-10-12,2024-10-12,2024-10-16,2024-10-16,On-Time,4,0
2175,2175,6,1,2024-12-02,2024-12-02,2024-12-04,2024-12-03,On-Time,1,0
2176,2176,3,1,2024-12-29,2024-12-29,2025-01-01,2025-01-07,Delayed,9,6
2177,2177,5,2,2024-12-09,2024-12-09,2024-12-11,2024-12-11,On-Time,2,0
2178,2178,3,2,2024-12-21,2024-12-21,2024-12-23,2025-01-02,Delayed,12,10
2179,2179,5,4,2024-10-14,2024-10-14,2024-10-16,2024-10-16,On-Time,2,0
2180,2180,5,4,2024-10-10,2024-10-10,2024-10-11,2024-10-11,On-Time,1,0
2181,2181,1,1,2024-12-14,2024-12-14,2024-12-17,2024-12-17,On-Time,3,0
2182,2182,5,5,2024-10-20,2024-10-20,2024-10-25,2024-10-25,On-Time,5,0
2183,2183,1,3,2024-10-28,2024-10-28,2024-11-01,2024-11-01,On-Time,4,0
2184,2184,3,1,2024-12-10,2024-12-10,2024-12-13,2024-12-17,Delayed,7,4
2185,2185,4,4,2024-10-03,2024-10-03,2024-10-04,2024-10-04,On-Time,1,0
2186,2186,6,5,2024-10-02,2024-10-02,2024-10-07,2024-10-18,Delayed,16,11
2187,2187,5,1,2024-12-09,2024-12-09,2024-12-11,2024-12-11,On-Time,2,0
2188,2188,2,5,2024-11-13,2024-11-13,2024-11-17,2024-11-20,Delayed,7,3
2189,2189,4,3,2024-10-23,2024-10-23,2024-10-27,2024-10-27,On-Time,4,0
2190,2190,7,3,2024-10-16,2024-10-16,2024-10-20,2024-10-20,On-Time,4,0
2191,2191,1,3,2024-12-20,2024-12-20,2024-12-24,2024-12-24,On-Time,4,0
2192,2192,8,1,2025-01-02,2025-01-02,2025-01-04,2025-01-04,On-Time,2,0
2193,2193,1,4,2024-12-01,2024-12-01,2024-12-03,2024-12-03,On-Time,2,0
2194,2194,1,4,2024-12-27,2024-12-27,2024-12-29,,Cancelled,0,0
2195,2195,5,3,2024-10-12,2024-10-12,2024-10-16,2024-10-16,On-Time,4,0
2196,2196,6,5,2024-11-27,2024-11-27,2024-12-01,2024-12-11,Delayed,14,10
2197,2197,5,5,2024-10-16,2024-10-16,2024-10-20,2024-10-20,On-Time,4,0
2198,2198,4,2,2024-12-27,2024-12-27,2024-12-29,2024-12-29,On-Time,2,0
2199,2199,5,1,2024-11-21,2024-11-21,2024-11-23,2024-11-28,Delayed,7,5
2200,2200,1,4,2024-11-30,2024-11-30,2024-12-02,2024-12-02,On-Time,2,0
2201,2201,1,1,2024-12-04,2024-12-04,2024-12-06,2024-12-11,Delayed,7,5
2202,2202,4,1,2024-10-08,2024-10-08,2024-10-11,2024-10-11,On-Time,3,0
2203,2203,1,5,2024-11-30,2024-11-30,2024-12-04,2024-12-08,Delayed,8,4
2204,2204,6,4,2024-10-23,2024-10-23,2024-10-24,2024-10-28,Delayed,5,4
2205,2205,1,1,2024-10-22,2024-10-22,2024-10-25,2024-10-30,Delayed,8,5
2206,2206,6,5,2024-12-12,2024-12-12,2024-12-17,2024-12-16,On-Time,4,0
2207,2207,4,2,2024-11-11,2024-11-11,2024-11-13,2024-11-13,On-Time,2,0
2208,2208,7,2,2024-11-24,2024-11-24,2024-11-26,2024-11-26,On-Time,2,0
2209,2209,2,4,2024-11-28,2024-11-28,2024-11-29,2024-11-30,Delayed,2,1
2210,2210,2,1,2024-11-02,2024-11-02,2024-11-04,2024-11-04,On-Time,2,0
2211,2211,5,3,2024-12-19,2024-12-19,2024-12-22,2024-12-22,On-Time,3,0
2212,2212,1,1,2024-10-03,2024-10-03,2024-10-06,2024-10-06,On-Time,3,0
2213,2213,6,2,2024-10-17,2024-10-17,2024-10-18,2024-10-18,On-Time,1,0
2214,2214,7,2,2024-11-25,2024-11-25,2024-11-27,2024-11-27,On-Time,2,0
2215,2215,2,5,2024-10-15,2024-10-15,2024-10-19,2024-10-19,On-Time,4,0
2216,2216,8,5,2024-12-10,2024-12-10,2024-12-14,2024-12-18,Delayed,8,4
2217,2217,2,3,2024-11-22,2024-11-22,2024-11-26,2024-11-26,On-Time,4,0
2218,2218,5,5,2024-10-07,2024-10-07,2024-10-11,2024-10-16,Delayed,9,5
2219,2219,8,3,2024-10-15,2024-10-15,2024-10-19,2024-10-20,Delayed,5,1
2220,2220,5,1,2024-12-25,2024-12-25,2024-12-27,2025-01-02,Delayed,8,6
2221,2221,2,2,2024-12-11,2024-12-11,2024-12-13,2024-12-13,On-Time,2,0
2222,2222,4,1,2024-10-08,2024-10-08,2024-10-10,2024-10-16,Delayed,8,6
2223,2223,8,3,2024-10-06,2024-10-06,2024-10-10,2024-10-10,On-Time,4,0
2224,2224,7,4,2024-11-15,2024-11-15,2024-11-16,2024-11-20,Delayed,5,4
2225,2225,1,3,2024-12-31,2024-12-31,2025-01-03,,Cancelled,0,0
2226,2226,3,3,2024-12-05,2024-12-05,2024-12-08,2024-12-20,Delayed,15,12
2227,2227,5,5,2024-10-15,2024-10-15,2024-10-19,2024-10-19,On-Time,4,0
2228,2228,1,3,2024-12-16,2024-12-16,2024-12-20,2024-12-20,On-Time,4,0
2229,2229,3,5,2024-11-04,2024-11-04,2024-11-09,2024-11-17,Delayed,13,8
2230,2230,8,3,2024-11-23,2024-11-23,2024-11-27,2024-11-27,On-Time,4,0
2231,2231,2,2,2024-10-19,2024-10-19,2024-10-20,2024-10-20,On-Time,1,0
2232,2232,8,2,2024-11-18,2024-11-18,2024-11-19,2024-11-19,On-Time,1,0
2233,2233,1,1,2024-12-24,2024-12-24,2024-12-27,2024-12-27,On-Time,3,0
2234,2234,1,3,2024-12-16,2024-12-16,2024-12-20,2024-12-20,On-Time,4,0
2235,2235,1,5,2024-10-11,2024-10-11,2024-10-16,2024-10-16,On-Time,5,0
2236,2236,7,1,2024-12-01,2024-12-01,2024-12-03,2024-12-03,On-Time,2,0
2237,2237,4,2,2024-12-27,2024-12-27,2024-12-28,2024-12-28,On-Time,1,0
2238,2238,1,4,2024-12-05,2024-12-05,2024-12-06,2024-12-06,On-Time,1,0
2239,2239,6,3,2024-11-27,2024-11-27,2024-11-30,2024-12-14,Delayed,17,14
2240,2240,5,1,2024-11-29,2024-11-29,2024-12-01,2024-12-01,On-Time,2,0
2241,2241,6,2,2024-11-11,2024-11-11,2024-11-13,2024-11-13,On-Time,2,0
2242,2242,6,1,2024-10-12,2024-10-12,2024-10-14,2024-10-25,Delayed,13,11
2243,2243,7,5,2024-10-05,2024-10-05,2024-10-09,2024-10-10,Delayed,5,1
2244,2244,5,3,2024-12-06,2024-12-06,2024-12-10,2024-12-10,On-Time,4,0
2245,2245,6,3,2024-10-24,2024-10-24,2024-10-27,2024-11-02,Delayed,9,6
2246,2246,1,5,2024-10-12,2024-10-12,2024-10-16,2024-10-22,Delayed,10,6
2247,2247,1,5,2024-12-19,2024-12-19,2024-12-23,2024-12-23,On-Time,4,0
2248,2248,6,1,2024-12-27,2024-12-27,2024-12-29,2025-01-05,Delayed,9,7
2249,2249,3,1,2024-12-23,2024-12-23,2024-12-26,2024-12-26,On-Time,3,0
2250,2250,6,4,2024-12-02,2024-12-02,2024-12-04,2024-12-14,Delayed,12,10
2251,2251,2,4,2024-11-14,2024-11-14,2024-11-15,2024-11-15,On-Time,1,0
2252,2252,6,4,2024-12-24,2024-12-24,2024-12-25,2024-12-29,Delayed,5,4
2253,2253,6,4,2024-10-21,2024-10-21,2024-10-23,2024-10-23,On-Time,2,0
2254,2254,1,4,2024-10-30,2024-10-30,2024-11-01,2024-11-01,On-Time,2,0
2255,2255,3,4,2024-12-15,2024-12-15,2024-12-16,2024-12-29,Delayed,14,13
2256,2256,6,5,2024-11-30,2024-11-30,2024-12-04,2024-12-09,Delayed,9,5
2257,2257,8,1,2024-12-13,2024-12-13,2024-12-16,2024-12-21,Delayed,8,5
2258,2258,8,3,2025-01-02,2025-01-02,2025-01-05,2025-01-05,On-Time,3,0
2259,2259,5,5,2024-11-04,2024-11-04,2024-11-08,2024-11-11,Delayed,7,3
2260,2260,5,1,2024-10-05,2024-10-05,2024-10-07,2024-10-07,On-Time,2,0
2261,2261,3,2,2024-10-23,2024-10-23,2024-10-24,2024-11-02,Delayed,10,9
2262,2262,4,2,2024-12-22,2024-12-22,2024-12-24,,Cancelled,0,0
2263,2263,1,1,2024-10-11,2024-10-11,2024-10-13,2024-10-13,On-Time,2,0
2264,2264,7,1,2024-11-07,2024-11-07,2024-11-10,2024-11-10,On-Time,3,0
2265,2265,3,1,2025-01-01,2025-01-01,2025-01-03,2025-01-03,On-Time,2,0
2266,2266,1,4,2024-11-11,2024-11-11,2024-11-12,2024-11-12,On-Time,1,0
2267,2267,6,5,2024-11-23,2024-11-23,2024-11-28,2024-12-12,Delayed,19,14
2268,2268,1,2,2024-12-02,2024-12-02,2024-12-04,2024-12-07,Delayed,5,3
2269,2269,7,4,2024-11-24,2024-11-24,2024-11-25,2024-11-26,Delayed,2,1
2270,2270,6,2,2024-10-25,2024-10-25,2024-10-27,2024-11-09,Delayed,15,13
2271,2271,4,2,2024-12-31,2024-12-31,2025-01-01,2025-01-01,On-Time,1,0
2272,2272,8,5,2024-10-14,2024-10-14,2024-10-18,2024-10-18,On-Time,4,0
2273,2273,2,4,2024-10-29,2024-10-29,2024-10-30,2024-11-01,Delayed,3,2
2274,2274,1,1,2024-10-23,2024-10-23,2024-10-26,2024-10-26,On-Time,3,0
2275,2275,1,1,2024-11-13,2024-11-13,2024-11-15,2024-11-15,On-Time,2,0
2276,2276,4,5,2024-10-08,2024-10-08,2024-10-12,2024-10-18,Delayed,10,6
2277,2277,6,2,2024-11-29,2024-11-29,2024-11-30,2024-12-04,Delayed,5,4
2278,2278,4,1,2024-11-24,2024-11-24,2024-11-27,2024-11-27,On-Time,3,0
2279,2279,7,5,2024-11-10,2024-11-10,2024-11-14,2024-11-18,Delayed,8,4
2280,2280,8,2,2024-12-16,2024-12-16,2024-12-18,2024-12-18,On-Time,2,0
2281,2281,6,4,2024-12-25,2024-12-25,2024-12-26,2024-12-26,On-Time,1,0
2282,2282,1,3,2024-11-14,2024-11-14,2024-11-17,2024-11-17,On-Time,3,0
2283,2283,8,5,2024-10-17,2024-10-17,2024-10-22,2024-10-22,On-Time,5,0
2284,2284,2,4,2024-12-25,2024-12-25,2024-12-27,2024-12-27,On-Time,2,0
2285,2285,1,2,2024-12-04,2024-12-04,2024-12-05,2024-12-05,On-Time,1,0
2286,2286,8,5,2024-12-25,2024-12-25,2024-12-29,2024-12-31,Delayed,6,2
2287,2287,2,2,2024-10-06,2024-10-06,2024-10-07,2024-10-11,Delayed,5,4
2288,2288,5,2,2024-11-04,2024-11-04,2024-11-06,2024-11-06,On-Time,2,0
2289,2289,5,3,2024-10-29,2024-10-29,2024-11-02,2024-11-02,On-Time,4,0
2290,2290,7,2,2024-12-01,2024-12-01,2024-12-03,2024-12-03,On-Time,2,0
2291,2291,4,4,2024-12-02,2024-12-02,2024-12-03,2024-12-03,On-Time,1,0
2292,2292,4,3,2024-10-18,2024-10-18,2024-10-22,2024-10-22,On-Time,4,0
2293,2293,2,1,2024-12-11,2024-12-11,2024-12-13,2024-12-16,Delayed,5,3
2294,2294,1,4,2024-11-21,2024-11-21,2024-11-23,2024-11-23,On-Time,2,0
2295,2295,2,2,2024-12-22,2024-12-22,2024-12-24,2024-12-24,On-Time,2,0
2296,2296,7,1,2024-10-03,2024-10-03,2024-10-05,2024-10-05,On-Time,2,0
2297,2297,4,2,2024-11-18,2024-11-18,2024-11-19,2024-11-23,Delayed,5,4
2298,2298,3,3,2024-10-06,2024-10-06,2024-10-10,2024-10-09,On-Time,3,0
2299,2299,4,3,2024-10-18,2024-10-18,2024-10-22,2024-10-22,On-Time,4,0
2300,2300,5,2,2024-11-15,2024-11-15,2024-11-16,2024-11-21,Delayed,6,5
2301,2301,1,1,2024-10-31,2024-10-31,2024-11-02,2024-11-06,Delayed,6,4
2302,2302,3,2,2024-11-27,2024-11-27,2024-11-28,2024-12-07,Delayed,10,9
2303,2303,3,2,2024-11-20,2024-11-20,2024-11-22,2024-11-27,Delayed,7,5
2304,2304,1,4,2024-11-23,2024-11-23,2024-11-24,2024-11-30,Delayed,7,6
2305,2305,5,2,2024-12-02,2024-12-02,2024-12-03,2024-12-03,On-Time,1,0
2306,2306,5,3,2024-12-23,2024-12-23,2024-12-26,2024-12-27,Delayed,4,1
2307,2307,5,4,2024-10-31,2024-10-31,2024-11-02,2024-11-02,On-Time,2,0
2308,2308,4,1,2024-10-29,2024-10-29,2024-11-01,2024-11-01,On-Time,3,0
2309,2309,6,2,2024-11-11,2024-11-11,2024-11-12,2024-11-16,Delayed,5,4
2310,2310,5,2,2024-11-04,2024-11-04,2024-11-06,2024-11-06,On-Time,2,0
2311,2311,3,4,2024-10-04,2024-10-04,2024-10-05,2024-10-11,Delayed,7,6
2312,2312,1,5,2024-12-03,2024-12-03,2024-12-08,2024-12-08,On-Time,5,0
2313,2313,1,1,2024-10-26,2024-10-26,2024-10-29,2024-10-29,On-Time,3,0
2314,2314,7,4,2024-10-20,2024-10-20,2024-10-21,2024-10-21,On-Time,1,0
2315,2315,7,2,2024-12-12,2024-12-12,2024-12-14,2024-12-14,On-Time,2,0
2316,2316,5,3,2024-10-04,2024-10-04,2024-10-07,2024-10-09,Delayed,5,2
2317,2317,1,2,2024-10-17,2024-10-17,2024-10-19,2024-10-19,On-Time,2,0
2318,2318,6,1,2024-10-26,2024-10-26,2024-10-29,2024-11-12,Delayed,17,14
2319,2319,5,5,2024-12-16,2024-12-16,2024-12-20,2024-12-23,Delayed,7,3
2320,2320,8,2,2024-11-16,2024-11-16,2024-11-17,2024-11-17,On-Time,1,0
2321,2321,3,5,2024-11-19,2024-11-19,2024-11-23,2024-12-03,Delayed,14,10
2322,2322,3,3,2024-11-01,2024-11-01,2024-11-04,2024-11-13,Delayed,12,9
2323,2323,6,4,2024-10-10,2024-10-10,2024-10-12,2024-10-22,Delayed,12,10
2324,2324,8,2,2024-12-22,2024-12-22,2024-12-23,2024-12-29,Delayed,7,6
2325,2325,6,4,2024-10-29,2024-10-29,2024-10-31,2024-10-31,On-Time,2,0
2326,2326,6,2,2024-12-01,2024-12-01,2024-12-02,2024-12-10,Delayed,9,8
2327,2327,8,5,2024-11-10,2024-11-10,2024-11-15,2024-11-15,On-Time,5,0
2328,2328,6,3,2024-12-19,2024-12-19,2024-12-22,2025-01-03,Delayed,15,12
2329,2329,4,4,2024-12-26,2024-12-26,2024-12-28,2025-01-01,Delayed,6,4
2330,2330,1,1,2024-12-10,2024-12-10,2024-12-13,2024-12-15,Delayed,5,2
2331,2331,5,3,2024-11-10,2024-11-10,2024-11-14,2024-11-14,On-Time,4,0
2332,2332,3,4,2024-10-25,2024-10-25,2024-10-27,2024-10-27,On-Time,2,0
2333,2333,5,1,2024-11-15,2024-11-15,2024-11-18,2024-11-18,On-Time,3,0
2334,2334,3,2,2024-11-02,2024-11-02,2024-11-03,2024-11-07,Delayed,5,4
2335,2335,6,5,2024-12-08,2024-12-08,2024-12-13,2024-12-25,Delayed,17,12
2336,2336,4,2,2024-12-19,2024-12-19,2024-12-20,2024-12-20,On-Time,1,0
2337,2337,1,2,2024-11-02,2024-11-02,2024-11-04,2024-11-04,On-Time,2,0
2338,2338,1,4,2024-11-14,2024-11-14,2024-11-16,2024-11-21,Delayed,7,5
2339,2339,2,2,2024-11-06,2024-11-06,2024-11-08,2024-11-08,On-Time,2,0
2340,2340,6,1,2024-11-29,2024-11-29,2024-12-01,2024-12-01,On-Time,2,0
2341,2341,1,1,2024-12-31,2024-12-31,2025-01-03,2025-01-03,On-Time,3,0
2342,2342,1,2,2024-11-09,2024-11-09,2024-11-10,2024-11-10,On-Time,1,0
2343,2343,6,5,2024-11-05,2024-11-05,2024-11-10,2024-11-18,Delayed,13,8
2344,2344,8,1,2024-11-28,2024-11-28,2024-11-30,2024-12-03,Delayed,5,3
2345,2345,7,5,2024-12-04,2024-12-04,2024-12-09,2024-12-09,On-Time,5,0
2346,2346,4,3,2024-11-23,2024-11-23,2024-11-27,2024-11-27,On-Time,4,0
2347,2347,4,1,2024-12-20,2024-12-20,2024-12-22,2024-12-22,On-Time,2,0
2348,2348,5,1,2024-11-30,2024-11-30,2024-12-03,2024-12-06,Delayed,6,3
2349,2349,6,3,2024-11-18,2024-11-18,2024-11-21,2024-11-29,Delayed,11,8
2350,2350,6,4,2024-10-03,2024-10-03,2024-10-05,2024-10-04,On-Time,1,0
2351,2351,5,3,2024-10-16,2024-10-16,2024-10-20,2024-10-20,On-Time,4,0
2352,2352,5,3,2024-11-08,2024-11-08,2024-11-12,2024-11-18,Delayed,10,6
2353,2353,5,3,2024-11-13,2024-11-13,2024-11-17,2024-11-17,On-Time,4,0
2354,2354,6,1,2024-10-22,2024-10-22,2024-10-25,2024-11-03,Delayed,12,9
2355,2355,7,1,2024-12-22,2024-12-22,2024-12-25,2024-12-25,On-Time,3,0
2356,2356,4,2,2024-10-28,2024-10-28,2024-10-30,2024-10-30,On-Time,2,0
2357,2357,8,5,2024-12-19,2024-12-19,2024-12-23,2024-12-25,Delayed,6,2
2358,2358,6,1,2024-11-24,2024-11-24,2024-11-27,2024-12-04,Delayed,10,7
2359,2359,4,3,2024-12-04,2024-12-04,2024-12-07,2024-12-07,On-Time,3,0
2360,2360,6,3,2024-11-28,2024-11-28,2024-12-02,2024-12-01,On-Time,3,0
2361,2361,1,2,2024-10-20,2024-10-20,2024-10-21,2024-10-21,On-Time,1,0
2362,2362,1,5,2024-12-15,2024-12-15,2024-12-20,2024-12-20,On-Time,5,0
2363,2363,6,1,2024-12-21,2024-12-21,2024-12-23,2024-12-31,Delayed,10,8
2364,2364,2,4,2024-10-11,2024-10-11,2024-10-12,2024-10-12,On-Time,1,0
2365,2365,1,2,2024-11-20,2024-11-20,2024-11-21,,Cancelled,0,0
2366,2366,6,4,2024-12-19,2024-12-19,2024-12-20,2024-12-31,Delayed,12,11
2367,2367,6,3,2024-12-18,2024-12-18,2024-12-21,2024-12-21,On-Time,3,0
2368,2368,5,4,2024-12-07,2024-12-07,2024-12-09,2024-12-09,On-Time,2,0
2369,2369,6,3,2024-10-17,2024-10-17,2024-10-21,2024-10-31,Delayed,14,10
2370,2370,8,5,2024-10-06,2024-10-06,2024-10-10,2024-10-10,On-Time,4,0
2371,2371,7,5,2024-11-19,2024-11-19,2024-11-24,2024-11-24,On-Time,5,0
2372,2372,6,5,2024-11-03,2024-11-03,2024-11-07,2024-11-11,Delayed,8,4
2373,2373,1,1,2024-10-14,2024-10-14,2024-10-16,2024-10-16,On-Time,2,0
2374,2374,7,4,2024-11-30,2024-11-30,2024-12-02,2024-12-02,On-Time,2,0
2375,2375,1,4,2024-11-11,2024-11-11,2024-11-12,2024-11-12,On-Time,1,0
2376,2376,6,1,2025-01-02,2025-01-02,2025-01-04,2025-01-08,Delayed,6,4
2377,2377,8,3,2024-11-03,2024-11-03,2024-11-06,2024-11-06,On-Time,3,0
2378,2378,3,4,2024-10-31,2024-10-31,2024-11-01,2024-11-05,Delayed,5,4
2379,2379,6,2,2024-12-07,2024-12-07,2024-12-08,2024-12-08,On-Time,1,0
2380,2380,4,2,2024-10-19,2024-10-19,2024-10-20,2024-10-20,On-Time,1,0
2381,2381,7,1,2024-11-04,2024-11-04,2024-11-06,2024-11-06,On-Time,2,0
2382,2382,6,5,2024-11-15,2024-11-15,2024-11-20,2024-12-04,Delayed,19,14
2383,2383,6,4,2024-12-17,2024-12-17,2024-12-18,2024-12-31,Delayed,14,13
2384,2384,3,1,2024-12-12,2024-12-12,2024-12-14,2024-12-14,On-Time,2,0
2385,2385,5,2,2024-12-28,2024-12-28,2024-12-30,2024-12-30,On-Time,2,0
2386,2386,6,2,2024-12-29,2024-12-29,2024-12-30,2025-01-08,Delayed,10,9
2387,2387,6,2,2024-12-10,2024-12-10,2024-12-12,2024-12-26,Delayed,16,14
2388,2388,1,2,2024-12-08,2024-12-08,2024-12-10,2024-12-10,On-Time,2,0
2389,2389,6,4,2024-12-12,2024-12-12,2024-12-14,2024-12-13,On-Time,1,0
2390,2390,6,1,2024-12-28,2024-12-28,2024-12-30,2025-01-10,Delayed,13,11
2391,2391,1,4,2024-12-27,2024-12-27,2024-12-28,2024-12-29,Delayed,2,1
2392,2392,8,1,2024-12-03,2024-12-03,2024-12-05,2024-12-06,Delayed,3,1
2393,2393,3,4,2024-10-18,2024-10-18,2024-10-19,2024-10-19,On-Time,1,0
2394,2394,4,3,2024-11-21,2024-11-21,2024-11-25,2024-11-25,On-Time,4,0
2395,2395,1,2,2024-12-10,2024-12-10,2024-12-12,2024-12-12,On-Time,2,0
2396,2396,7,1,2024-11-09,2024-11-09,2024-11-11,2024-11-17,Delayed,8,6
2397,2397,8,1,2024-10-18,2024-10-18,2024-10-21,2024-10-21,On-Time,3,0
2398,2398,1,1,2024-12-03,2024-12-03,2024-12-06,2024-12-06,On-Time,3,0
2399,2399,6,4,2024-12-02,2024-12-02,2024-12-03,2024-12-17,Delayed,15,14
2400,2400,8,3,2024-11-30,2024-11-30,2024-12-03,2024-12-03,On-Time,3,0
2401,2401,6,5,2024-12-16,2024-12-16,2024-12-20,2024-12-30,Delayed,14,10
2402,2402,1,5,2024-11-07,2024-11-07,2024-11-12,2024-11-16,Delayed,9,4
2403,2403,1,3,2024-11-30,2024-11-30,2024-12-04,2024-12-04,On-Time,4,0
2404,2404,8,5,2024-12-01,2024-12-01,2024-12-06,2024-12-08,Delayed,7,2
2405,2405,2,5,2024-12-11,2024-12-11,2024-12-15,,Cancelled,0,0
2406,2406,1,1,2024-10-24,2024-10-24,2024-10-26,2024-10-26,On-Time,2,0
2407,2407,1,4,2024-10-14,2024-10-14,2024-10-15,2024-10-15,On-Time,1,0
2408,2408,1,1,2024-10-22,2024-10-22,2024-10-24,2024-10-24,On-Time,2,0
2409,2409,3,3,2024-11-07,2024-11-07,2024-11-10,2024-11-23,Delayed,16,13
2410,2410,6,2,2024-11-15,2024-11-15,2024-11-16,2024-11-30,Delayed,15,14
2411,2411,4,5,2024-12-27,2024-12-27,2024-12-31,2024-12-31,On-Time,4,0
2412,2412,2,2,2024-11-15,2024-11-15,2024-11-17,2024-11-20,Delayed,5,3
2413,2413,1,2,2024-10-12,2024-10-12,2024-10-13,2024-10-15,Delayed,3,2
2414,2414,5,3,2024-12-06,2024-12-06,2024-12-10,2024-12-10,On-Time,4,0
2415,2415,6,4,2024-10-28,2024-10-28,2024-10-30,2024-11-05,Delayed,8,6
2416,2416,6,3,2024-12-01,2024-12-01,2024-12-04,2024-12-17,Delayed,16,13
2417,2417,1,1,2024-11-10,2024-11-10,2024-11-12,2024-11-12,On-Time,2,0
2418,2418,1,2,2024-11-04,2024-11-04,2024-11-06,2024-11-06,On-Time,2,0
2419,2419,6,3,2024-12-01,2024-12-01,2024-12-04,2024-12-03,On-Time,2,0
2420,2420,1,4,2024-11-10,2024-11-10,2024-11-11,2024-11-12,Delayed,2,1
2421,2421,6,4,2024-11-13,2024-11-13,2024-11-14,2024-11-26,Delayed,13,12
2422,2422,3,4,2024-12-10,2024-12-10,2024-12-11,2024-12-23,Delayed,13,12
2423,2423,1,4,2024-12-10,2024-12-10,2024-12-12,,Cancelled,0,0
2424,2424,5,3,2024-11-02,2024-11-02,2024-11-06,2024-11-11,Delayed,9,5
2425,2425,2,2,2024-12-27,2024-12-27,2024-12-29,2024-12-29,On-Time,2,0
2426,2426,1,4,2024-12-28,2024-12-28,2024-12-29,2025-01-03,Delayed,6,5
2427,2427,1,5,2024-12-28,2024-12-28,2025-01-02,2025-01-02,On-Time,5,0
2428,2428,8,1,2024-12-10,2024-12-10,2024-12-12,2024-12-12,On-Time,2,0
2429,2429,7,2,2024-11-02,2024-11-02,2024-11-04,2024-11-04,On-Time,2,0
2430,2430,4,1,2024-11-23,2024-11-23,2024-11-26,2024-11-29,Delayed,6,3
2431,2431,4,1,2024-12-08,2024-12-08,2024-12-11,2024-12-12,Delayed,4,1
2432,2432,1,5,2024-10-11,2024-10-11,2024-10-15,2024-10-15,On-Time,4,0
2433,2433,2,4,2024-10-10,2024-10-10,2024-10-12,2024-10-12,On-Time,2,0
2434,2434,8,2,2024-12-21,2024-12-21,2024-12-22,2024-12-22,On-Time,1,0
2435,2435,8,5,2024-10-28,2024-10-28,2024-11-01,2024-11-01,On-Time,4,0
2436,2436,5,5,2024-10-31,2024-10-31,2024-11-05,2024-11-11,Delayed,11,6
2437,2437,5,1,2024-12-25,2024-12-25,2024-12-28,2024-12-28,On-Time,3,0
2438,2438,6,1,2024-12-18,2024-12-18,2024-12-20,2024-12-29,Delayed,11,9
2439,2439,6,3,2024-11-30,2024-11-30,2024-12-04,2024-12-04,On-Time,4,0
2440,2440,1,4,2024-12-07,2024-12-07,2024-12-09,2024-12-09,On-Time,2,0
2441,2441,4,3,2024-10-05,2024-10-05,2024-10-08,2024-10-08,On-Time,3,0
2442,2442,5,3,2024-11-08,2024-11-08,2024-11-11,2024-11-11,On-Time,3,0
2443,2443,4,2,2024-12-05,2024-12-05,2024-12-07,2024-12-07,On-Time,2,0
2444,2444,6,1,2024-11-08,2024-11-08,2024-11-11,2024-11-25,Delayed,17,14
2445,2445,6,4,2024-11-26,2024-11-26,2024-11-27,2024-12-04,Delayed,8,7
2446,2446,2,1,2024-11-14,2024-11-14,2024-11-16,2024-11-22,Delayed,8,6
2447,2447,8,5,2024-10-19,2024-10-19,2024-10-24,2024-10-24,On-Time,5,0
2448,2448,6,5,2024-11-18,2024-11-18,2024-11-22,2024-12-02,Delayed,14,10
2449,2449,1,1,2024-12-08,2024-12-08,2024-12-11,2024-12-11,On-Time,3,0
2450,2450,6,3,2024-11-02,2024-11-02,2024-11-05,2024-11-10,Delayed,8,5
2451,2451,8,1,2024-12-26,2024-12-26,2024-12-29,2024-12-29,On-Time,3,0
2452,2452,3,2,2024-11-17,2024-11-17,2024-11-19,2024-11-19,On-Time,2,0
2453,2453,6,2,2024-10-14,2024-10-14,2024-10-15,2024-10-23,Delayed,9,8
2454,2454,8,4,2024-12-19,2024-12-19,2024-12-20,2024-12-20,On-Time,1,0
2455,2455,6,4,2024-10-13,2024-10-13,2024-10-14,2024-10-14,On-Time,1,0
2456,2456,6,5,2024-10-12,2024-10-12,2024-10-17,2024-10-21,Delayed,9,4
2457,2457,7,3,2024-11-25,2024-11-25,2024-11-28,2024-11-28,On-Time,3,0
2458,2458,2,4,2024-11-18,2024-11-18,2024-11-20,2024-11-20,On-Time,2,0
2459,2459,8,5,2024-10-15,2024-10-15,2024-10-20,2024-10-20,On-Time,5,0
2460,2460,1,3,2024-10-11,2024-10-11,2024-10-15,2024-10-15,On-Time,4,0
2461,2461,1,2,2024-11-23,2024-11-23,2024-11-25,2024-11-29,Delayed,6,4
2462,2462,1,1,2024-12-03,2024-12-03,2024-12-06,2024-12-06,On-Time,3,0
2463,2463,8,1,2024-11-02,2024-11-02,2024-11-05,2024-11-05,On-Time,3,0
2464,2464,2,4,2024-10-14,2024-10-14,2024-10-15,2024-10-21,Delayed,7,6
2465,2465,5,3,2024-11-20,2024-11-20,2024-11-24,2024-11-24,On-Time,4,0
2466,2466,5,3,2024-10-08,2024-10-08,2024-10-11,2024-10-11,On-Time,3,0
2467,2467,3,2,2024-10-28,2024-10-28,2024-10-29,2024-11-07,Delayed,10,9
2468,2468,6,5,2024-12-08,2024-12-08,2024-12-13,2024-12-22,Delayed,14,9
2469,2469,8,4,2024-10-27,2024-10-27,2024-10-29,,Cancelled,0,0
2470,2470,1,4,2024-11-10,2024-11-10,2024-11-11,2024-11-11,On-Time,1,0
2471,2471,1,2,2024-12-09,2024-12-09,2024-12-11,2024-12-13,Delayed,4,2
2472,2472,7,5,2024-10-10,2024-10-10,2024-10-14,2024-10-14,On-Time,4,0
2473,2473,2,1,2024-11-19,2024-11-19,2024-11-22,,Cancelled,0,0
2474,2474,1,3,2024-10-21,2024-10-21,2024-10-24,2024-10-24,On-Time,3,0
2475,2475,4,2,2024-10-21,2024-10-21,2024-10-23,2024-10-23,On-Time,2,0
2476,2476,6,2,2024-11-04,2024-11-04,2024-11-06,2024-11-16,Delayed,12,10
2477,2477,7,3,2024-11-23,2024-11-23,2024-11-27,2024-11-27,On-Time,4,0
2478,2478,6,1,2024-10-29,2024-10-29,2024-11-01,2024-11-08,Delayed,10,7
2479,2479,3,4,2024-10-17,2024-10-17,2024-10-19,2024-11-01,Delayed,15,13
2480,2480,1,5,2024-12-17,2024-12-17,2024-12-22,2024-12-22,On-Time,5,0
2481,2481,1,2,2024-10-23,2024-10-23,2024-10-25,2024-10-28,Delayed,5,3
2482,2482,2,1,2024-11-21,2024-11-21,2024-11-23,2024-11-23,On-Time,2,0
2483,2483,3,5,2024-12-16,2024-12-16,2024-12-21,2024-12-20,On-Time,4,0
2484,2484,7,1,2024-10-23,2024-10-23,2024-10-25,,Cancelled,0,0
2485,2485,6,5,2024-12-11,2024-12-11,2024-12-16,2024-12-29,Delayed,18,13
2486,2486,7,1,2024-10-06,2024-10-06,2024-10-09,2024-10-09,On-Time,3,0
2487,2487,8,3,2024-10-04,2024-10-04,2024-10-07,2024-10-07,On-Time,3,0
2488,2488,3,5,2024-11-06,2024-11-06,2024-11-10,2024-11-24,Delayed,18,14
2489,2489,7,1,2024-10-24,2024-10-24,2024-10-27,2024-10-27,On-Time,3,0
2490,2490,1,4,2024-11-18,2024-11-18,2024-11-20,2024-11-20,On-Time,2,0
2491,2491,6,2,2024-12-14,2024-12-14,2024-12-15,2024-12-15,On-Time,1,0
2492,2492,1,3,2024-11-05,2024-11-05,2024-11-09,2024-11-09,On-Time,4,0
2493,2493,3,1,2024-10-28,2024-10-28,2024-10-31,2024-11-10,Delayed,13,10
2494,2494,5,4,2024-11-02,2024-11-02,2024-11-03,2024-11-03,On-Time,1,0
2495,2495,4,1,2024-12-25,2024-12-25,2024-12-27,2024-12-27,On-Time,2,0
2496,2496,5,3,2024-10-11,2024-10-11,2024-10-14,,Cancelled,0,0
2497,2497,5,1,2024-10-18,2024-10-18,2024-10-21,2024-10-21,On-Time,3,0
2498,2498,6,1,2024-12-13,2024-12-13,2024-12-16,2024-12-27,Delayed,14,11
2499,2499,1,5,2024-12-29,2024-12-29,2025-01-02,2025-01-06,Delayed,8,4
2500,2500,3,3,2024-11-17,2024-11-17,2024-11-20,2024-11-29,Delayed,12,9
2501,2501,6,1,2024-11-29,2024-11-29,2024-12-02,2024-12-02,On-Time,3,0
2502,2502,2,4,2024-11-27,2024-11-27,2024-11-28,2024-12-01,Delayed,4,3
2503,2503,3,4,2024-11-15,2024-11-15,2024-11-17,2024-11-21,Delayed,6,4
2504,2504,4,3,2024-11-09,2024-11-09,2024-11-13,2024-11-13,On-Time,4,0
2505,2505,4,3,2024-12-24,2024-12-24,2024-12-28,2025-01-02,Delayed,9,5
2506,2506,8,1,2025-01-01,2025-01-01,2025-01-03,2025-01-03,On-Time,2,0
2507,2507,7,3,2024-11-04,2024-11-04,2024-11-08,2024-11-08,On-Time,4,0
2508,2508,4,5,2024-11-26,2024-11-26,2024-12-01,,Cancelled,0,0
2509,2509,7,4,2024-11-05,2024-11-05,2024-11-07,2024-11-08,Delayed,3,1
2510,2510,4,2,2024-12-05,2024-12-05,2024-12-07,2024-12-07,On-Time,2,0
2511,2511,4,4,2024-12-26,2024-12-26,2024-12-28,2024-12-28,On-Time,2,0
2512,2512,8,5,2024-12-24,2024-12-24,2024-12-28,2024-12-28,On-Time,4,0
2513,2513,8,4,2024-12-27,2024-12-27,2024-12-29,2024-12-29,On-Time,2,0
2514,2514,6,1,2024-11-01,2024-11-01,2024-11-03,2024-11-13,Delayed,12,10
2515,2515,2,5,2024-11-16,2024-11-16,2024-11-21,2024-11-27,Delayed,11,6
2516,2516,5,5,2024-11-16,2024-11-16,2024-11-20,2024-11-20,On-Time,4,0
2517,2517,5,4,2024-11-22,2024-11-22,2024-11-23,2024-11-24,Delayed,2,1
2518,2518,1,2,2024-12-19,2024-12-19,2024-12-21,2024-12-21,On-Time,2,0
2519,2519,6,3,2024-12-13,2024-12-13,2024-12-17,2024-12-17,On-Time,4,0
2520,2520,5,5,2024-10-16,2024-10-16,2024-10-20,2024-10-25,Delayed,9,5
2521,2521,7,3,2024-12-15,2024-12-15,2024-12-19,2024-12-19,On-Time,4,0
2522,2522,5,5,2024-11-04,2024-11-04,2024-11-09,2024-11-13,Delayed,9,4
2523,2523,6,1,2024-10-02,2024-10-02,2024-10-05,2024-10-14,Delayed,12,9
2524,2524,6,2,2024-11-23,2024-11-23,2024-11-24,2024-12-04,Delayed,11,10
2525,2525,5,1,2024-10-19,2024-10-19,2024-10-21,2024-10-27,Delayed,8,6
2526,2526,6,3,2024-10-04,2024-10-04,2024-10-08,2024-10-07,On-Time,3,0
2527,2527,4,5,2024-12-14,2024-12-14,2024-12-19,2024-12-19,On-Time,5,0
2528,2528,5,4,2024-10-12,2024-10-12,2024-10-14,2024-10-14,On-Time,2,0
2529,2529,1,4,2024-12-07,2024-12-07,2024-12-08,2024-12-08,On-Time,1,0
2530,2530,6,5,2024-12-25,2024-12-25,2024-12-29,2025-01-05,Delayed,11,7
2531,2531,6,1,2024-10-16,2024-10-16,2024-10-19,2024-10-29,Delayed,13,10
2532,2532,4,5,2025-01-01,2025-01-01,2025-01-05,2025-01-11,Delayed,10,6
2533,2533,6,4,2024-10-05,2024-10-05,2024-10-06,2024-10-10,Delayed,5,4
2534,2534,5,1,2024-10-08,2024-10-08,2024-10-10,2024-10-10,On-Time,2,0
2535,2535,2,1,2024-10-16,2024-10-16,2024-10-18,2024-10-24,Delayed,8,6
2536,2536,7,3,2024-11-07,2024-11-07,2024-11-10,2024-11-10,On-Time,3,0
2537,2537,2,1,2024-12-07,2024-12-07,2024-12-10,2024-12-10,On-Time,3,0
2538,2538,1,4,2024-11-28,2024-11-28,2024-11-29,2024-11-29,On-Time,1,0
2539,2539,4,3,2024-10-29,2024-10-29,2024-11-02,2024-11-02,On-Time,4,0
2540,2540,2,3,2024-11-24,2024-11-24,2024-11-28,2024-11-28,On-Time,4,0
2541,2541,1,1,2024-12-31,2024-12-31,2025-01-02,2025-01-02,On-Time,2,0
2542,2542,1,3,2024-10-14,2024-10-14,2024-10-17,2024-10-17,On-Time,3,0
2543,2543,6,4,2024-10-19,2024-10-19,2024-10-20,2024-10-26,Delayed,7,6
2544,2544,8,3,2024-11-16,2024-11-16,2024-11-19,2024-11-19,On-Time,3,0
2545,2545,6,1,2024-12-02,2024-12-02,2024-12-05,2024-12-18,Delayed,16,13
2546,2546,4,1,2024-12-21,2024-12-21,2024-12-23,2024-12-23,On-Time,2,0
2547,2547,1,1,2024-11-17,2024-11-17,2024-11-19,,Cancelled,0,0
2548,2548,1,5,2024-12-19,2024-12-19,2024-12-23,2024-12-26,Delayed,7,3
2549,2549,6,3,2024-10-31,2024-10-31,2024-11-03,2024-11-03,On-Time,3,0
2550,2550,5,5,2024-12-10,2024-12-10,2024-12-14,2024-12-14,On-Time,4,0
2551,2551,3,3,2024-12-04,2024-12-04,2024-12-07,2024-12-17,Delayed,13,10
2552,2552,6,2,2024-10-29,2024-10-29,2024-10-31,2024-11-14,Delayed,16,14
2553,2553,1,5,2024-11-22,2024-11-22,2024-11-26,2024-11-26,On-Time,4,0
2554,2554,6,4,2024-12-05,2024-12-05,2024-12-07,2024-12-06,On-Time,1,0
2555,2555,7,4,2024-10-14,2024-10-14,2024-10-15,2024-10-15,On-Time,1,0
2556,2556,6,3,2024-10-06,2024-10-06,2024-10-09,2024-10-17,Delayed,11,8
2557,2557,6,1,2024-11-12,2024-11-12,2024-11-14,2024-11-27,Delayed,15,13
2558,2558,2,1,2024-11-30,2024-11-30,2024-12-02,2024-12-02,On-Time,2,0
2559,2559,8,2,2024-11-22,2024-11-22,2024-11-24,2024-11-24,On-Time,2,0
2560,2560,4,3,2024-10-07,2024-10-07,2024-10-10,2024-10-10,On-Time,3,0
2561,2561,4,3,2024-10-14,2024-10-14,2024-10-18,2024-10-19,Delayed,5,1
2562,2562,5,4,2024-11-21,2024-11-21,2024-11-22,2024-11-28,Delayed,7,6
2563,2563,3,4,2024-11-11,2024-11-11,2024-11-12,,Cancelled,0,0
2564,2564,6,2,2024-10-05,2024-10-05,2024-10-07,2024-10-12,Delayed,7,5
2565,2565,2,1,2024-10-29,2024-10-29,2024-11-01,2024-11-01,On-Time,3,0
2566,2566,4,5,2024-10-19,2024-10-19,2024-10-24,2024-10-25,Delayed,6,1
2567,2567,8,5,2024-12-03,2024-12-03,2024-12-08,2024-12-08,On-Time,5,0
2568,2568,2,2,2024-10-05,2024-10-05,2024-10-07,2024-10-07,On-Time,2,0
2569,2569,4,1,2024-10-03,2024-10-03,2024-10-05,2024-10-08,Delayed,5,3
2570,2570,3,5,2024-12-17,2024-12-17,2024-12-22,2024-12-30,Delayed,13,8
